ISO-10303-21;
HEADER;
FILE_DESCRIPTION (( 'STEP AP214' ),
    '1' );
FILE_NAME ('support capteur PV assemblé.STEP',
    '2025-10-09T11:10:17',
    ( '' ),
    ( '' ),
    'SwSTEP 2.0',
    'SolidWorks 2023',
    '' );
FILE_SCHEMA (( 'AUTOMOTIVE_DESIGN' ));
ENDSEC;

DATA;
#1 = CARTESIAN_POINT ( 'NONE',  ( 30.50000000000000000, 2.000000000000003997, 2.000000000000000000 ) ) ;
#2 = ADVANCED_FACE ( 'NONE', ( #4347 ), #4054, .F. ) ;
#3 = DIRECTION ( 'NONE',  ( -4.336808689942018229E-16, 1.000000000000000000, 0.000000000000000000 ) ) ;
#4 = LINE ( 'NONE', #2431, #923 ) ;
#5 = CARTESIAN_POINT ( 'NONE',  ( 10.00000000000000178, -7.372574772901430151E-15, 59.99999999999998579 ) ) ;
#6 = CARTESIAN_POINT ( 'NONE',  ( 0.000000000000000000, 4.599999999999999645, 0.000000000000000000 ) ) ;
#7 = VECTOR ( 'NONE', #3305, 1000.000000000000000 ) ;
#8 = CARTESIAN_POINT ( 'NONE',  ( 22.50000000000001066, 28.99999999999999645, 8.249999999999998224 ) ) ;
#9 = CARTESIAN_POINT ( 'NONE',  ( 5.250000000000000888, 1.189130434782606605, -3.500000000000000444 ) ) ;
#10 = EDGE_CURVE ( 'NONE', #1872, #684, #3545, .T. ) ;
#11 = ORIENTED_EDGE ( 'NONE', *, *, #2991, .F. ) ;
#12 = CARTESIAN_POINT ( 'NONE',  ( 25.75000000000000355, 24.36067977499790871, -4.999999999999995559 ) ) ;
#13 = ORIENTED_EDGE ( 'NONE', *, *, #1704, .F. ) ;
#14 = AXIS2_PLACEMENT_3D ( 'NONE', #4242, #3973, #4709 ) ;
#15 = CARTESIAN_POINT ( 'NONE',  ( 2.000000000000000000, 1.999999999999993117, 57.99999999999997868 ) ) ;
#16 = VECTOR ( 'NONE', #1427, 1000.000000000000000 ) ;
#17 = EDGE_LOOP ( 'NONE', ( #2754, #4723, #5087, #4941 ) ) ;
#18 = ORIENTED_EDGE ( 'NONE', *, *, #926, .T. ) ;
#19 = VECTOR ( 'NONE', #3776, 1000.000000000000000 ) ;
#20 = DIRECTION ( 'NONE',  ( -0.7071067811865469066, 0.000000000000000000, -0.7071067811865481278 ) ) ;
#21 = DIRECTION ( 'NONE',  ( 0.000000000000000000, -1.000000000000000000, 0.000000000000000000 ) ) ;
#22 = PLANE ( 'NONE',  #727 ) ;
#23 = PRODUCT_CONTEXT ( 'NONE', #3797, 'mechanical' ) ;
#24 = VERTEX_POINT ( 'NONE', #1508 ) ;
#25 = LINE ( 'NONE', #3287, #1220 ) ;
#26 = ORIENTED_EDGE ( 'NONE', *, *, #1175, .T. ) ;
#27 = LINE ( 'NONE', #410, #4248 ) ;
#28 = CARTESIAN_POINT ( 'NONE',  ( 18.25000000000000000, 5.500000000000005329, -0.5000000000000000000 ) ) ;
#29 = LINE ( 'NONE', #855, #4082 ) ;
#30 = LINE ( 'NONE', #4577, #4122 ) ;
#31 = LINE ( 'NONE', #3247, #4489 ) ;
#32 = DIRECTION ( 'NONE',  ( 0.000000000000000000, -1.000000000000000000, 0.000000000000000000 ) ) ;
#33 = PLANE ( 'NONE',  #342 ) ;
#34 = EDGE_CURVE ( 'NONE', #4786, #4729, #3144, .T. ) ;
#35 = ORIENTED_EDGE ( 'NONE', *, *, #143, .F. ) ;
#36 = AXIS2_PLACEMENT_3D ( 'NONE', #2096, #4123, #432 ) ;
#37 = CARTESIAN_POINT ( 'NONE',  ( 60.00000000000000000, -1.999999999999987121, 14.40000000000000213 ) ) ;
#38 = ORIENTED_EDGE ( 'NONE', *, *, #3648, .F. ) ;
#39 = CARTESIAN_POINT ( 'NONE',  ( 13.29999999999999893, 5.949999999999999289, 0.000000000000000000 ) ) ;
#40 = ADVANCED_BREP_SHAPE_REPRESENTATION ( '', ( #3993, #3931 ), #1099 ) ;
#41 = AXIS2_PLACEMENT_3D ( 'NONE', #5196, #1025, #3953 ) ;
#42 = ORIENTED_EDGE ( 'NONE', *, *, #1229, .F. ) ;
#43 = EDGE_CURVE ( 'NONE', #2654, #206, #704, .T. ) ;
#44 = CARTESIAN_POINT ( 'NONE',  ( 5.749999999999994671, -1.000000000000000222, -1.974742963625110575E-15 ) ) ;
#45 = VECTOR ( 'NONE', #4399, 1000.000000000000000 ) ;
#46 = CYLINDRICAL_SURFACE ( 'NONE', #3721, 10.00000000000000178 ) ;
#47 = DIRECTION ( 'NONE',  ( 0.000000000000000000, -1.000000000000000000, 0.000000000000000000 ) ) ;
#48 = VERTEX_POINT ( 'NONE', #2561 ) ;
#49 = LINE ( 'NONE', #3696, #3895 ) ;
#50 = EDGE_LOOP ( 'NONE', ( #1854, #3204, #2288, #1546 ) ) ;
#51 = CARTESIAN_POINT ( 'NONE',  ( 0.000000000000000000, 0.000000000000000000, 0.000000000000000000 ) ) ;
#52 = AXIS2_PLACEMENT_3D ( 'NONE', #1783, #3005, #1754 ) ;
#53 = DIRECTION ( 'NONE',  ( -1.000000000000000000, 0.000000000000000000, 0.000000000000000000 ) ) ;
#54 = FACE_OUTER_BOUND ( 'NONE', #5002, .T. ) ;
#55 = CARTESIAN_POINT ( 'NONE',  ( 5.103553390593275729, 2.595497678669857589, -3.500000000000000444 ) ) ;
#56 = LINE ( 'NONE', #2923, #2188 ) ;
#57 = EDGE_CURVE ( 'NONE', #2468, #4012, #1665, .T. ) ;
#58 = VECTOR ( 'NONE', #4260, 1000.000000000000000 ) ;
#59 = CARTESIAN_POINT ( 'NONE',  ( 60.00000000000000000, 1.999999999999997335, 16.40000000000000213 ) ) ;
#60 = CARTESIAN_POINT ( 'NONE',  ( 10.75000000000000000, 24.36067977499790871, -5.000000000000000000 ) ) ;
#61 = EDGE_CURVE ( 'NONE', #1737, #1869, #805, .T. ) ;
#62 = ORIENTED_EDGE ( 'NONE', *, *, #2848, .T. ) ;
#63 = DIRECTION ( 'NONE',  ( 1.000000000000000000, 0.000000000000000000, 0.000000000000000000 ) ) ;
#64 = VERTEX_POINT ( 'NONE', #4521 ) ;
#65 = EDGE_CURVE ( 'NONE', #24, #4340, #3293, .T. ) ;
#66 = LINE ( 'NONE', #4482, #608 ) ;
#67 = ORIENTED_EDGE ( 'NONE', *, *, #3443, .F. ) ;
#68 = VECTOR ( 'NONE', #4595, 1000.000000000000000 ) ;
#69 = ORIENTED_EDGE ( 'NONE', *, *, #635, .T. ) ;
#70 = DIRECTION ( 'NONE',  ( 1.000000000000000000, 1.239088197126291063E-16, 0.000000000000000000 ) ) ;
#71 = LINE ( 'NONE', #4116, #1734 ) ;
#72 = CARTESIAN_POINT ( 'NONE',  ( 15.37500000000000000, 30.99999999999999645, 37.49999999999999289 ) ) ;
#73 = EDGE_CURVE ( 'NONE', #3563, #3152, #3676, .T. ) ;
#74 = EDGE_CURVE ( 'NONE', #1690, #2270, #29, .T. ) ;
#75 = VERTEX_POINT ( 'NONE', #1305 ) ;
#76 = CIRCLE ( 'NONE', #4449, 10.00000000000000178 ) ;
#77 = DIRECTION ( 'NONE',  ( -0.000000000000000000, 1.084202172485504187E-16, -1.000000000000000000 ) ) ;
#78 = VERTEX_POINT ( 'NONE', #2101 ) ;
#79 = CARTESIAN_POINT ( 'NONE',  ( 0.4999999999999865663, 1.199999999999999956, -22.59999999999999432 ) ) ;
#80 = VERTEX_POINT ( 'NONE', #1640 ) ;
#81 = PLANE ( 'NONE',  #2964 ) ;
#82 = LINE ( 'NONE', #5056, #4093 ) ;
#83 = LINE ( 'NONE', #1722, #4668 ) ;
#84 = CARTESIAN_POINT ( 'NONE',  ( 44.62500000000000000, 28.99999999999999645, 37.50000000000000711 ) ) ;
#85 = PLANE ( 'NONE',  #388 ) ;
#86 = CARTESIAN_POINT ( 'NONE',  ( 13.25000000000000178, 3.500000000000000000, -0.5000000000000000000 ) ) ;
#87 = DIRECTION ( 'NONE',  ( 0.000000000000000000, -1.000000000000000000, 0.000000000000000000 ) ) ;
#88 = ORIENTED_EDGE ( 'NONE', *, *, #4956, .F. ) ;
#89 = VECTOR ( 'NONE', #176, 1000.000000000000000 ) ;
#90 = LINE ( 'NONE', #1396, #3069 ) ;
#91 = DIRECTION ( 'NONE',  ( 0.000000000000000000, 0.000000000000000000, 1.000000000000000000 ) ) ;
#92 = ORIENTED_EDGE ( 'NONE', *, *, #1264, .F. ) ;
#93 = LINE ( 'NONE', #2492, #1629 ) ;
#94 = VERTEX_POINT ( 'NONE', #4892 ) ;
#95 = ORIENTED_EDGE ( 'NONE', *, *, #2641, .T. ) ;
#96 = CARTESIAN_POINT ( 'NONE',  ( 0.000000000000000000, 8.199999999999999289, -22.59999999999999787 ) ) ;
#97 = CARTESIAN_POINT ( 'NONE',  ( 0.4999999999999865663, 2.600000000000000089, -8.000000000000000000 ) ) ;
#98 = ADVANCED_FACE ( 'NONE', ( #4472 ), #2460, .F. ) ;
#99 = CIRCLE ( 'NONE', #787, 5.000000000000000888 ) ;
#100 = DIRECTION ( 'NONE',  ( -0.000000000000000000, 1.236370898448382630E-16, -1.000000000000000000 ) ) ;
#101 = ORIENTED_EDGE ( 'NONE', *, *, #1302, .F. ) ;
#102 = CARTESIAN_POINT ( 'NONE',  ( 10.00000000000000178, 33.99999999999999289, 59.99999999999998579 ) ) ;
#103 = ORIENTED_EDGE ( 'NONE', *, *, #1864, .T. ) ;
#104 = CARTESIAN_POINT ( 'NONE',  ( 13.29999999999999893, 5.949999999999999289, 2.000000000000000000 ) ) ;
#105 = ADVANCED_FACE ( 'NONE', ( #4077 ), #3754, .F. ) ;
#106 = VECTOR ( 'NONE', #3232, 1000.000000000000000 ) ;
#107 = ORIENTED_EDGE ( 'NONE', *, *, #2794, .T. ) ;
#108 = DIRECTION ( 'NONE',  ( -1.000000000000000000, 0.000000000000000000, 0.000000000000000000 ) ) ;
#109 = DIRECTION ( 'NONE',  ( 0.000000000000000000, 0.000000000000000000, 1.000000000000000000 ) ) ;
#110 = CARTESIAN_POINT ( 'NONE',  ( 0.000000000000000000, 31.99999999999999289, -10.09999999999999787 ) ) ;
#111 = CARTESIAN_POINT ( 'NONE',  ( 5.000000000000000000, 1.199999999999997957, -3.500000000000000444 ) ) ;
#112 = PLANE ( 'NONE',  #52 ) ;
#113 = CARTESIAN_POINT ( 'NONE',  ( 11.89999999999999325, 1.199999999999999956, -2.600000000000000089 ) ) ;
#114 = ORIENTED_EDGE ( 'NONE', *, *, #3509, .T. ) ;
#115 = DIRECTION ( 'NONE',  ( 0.000000000000000000, 0.000000000000000000, -1.000000000000000000 ) ) ;
#116 = DIRECTION ( 'NONE',  ( -1.000000000000000000, 0.000000000000000000, -0.000000000000000000 ) ) ;
#117 = ORIENTED_EDGE ( 'NONE', *, *, #3088, .F. ) ;
#118 = LINE ( 'NONE', #39, #353 ) ;
#119 = VECTOR ( 'NONE', #4281, 1000.000000000000000 ) ;
#120 = ORIENTED_EDGE ( 'NONE', *, *, #2909, .F. ) ;
#121 = VERTEX_POINT ( 'NONE', #4946 ) ;
#122 = CARTESIAN_POINT ( 'NONE',  ( 37.59999999999999432, -0.2999999999999999334, -2.899999999999999911 ) ) ;
#123 = VECTOR ( 'NONE', #4707, 1000.000000000000000 ) ;
#124 = EDGE_CURVE ( 'NONE', #2413, #1924, #4496, .T. ) ;
#125 = DIRECTION ( 'NONE',  ( 0.000000000000000000, 0.000000000000000000, -1.000000000000000000 ) ) ;
#126 = AXIS2_PLACEMENT_3D ( 'NONE', #2488, #3325, #4950 ) ;
#127 = VECTOR ( 'NONE', #3642, 1000.000000000000000 ) ;
#128 = EDGE_CURVE ( 'NONE', #259, #3496, #882, .T. ) ;
#129 = LINE ( 'NONE', #4147, #4015 ) ;
#130 = ORIENTED_EDGE ( 'NONE', *, *, #4094, .T. ) ;
#131 = AXIS2_PLACEMENT_3D ( 'NONE', #1893, #1535, #2700 ) ;
#132 = LINE ( 'NONE', #4541, #384 ) ;
#133 = ORIENTED_EDGE ( 'NONE', *, *, #1296, .F. ) ;
#134 = DIRECTION ( 'NONE',  ( -1.000000000000000000, -1.323094176592479975E-16, -0.000000000000000000 ) ) ;
#135 = EDGE_CURVE ( 'NONE', #4355, #3605, #4101, .T. ) ;
#136 = FACE_OUTER_BOUND ( 'NONE', #1522, .T. ) ;
#137 = PLANE ( 'NONE',  #4763 ) ;
#138 = CARTESIAN_POINT ( 'NONE',  ( 4.999999999999997335, -6.071532165918824830E-15, 47.99999999999997868 ) ) ;
#139 = CARTESIAN_POINT ( 'NONE',  ( 60.50000000000000711, -2.499999999999982236, 4.000000000000016875 ) ) ;
#140 =( NAMED_UNIT ( * ) SI_UNIT ( $, .STERADIAN. ) SOLID_ANGLE_UNIT ( ) );
#141 = VECTOR ( 'NONE', #3418, 1000.000000000000000 ) ;
#142 = ORIENTED_EDGE ( 'NONE', *, *, #2574, .T. ) ;
#143 = EDGE_CURVE ( 'NONE', #158, #3152, #2898, .T. ) ;
#144 = ADVANCED_FACE ( 'NONE', ( #54 ), #1693, .T. ) ;
#145 = LINE ( 'NONE', #575, #1436 ) ;
#146 = VECTOR ( 'NONE', #1697, 1000.000000000000000 ) ;
#147 = DIRECTION ( 'NONE',  ( 0.000000000000000000, -0.000000000000000000, 1.000000000000000000 ) ) ;
#148 = ORIENTED_EDGE ( 'NONE', *, *, #994, .T. ) ;
#149 = CARTESIAN_POINT ( 'NONE',  ( 36.01774279923060362, 2.100000000000000089, 55.00000000000000000 ) ) ;
#150 = VECTOR ( 'NONE', #386, 1000.000000000000000 ) ;
#151 = VERTEX_POINT ( 'NONE', #3347 ) ;
#152 = VERTEX_POINT ( 'NONE', #4548 ) ;
#153 = LINE ( 'NONE', #1376, #4251 ) ;
#154 = CARTESIAN_POINT ( 'NONE',  ( -1.999999999999999556, -2.168404344971008868E-16, 57.00000000000000000 ) ) ;
#155 = VECTOR ( 'NONE', #875, 1000.000000000000000 ) ;
#156 = EDGE_CURVE ( 'NONE', #3357, #2178, #2947, .T. ) ;
#157 = LINE ( 'NONE', #4967, #4681 ) ;
#158 = VERTEX_POINT ( 'NONE', #489 ) ;
#159 = CARTESIAN_POINT ( 'NONE',  ( 60.00000000000000000, -6.000000000000000000, 1.999999999999999556 ) ) ;
#160 = VERTEX_POINT ( 'NONE', #2128 ) ;
#161 = CARTESIAN_POINT ( 'NONE',  ( 0.000000000000000000, 33.99999999999999289, -15.10000000000000142 ) ) ;
#162 = VECTOR ( 'NONE', #1388, 1000.000000000000000 ) ;
#163 = EDGE_CURVE ( 'NONE', #3209, #1730, #83, .T. ) ;
#164 = DIRECTION ( 'NONE',  ( -0.000000000000000000, 1.000000000000000000, 0.000000000000000000 ) ) ;
#165 = DIRECTION ( 'NONE',  ( 0.000000000000000000, -1.187392209762482313E-16, 1.000000000000000000 ) ) ;
#166 = CARTESIAN_POINT ( 'NONE',  ( 72.00000000000000000, 4.599999999999999645, 0.000000000000000000 ) ) ;
#167 = CARTESIAN_POINT ( 'NONE',  ( 60.00000000000000000, 33.99999999999999289, -15.10000000000000142 ) ) ;
#168 = CARTESIAN_POINT ( 'NONE',  ( 13.25000000000000355, 5.500000000000004441, -0.5000000000000000000 ) ) ;
#169 = DIRECTION ( 'NONE',  ( 1.000000000000000000, -0.000000000000000000, -0.000000000000000000 ) ) ;
#170 = EDGE_CURVE ( 'NONE', #3012, #2413, #413, .T. ) ;
#171 = CARTESIAN_POINT ( 'NONE',  ( 51.75000000000000000, 28.99999999999999645, 37.50000000000000711 ) ) ;
#172 = DIRECTION ( 'NONE',  ( -1.000000000000000000, 0.000000000000000000, -0.000000000000000000 ) ) ;
#173 = LINE ( 'NONE', #2569, #2870 ) ;
#174 = ORIENTED_EDGE ( 'NONE', *, *, #1613, .T. ) ;
#175 = ORIENTED_EDGE ( 'NONE', *, *, #981, .F. ) ;
#176 = DIRECTION ( 'NONE',  ( -1.000000000000000000, -0.000000000000000000, -0.000000000000000000 ) ) ;
#177 = EDGE_CURVE ( 'NONE', #2777, #2930, #4180, .T. ) ;
#178 = ORIENTED_EDGE ( 'NONE', *, *, #1807, .T. ) ;
#179 = ORIENTED_EDGE ( 'NONE', *, *, #4588, .F. ) ;
#180 = FACE_OUTER_BOUND ( 'NONE', #5218, .T. ) ;
#181 = CARTESIAN_POINT ( 'NONE',  ( 5.250000000000000888, 2.600000000000000089, -3.000000000000000000 ) ) ;
#182 = CARTESIAN_POINT ( 'NONE',  ( 0.000000000000000000, 4.099999999999999645, 53.00000000000000000 ) ) ;
#183 = ORIENTED_EDGE ( 'NONE', *, *, #5191, .F. ) ;
#184 = DIRECTION ( 'NONE',  ( -0.000000000000000000, 0.000000000000000000, -1.000000000000000000 ) ) ;
#185 = VERTEX_POINT ( 'NONE', #5057 ) ;
#186 = PLANE ( 'NONE',  #3350 ) ;
#187 = AXIS2_PLACEMENT_3D ( 'NONE', #4464, #4440, #769 ) ;
#188 = PRODUCT_DEFINITION_SHAPE ( 'NONE', 'NONE',  #5291 ) ;
#189 = EDGE_CURVE ( 'NONE', #2970, #1737, #2209, .T. ) ;
#190 = AXIS2_PLACEMENT_3D ( 'NONE', #4389, #403, #2045 ) ;
#191 = CARTESIAN_POINT ( 'NONE',  ( 60.00000000000000000, -4.000000000000000000, 0.000000000000000000 ) ) ;
#192 = CARTESIAN_POINT ( 'NONE',  ( 0.000000000000000000, 2.000000000000000000, 2.374784419524964626E-16 ) ) ;
#193 = DIRECTION ( 'NONE',  ( -0.000000000000000000, -0.000000000000000000, 1.000000000000000000 ) ) ;
#194 = CARTESIAN_POINT ( 'NONE',  ( 36.01774279923060362, 4.099999999999999645, 53.00000000000000000 ) ) ;
#195 = AXIS2_PLACEMENT_3D ( 'NONE', #5258, #1931, #1598 ) ;
#196 = DIRECTION ( 'NONE',  ( 0.000000000000000000, 0.000000000000000000, 1.000000000000000000 ) ) ;
#197 = CARTESIAN_POINT ( 'NONE',  ( 48.00000000000000000, 18.99999999999999645, 12.00000000000000000 ) ) ;
#198 = ORIENTED_EDGE ( 'NONE', *, *, #879, .T. ) ;
#199 = EDGE_CURVE ( 'NONE', #1539, #3413, #3377, .T. ) ;
#200 = LINE ( 'NONE', #917, #3752 ) ;
#201 = ORIENTED_EDGE ( 'NONE', *, *, #2544, .T. ) ;
#202 = LINE ( 'NONE', #654, #1412 ) ;
#203 = ORIENTED_EDGE ( 'NONE', *, *, #555, .T. ) ;
#204 = LINE ( 'NONE', #1371, #3600 ) ;
#205 = EDGE_CURVE ( 'NONE', #4067, #971, #1419, .T. ) ;
#206 = VERTEX_POINT ( 'NONE', #5084 ) ;
#207 = PRODUCT_RELATED_PRODUCT_CATEGORY ( 'part', '', ( #1081 ) ) ;
#208 = ORIENTED_EDGE ( 'NONE', *, *, #1119, .T. ) ;
#209 = DIRECTION ( 'NONE',  ( 0.000000000000000000, 1.000000000000000000, 0.000000000000000000 ) ) ;
#210 = LINE ( 'NONE', #1033, #4804 ) ;
#211 = ORIENTED_EDGE ( 'NONE', *, *, #5011, .F. ) ;
#212 = EDGE_CURVE ( 'NONE', #3889, #534, #2158, .T. ) ;
#213 = VECTOR ( 'NONE', #1609, 1000.000000000000000 ) ;
#214 = VERTEX_POINT ( 'NONE', #3001 ) ;
#215 = DIRECTION ( 'NONE',  ( -0.1391731009600624958, 0.9902680687415708061, -6.996511273166514407E-18 ) ) ;
#216 = ORIENTED_EDGE ( 'NONE', *, *, #3793, .F. ) ;
#217 = PLANE ( 'NONE',  #1645 ) ;
#218 = CIRCLE ( 'NONE', #3212, 10.00000000000000000 ) ;
#219 = DIRECTION ( 'NONE',  ( -0.000000000000000000, -0.000000000000000000, 1.000000000000000000 ) ) ;
#220 = CARTESIAN_POINT ( 'NONE',  ( 51.75000000000000000, 28.27024810886958051, 22.50000000000001066 ) ) ;
#221 = CARTESIAN_POINT ( 'NONE',  ( 57.99999999999999289, 19.00000000000000355, 47.99999999999998579 ) ) ;
#222 = CARTESIAN_POINT ( 'NONE',  ( 0.000000000000000000, 0.000000000000000000, 2.000000000000000000 ) ) ;
#223 = ORIENTED_EDGE ( 'NONE', *, *, #2532, .T. ) ;
#224 = EDGE_CURVE ( 'NONE', #3938, #4823, #3394, .T. ) ;
#225 = DIRECTION ( 'NONE',  ( 0.000000000000000000, 0.000000000000000000, -1.000000000000000000 ) ) ;
#226 = VERTEX_POINT ( 'NONE', #3836 ) ;
#227 = FACE_OUTER_BOUND ( 'NONE', #5286, .T. ) ;
#228 = DIRECTION ( 'NONE',  ( 1.000000000000000000, 1.323094176592479975E-16, 0.000000000000000000 ) ) ;
#229 = VERTEX_POINT ( 'NONE', #4705 ) ;
#230 = ORIENTED_EDGE ( 'NONE', *, *, #4778, .F. ) ;
#231 = CARTESIAN_POINT ( 'NONE',  ( 5.000000000000000000, 1.199999999999997957, -6.750000000000000888 ) ) ;
#232 = EDGE_CURVE ( 'NONE', #2187, #1690, #1041, .T. ) ;
#233 = CIRCLE ( 'NONE', #4418, 1.499999999999999556 ) ;
#234 = ORIENTED_EDGE ( 'NONE', *, *, #1270, .T. ) ;
#235 = ADVANCED_FACE ( 'NONE', ( #2237 ), #546, .T. ) ;
#236 = ORIENTED_EDGE ( 'NONE', *, *, #135, .F. ) ;
#237 = FACE_OUTER_BOUND ( 'NONE', #2423, .T. ) ;
#238 = VECTOR ( 'NONE', #5105, 1000.000000000000000 ) ;
#239 = LINE ( 'NONE', #2629, #626 ) ;
#240 = ORIENTED_EDGE ( 'NONE', *, *, #4103, .T. ) ;
#241 = CARTESIAN_POINT ( 'NONE',  ( 0.000000000000000000, 8.199999999999999289, -20.09999999999999432 ) ) ;
#242 = ORIENTED_EDGE ( 'NONE', *, *, #2924, .F. ) ;
#243 = CARTESIAN_POINT ( 'NONE',  ( 16.89999999999999858, 2.600000000000000089, -7.000000000000000000 ) ) ;
#244 = ADVANCED_FACE ( 'NONE', ( #1833 ), #137, .F. ) ;
#245 = AXIS2_PLACEMENT_3D ( 'NONE', #1798, #2967, #4566 ) ;
#246 = ADVANCED_FACE ( 'NONE', ( #1016 ), #2666, .T. ) ;
#247 = FACE_OUTER_BOUND ( 'NONE', #1037, .T. ) ;
#248 = ORIENTED_EDGE ( 'NONE', *, *, #5200, .F. ) ;
#249 = CARTESIAN_POINT ( 'NONE',  ( 5.103553390593275729, 1.195497678669855457, -3.500000000000000444 ) ) ;
#250 = VECTOR ( 'NONE', #3082, 1000.000000000000000 ) ;
#251 = FACE_OUTER_BOUND ( 'NONE', #2862, .T. ) ;
#252 = CARTESIAN_POINT ( 'NONE',  ( 37.59999999999999432, 1.199999999999997513, -2.899999999999999911 ) ) ;
#253 = DIRECTION ( 'NONE',  ( 0.000000000000000000, 1.000000000000000000, 1.097926250618233259E-16 ) ) ;
#254 = VERTEX_POINT ( 'NONE', #1337 ) ;
#255 = DIRECTION ( 'NONE',  ( -1.000000000000000000, -0.000000000000000000, -0.000000000000000000 ) ) ;
#256 = ORIENTED_EDGE ( 'NONE', *, *, #5139, .T. ) ;
#257 = VERTEX_POINT ( 'NONE', #937 ) ;
#258 = CARTESIAN_POINT ( 'NONE',  ( 7.249999999999999112, 30.99999999999999645, 52.75000000000000000 ) ) ;
#259 = VERTEX_POINT ( 'NONE', #4233 ) ;
#260 = VERTEX_POINT ( 'NONE', #1778 ) ;
#261 = DIRECTION ( 'NONE',  ( 1.000000000000000000, 0.000000000000000000, 0.000000000000000000 ) ) ;
#262 = DIRECTION ( 'NONE',  ( 0.000000000000000000, -1.000000000000000000, 0.000000000000000000 ) ) ;
#263 = AXIS2_PLACEMENT_3D ( 'NONE', #920, #2088, #4928 ) ;
#264 = VERTEX_POINT ( 'NONE', #4286 ) ;
#265 = DIRECTION ( 'NONE',  ( 0.000000000000000000, -0.000000000000000000, -1.000000000000000000 ) ) ;
#266 = VERTEX_POINT ( 'NONE', #2586 ) ;
#267 = DIRECTION ( 'NONE',  ( 1.000000000000000000, 1.239088197126291063E-16, 0.000000000000000000 ) ) ;
#268 = EDGE_CURVE ( 'NONE', #2933, #3012, #3860, .T. ) ;
#269 = DIRECTION ( 'NONE',  ( -1.000000000000000000, -1.239088197126290817E-16, -0.000000000000000000 ) ) ;
#270 = ORIENTED_EDGE ( 'NONE', *, *, #4797, .T. ) ;
#271 = SURFACE_SIDE_STYLE ('',( #2522 ) ) ;
#272 = COLOUR_RGB ( '',0.7921568627450980005, 0.8196078431372548767, 0.9333333333333333481 ) ;
#273 = DIRECTION ( 'NONE',  ( -1.000000000000000000, -0.000000000000000000, -0.000000000000000000 ) ) ;
#274 = FACE_OUTER_BOUND ( 'NONE', #307, .T. ) ;
#275 = VECTOR ( 'NONE', #3810, 999.9999999999998863 ) ;
#276 = ORIENTED_EDGE ( 'NONE', *, *, #685, .T. ) ;
#277 = CARTESIAN_POINT ( 'NONE',  ( 13.25000000000000178, 7.000000000000003553, -0.5000000000000000000 ) ) ;
#278 = EDGE_LOOP ( 'NONE', ( #3472, #1847, #2090, #3103, #2124 ) ) ;
#279 = AXIS2_PLACEMENT_3D ( 'NONE', #3564, #1091, #1857 ) ;
#280 = LINE ( 'NONE', #1452, #3040 ) ;
#281 = ORIENTED_EDGE ( 'NONE', *, *, #1013, .F. ) ;
#282 = ORIENTED_EDGE ( 'NONE', *, *, #2243, .F. ) ;
#283 = LINE ( 'NONE', #4376, #389 ) ;
#284 = ORIENTED_EDGE ( 'NONE', *, *, #2140, .F. ) ;
#285 = ORIENTED_EDGE ( 'NONE', *, *, #4731, .F. ) ;
#286 = FACE_OUTER_BOUND ( 'NONE', #3106, .T. ) ;
#287 = DIRECTION ( 'NONE',  ( 0.000000000000000000, 1.000000000000000000, 0.000000000000000000 ) ) ;
#288 = ADVANCED_FACE ( 'NONE', ( #622 ), #5030, .F. ) ;
#289 = VERTEX_POINT ( 'NONE', #1805 ) ;
#290 = DIRECTION ( 'NONE',  ( 1.000000000000000000, 0.000000000000000000, 0.000000000000000000 ) ) ;
#291 = EDGE_LOOP ( 'NONE', ( #2111, #3076, #4646, #1520 ) ) ;
#292 = LINE ( 'NONE', #2740, #5060 ) ;
#293 = DIRECTION ( 'NONE',  ( 0.000000000000000000, 0.000000000000000000, -1.000000000000000000 ) ) ;
#294 = EDGE_CURVE ( 'NONE', #4023, #3071, #4624, .T. ) ;
#295 = VECTOR ( 'NONE', #5237, 1000.000000000000000 ) ;
#296 = CARTESIAN_POINT ( 'NONE',  ( 72.00000000000000000, 4.599999999999999645, 0.000000000000000000 ) ) ;
#297 = ORIENTED_EDGE ( 'NONE', *, *, #2914, .T. ) ;
#298 = DIRECTION ( 'NONE',  ( 0.000000000000000000, -1.000000000000000000, 0.000000000000000000 ) ) ;
#299 = ADVANCED_FACE ( 'NONE', ( #3484 ), #559, .F. ) ;
#300 = CARTESIAN_POINT ( 'NONE',  ( 58.00000000000000000, 2.000000000000001776, 12.00000000000000000 ) ) ;
#301 = VECTOR ( 'NONE', #4605, 1000.000000000000000 ) ;
#302 = AXIS2_PLACEMENT_3D ( 'NONE', #3385, #469, #3356 ) ;
#303 = FACE_OUTER_BOUND ( 'NONE', #4925, .T. ) ;
#304 = VERTEX_POINT ( 'NONE', #661 ) ;
#305 = LINE ( 'NONE', #2876, #447 ) ;
#306 = CARTESIAN_POINT ( 'NONE',  ( 37.59999999999999432, -0.2999999999999999334, -3.673940397442058882E-17 ) ) ;
#307 = EDGE_LOOP ( 'NONE', ( #2264, #3933, #5077, #4349 ) ) ;
#308 = AXIS2_PLACEMENT_3D ( 'NONE', #3705, #4428, #2462 ) ;
#309 = DIRECTION ( 'NONE',  ( -2.736911063134408342E-48, -1.000000000000000000, -1.187392209762482313E-16 ) ) ;
#310 = EDGE_CURVE ( 'NONE', #4786, #4358, #1900, .T. ) ;
#311 = EDGE_CURVE ( 'NONE', #4176, #5257, #2683, .T. ) ;
#312 = ORIENTED_EDGE ( 'NONE', *, *, #2436, .T. ) ;
#313 = VECTOR ( 'NONE', #3825, 1000.000000000000000 ) ;
#314 = ORIENTED_EDGE ( 'NONE', *, *, #5207, .T. ) ;
#315 = CARTESIAN_POINT ( 'NONE',  ( 57.99999999999999289, 3.999999999999994227, 34.69999999999999574 ) ) ;
#316 = CARTESIAN_POINT ( 'NONE',  ( 0.000000000000000000, 2.100000000000000089, 55.00000000000000000 ) ) ;
#317 = VECTOR ( 'NONE', #5268, 1000.000000000000000 ) ;
#318 = ORIENTED_EDGE ( 'NONE', *, *, #542, .F. ) ;
#319 = VERTEX_POINT ( 'NONE', #3072 ) ;
#320 = VECTOR ( 'NONE', #3703, 1000.000000000000000 ) ;
#321 = CARTESIAN_POINT ( 'NONE',  ( 16.89999999999999858, -7.400000000000000355, -7.000000000000000000 ) ) ;
#322 = ORIENTED_EDGE ( 'NONE', *, *, #2924, .T. ) ;
#323 = CARTESIAN_POINT ( 'NONE',  ( 33.50000000000000000, -1.000000000000000222, 57.00000000000000000 ) ) ;
#324 = DIRECTION ( 'NONE',  ( -0.000000000000000000, -0.000000000000000000, -1.000000000000000000 ) ) ;
#325 = EDGE_CURVE ( 'NONE', #4327, #4726, #153, .T. ) ;
#326 = ORIENTED_EDGE ( 'NONE', *, *, #1312, .F. ) ;
#327 = EDGE_LOOP ( 'NONE', ( #1879, #3166, #3049, #1035 ) ) ;
#328 = CARTESIAN_POINT ( 'NONE',  ( 48.00000000000000000, 108.1959594928933086, 12.00000000000001066 ) ) ;
#329 = DIRECTION ( 'NONE',  ( 0.000000000000000000, 0.000000000000000000, 1.000000000000000000 ) ) ;
#330 = DIRECTION ( 'NONE',  ( -0.000000000000000000, -0.000000000000000000, -1.000000000000000000 ) ) ;
#331 = EDGE_CURVE ( 'NONE', #684, #1908, #5096, .T. ) ;
#332 = VECTOR ( 'NONE', #3772, 1000.000000000000000 ) ;
#333 = PRODUCT_DEFINITION_FORMATION_WITH_SPECIFIED_SOURCE ( 'ANY', '', #3524, .NOT_KNOWN. ) ;
#334 = CARTESIAN_POINT ( 'NONE',  ( 4.999999999999997335, 1.999999999999994005, 47.99999999999997868 ) ) ;
#335 = VERTEX_POINT ( 'NONE', #4724 ) ;
#336 = CARTESIAN_POINT ( 'NONE',  ( 5.250000000000000000, 1.189130434782606605, -6.500000000000000888 ) ) ;
#337 = DIRECTION ( 'NONE',  ( 1.156482317317871971E-16, 0.000000000000000000, -1.000000000000000000 ) ) ;
#338 = ORIENTED_EDGE ( 'NONE', *, *, #4044, .T. ) ;
#339 = DIRECTION ( 'NONE',  ( -0.000000000000000000, -1.000000000000000000, -0.000000000000000000 ) ) ;
#340 = EDGE_CURVE ( 'NONE', #3344, #3300, #1958, .T. ) ;
#341 = VERTEX_POINT ( 'NONE', #951 ) ;
#342 = AXIS2_PLACEMENT_3D ( 'NONE', #3248, #3679, #1204 ) ;
#343 = CARTESIAN_POINT ( 'NONE',  ( 75.00000000000000000, 8.199999999999999289, -22.59999999999999787 ) ) ;
#344 = ORIENTED_EDGE ( 'NONE', *, *, #2989, .F. ) ;
#345 = EDGE_CURVE ( 'NONE', #3012, #1908, #1329, .T. ) ;
#346 = FACE_OUTER_BOUND ( 'NONE', #50, .T. ) ;
#347 = LINE ( 'NONE', #4877, #2257 ) ;
#348 = EDGE_LOOP ( 'NONE', ( #3985, #4303, #1797, #2306 ) ) ;
#349 = EDGE_LOOP ( 'NONE', ( #3662, #3067, #1856, #2009, #3208, #5278 ) ) ;
#350 = CARTESIAN_POINT ( 'NONE',  ( 58.66666666666665719, -0.8333333333333182713, 7.166666666666684726 ) ) ;
#351 = CARTESIAN_POINT ( 'NONE',  ( 15.37500000000000000, 28.99999999999999645, 37.49999999999999289 ) ) ;
#352 = LINE ( 'NONE', #1550, #3286 ) ;
#353 = VECTOR ( 'NONE', #1764, 1000.000000000000000 ) ;
#354 = ORIENTED_EDGE ( 'NONE', *, *, #5229, .F. ) ;
#355 = FACE_OUTER_BOUND ( 'NONE', #2152, .T. ) ;
#356 = DIRECTION ( 'NONE',  ( -0.000000000000000000, 1.000000000000000000, 1.236370898448382630E-16 ) ) ;
#357 = CARTESIAN_POINT ( 'NONE',  ( 60.00000000000000000, 31.99999999999999289, -10.09999999999999787 ) ) ;
#358 = CARTESIAN_POINT ( 'NONE',  ( 0.000000000000000000, -4.000000000000000888, 10.90000000000000213 ) ) ;
#359 = ORIENTED_EDGE ( 'NONE', *, *, #3839, .T. ) ;
#360 = CARTESIAN_POINT ( 'NONE',  ( 0.000000000000000000, 29.19999999999999218, -15.09999999999999964 ) ) ;
#361 = CARTESIAN_POINT ( 'NONE',  ( 12.00000000000000178, 28.99999999999999645, 47.99999999999997868 ) ) ;
#362 = ORIENTED_EDGE ( 'NONE', *, *, #3250, .F. ) ;
#363 = FACE_OUTER_BOUND ( 'NONE', #4350, .T. ) ;
#364 = AXIS2_PLACEMENT_3D ( 'NONE', #328, #4393, #3999 ) ;
#365 = ADVANCED_FACE ( 'NONE', ( #3907 ), #1820, .T. ) ;
#366 = VECTOR ( 'NONE', #4441, 1000.000000000000000 ) ;
#367 = ORIENTED_EDGE ( 'NONE', *, *, #3509, .F. ) ;
#368 = DIRECTION ( 'NONE',  ( 0.9902680687415708061, -0.1391731009600624958, -0.000000000000000000 ) ) ;
#369 = EDGE_LOOP ( 'NONE', ( #497, #2603, #2559, #4410 ) ) ;
#370 = ADVANCED_FACE ( 'NONE', ( #4276 ), #2313, .F. ) ;
#371 = LINE ( 'NONE', #3987, #2155 ) ;
#372 = AXIS2_PLACEMENT_3D ( 'NONE', #1294, #3688, #896 ) ;
#373 = ORIENTED_EDGE ( 'NONE', *, *, #4247, .T. ) ;
#374 = ORIENTED_EDGE ( 'NONE', *, *, #3437, .F. ) ;
#375 = CARTESIAN_POINT ( 'NONE',  ( 20.75000000000000000, -1.000000000000000222, -4.999999999999998224 ) ) ;
#376 = CARTESIAN_POINT ( 'NONE',  ( 11.89999999999999325, 0.4999999999999935052, -2.600000000000000089 ) ) ;
#377 = LINE ( 'NONE', #1628, #2256 ) ;
#378 = EDGE_CURVE ( 'NONE', #4406, #3386, #2197, .T. ) ;
#379 = EDGE_CURVE ( 'NONE', #3077, #319, #1795, .T. ) ;
#380 = SHAPE_DEFINITION_REPRESENTATION ( #3822, #1324 ) ;
#381 = ORIENTED_EDGE ( 'NONE', *, *, #662, .F. ) ;
#382 = DIRECTION ( 'NONE',  ( -1.000000000000000000, -0.000000000000000000, -0.000000000000000000 ) ) ;
#383 = DIRECTION ( 'NONE',  ( 1.000000000000000000, -0.000000000000000000, -0.000000000000000000 ) ) ;
#384 = VECTOR ( 'NONE', #3397, 1000.000000000000000 ) ;
#385 = LINE ( 'NONE', #4520, #2224 ) ;
#386 = DIRECTION ( 'NONE',  ( 0.000000000000000000, -1.192622389734055124E-16, 1.000000000000000000 ) ) ;
#387 = DIRECTION ( 'NONE',  ( -1.000000000000000000, -1.239088197126291063E-16, -1.734723475976806108E-16 ) ) ;
#388 = AXIS2_PLACEMENT_3D ( 'NONE', #1780, #3784, #3406 ) ;
#389 = VECTOR ( 'NONE', #708, 1000.000000000000000 ) ;
#390 = CARTESIAN_POINT ( 'NONE',  ( 60.00000000000000000, -1.156482317317862850E-15, 8.499999999999987566 ) ) ;
#391 = EDGE_CURVE ( 'NONE', #3192, #1869, #1032, .T. ) ;
#392 = ORIENTED_EDGE ( 'NONE', *, *, #1531, .T. ) ;
#393 = VECTOR ( 'NONE', #678, 1000.000000000000000 ) ;
#394 = DIRECTION ( 'NONE',  ( -0.9990561583550594538, 0.04343722427630695299, -0.000000000000000000 ) ) ;
#395 = ORIENTED_EDGE ( 'NONE', *, *, #2464, .T. ) ;
#396 = ADVANCED_FACE ( 'NONE', ( #237 ), #3850, .F. ) ;
#397 = CARTESIAN_POINT ( 'NONE',  ( 8.250000000000000000, 28.99999999999999645, 37.49999999999998579 ) ) ;
#398 = ADVANCED_FACE ( 'NONE', ( #180 ), #5071, .T. ) ;
#399 = ORIENTED_EDGE ( 'NONE', *, *, #3839, .F. ) ;
#400 = VERTEX_POINT ( 'NONE', #2709 ) ;
#401 = DIRECTION ( 'NONE',  ( 0.000000000000000000, -0.000000000000000000, -1.000000000000000000 ) ) ;
#402 = FACE_OUTER_BOUND ( 'NONE', #2988, .T. ) ;
#403 = DIRECTION ( 'NONE',  ( -0.000000000000000000, 1.000000000000000000, 1.187392209762482313E-16 ) ) ;
#404 = DIRECTION ( 'NONE',  ( -1.239088197126291063E-16, 1.000000000000000000, 0.000000000000000000 ) ) ;
#405 = VECTOR ( 'NONE', #1392, 1000.000000000000000 ) ;
#406 = APPLICATION_PROTOCOL_DEFINITION ( 'draft international standard', 'automotive_design', 1998, #2233 ) ;
#407 = ORIENTED_EDGE ( 'NONE', *, *, #3922, .F. ) ;
#408 = PLANE ( 'NONE',  #14 ) ;
#409 = DIRECTION ( 'NONE',  ( 1.000000000000000000, 0.000000000000000000, 0.000000000000000000 ) ) ;
#410 = CARTESIAN_POINT ( 'NONE',  ( 0.9999999999999997780, 2.000000000000000000, 51.00000000000000000 ) ) ;
#411 = EDGE_CURVE ( 'NONE', #4275, #4556, #1054, .T. ) ;
#412 = EDGE_CURVE ( 'NONE', #1679, #2540, #612, .T. ) ;
#413 = CIRCLE ( 'NONE', #2121, 10.00000000000000000 ) ;
#414 = DIRECTION ( 'NONE',  ( -0.000000000000000000, 0.000000000000000000, -1.000000000000000000 ) ) ;
#415 = DIRECTION ( 'NONE',  ( 0.000000000000000000, 1.301042606982605074E-16, -1.000000000000000000 ) ) ;
#416 = DIRECTION ( 'NONE',  ( -0.000000000000000000, 1.000000000000000000, 1.192622389734055124E-16 ) ) ;
#417 = FACE_OUTER_BOUND ( 'NONE', #1828, .T. ) ;
#418 = AXIS2_PLACEMENT_3D ( 'NONE', #3411, #3816, #1786 ) ;
#419 = ORIENTED_EDGE ( 'NONE', *, *, #2590, .T. ) ;
#420 = CARTESIAN_POINT ( 'NONE',  ( 4.999999999999997335, 3.999999999999994227, 34.69999999999999574 ) ) ;
#421 = ORIENTED_EDGE ( 'NONE', *, *, #2147, .T. ) ;
#422 = VECTOR ( 'NONE', #5270, 1000.000000000000000 ) ;
#423 = VECTOR ( 'NONE', #5161, 1000.000000000000000 ) ;
#424 = CARTESIAN_POINT ( 'NONE',  ( 5.250000000000000000, 2.600000000000000089, -7.000000000000000000 ) ) ;
#425 = EDGE_CURVE ( 'NONE', #1895, #4194, #711, .T. ) ;
#426 = ORIENTED_EDGE ( 'NONE', *, *, #2493, .F. ) ;
#427 = CARTESIAN_POINT ( 'NONE',  ( 37.39999999999999858, 1.199999999999997513, -2.899999999999999911 ) ) ;
#428 = DIRECTION ( 'NONE',  ( 0.000000000000000000, 0.000000000000000000, 1.000000000000000000 ) ) ;
#429 = FACE_OUTER_BOUND ( 'NONE', #3316, .T. ) ;
#430 = DIRECTION ( 'NONE',  ( 1.000000000000000000, 0.000000000000000000, 0.000000000000000000 ) ) ;
#431 = ORIENTED_EDGE ( 'NONE', *, *, #4649, .T. ) ;
#432 = DIRECTION ( 'NONE',  ( 1.000000000000000000, 1.445602896647339656E-16, 0.000000000000000000 ) ) ;
#433 = CARTESIAN_POINT ( 'NONE',  ( 13.25000000000000178, 3.500000000000001332, -3.500000000000000000 ) ) ;
#434 = EDGE_CURVE ( 'NONE', #2717, #4957, #5231, .T. ) ;
#435 = CARTESIAN_POINT ( 'NONE',  ( 22.49999999999998934, 28.99999999999999645, 51.75000000000000000 ) ) ;
#436 = CARTESIAN_POINT ( 'NONE',  ( 0.000000000000000000, 0.000000000000000000, 0.000000000000000000 ) ) ;
#437 = DIRECTION ( 'NONE',  ( 1.000000000000000000, 0.000000000000000000, 0.000000000000000000 ) ) ;
#438 = DIRECTION ( 'NONE',  ( -5.337610695313253357E-16, -1.000000000000000000, 0.000000000000000000 ) ) ;
#439 = DIRECTION ( 'NONE',  ( -0.000000000000000000, 1.000000000000000000, -0.000000000000000000 ) ) ;
#440 = CARTESIAN_POINT ( 'NONE',  ( 19.75000000000000000, 7.000000000000006217, -2.000000000000000000 ) ) ;
#441 = ORIENTED_EDGE ( 'NONE', *, *, #4455, .F. ) ;
#442 = CARTESIAN_POINT ( 'NONE',  ( 18.25000000000000000, 5.500000000000005329, -0.5000000000000000000 ) ) ;
#443 = VERTEX_POINT ( 'NONE', #315 ) ;
#444 = AXIS2_PLACEMENT_3D ( 'NONE', #4367, #1096, #774 ) ;
#445 = CARTESIAN_POINT ( 'NONE',  ( 0.4999999999999852895, 1.199999999999998623, 0.000000000000000000 ) ) ;
#446 = AXIS2_PLACEMENT_3D ( 'NONE', #3840, #2645, #4266 ) ;
#447 = VECTOR ( 'NONE', #1949, 1000.000000000000000 ) ;
#448 = ORIENTED_EDGE ( 'NONE', *, *, #1781, .F. ) ;
#449 = VECTOR ( 'NONE', #2447, 1000.000000000000000 ) ;
#450 = DIRECTION ( 'NONE',  ( -1.000000000000000000, -0.000000000000000000, 0.000000000000000000 ) ) ;
#451 = CARTESIAN_POINT ( 'NONE',  ( 22.49999999999999289, 28.99999999999999645, 44.62500000000000000 ) ) ;
#452 = LINE ( 'NONE', #2936, #3807 ) ;
#453 = ADVANCED_FACE ( 'NONE', ( #4829 ), #1162, .F. ) ;
#454 = DIRECTION ( 'NONE',  ( 0.000000000000000000, 0.000000000000000000, 1.000000000000000000 ) ) ;
#455 = VERTEX_POINT ( 'NONE', #1254 ) ;
#456 = PLANE ( 'NONE',  #3033 ) ;
#457 = VERTEX_POINT ( 'NONE', #3557 ) ;
#458 = DIRECTION ( 'NONE',  ( 1.000000000000000000, -0.000000000000000000, -0.000000000000000000 ) ) ;
#459 = ADVANCED_FACE ( 'NONE', ( #346 ), #1083, .F. ) ;
#460 = ADVANCED_FACE ( 'NONE', ( #286 ), #1111, .T. ) ;
#461 = CARTESIAN_POINT ( 'NONE',  ( 59.50000000000000000, -3.000000000000000888, 8.000000000000000000 ) ) ;
#462 = DIRECTION ( 'NONE',  ( -0.000000000000000000, -0.000000000000000000, -1.000000000000000000 ) ) ;
#463 = DIRECTION ( 'NONE',  ( 1.000000000000000000, -0.000000000000000000, -0.000000000000000000 ) ) ;
#464 = FACE_BOUND ( 'NONE', #482, .T. ) ;
#465 = DIRECTION ( 'NONE',  ( 1.239088197126291063E-16, 0.000000000000000000, -1.000000000000000000 ) ) ;
#466 = DIRECTION ( 'NONE',  ( -1.000000000000000000, 0.000000000000000000, -4.869399230812090436E-16 ) ) ;
#467 = VERTEX_POINT ( 'NONE', #1518 ) ;
#468 = AXIS2_PLACEMENT_3D ( 'NONE', #2445, #2738, #401 ) ;
#469 = DIRECTION ( 'NONE',  ( 0.000000000000000000, -0.000000000000000000, 1.000000000000000000 ) ) ;
#470 = ORIENTED_EDGE ( 'NONE', *, *, #5153, .T. ) ;
#471 = DIRECTION ( 'NONE',  ( 0.000000000000000000, 7.065269995080883413E-18, 1.000000000000000000 ) ) ;
#472 = ADVANCED_FACE ( 'NONE', ( #4753 ), #2756, .F. ) ;
#473 = ADVANCED_FACE ( 'NONE', ( #3986, #4407, #2812 ), #3526, .F. ) ;
#474 = VECTOR ( 'NONE', #2120, 1000.000000000000000 ) ;
#475 = ORIENTED_EDGE ( 'NONE', *, *, #3910, .F. ) ;
#476 = EDGE_LOOP ( 'NONE', ( #2136, #4392, #4828, #1548 ) ) ;
#477 = CARTESIAN_POINT ( 'NONE',  ( 0.000000000000000000, 0.000000000000000000, 0.000000000000000000 ) ) ;
#478 = CARTESIAN_POINT ( 'NONE',  ( 37.99207991053916089, -0.2448967621027856312, -2.844896762102784749 ) ) ;
#479 = DIRECTION ( 'NONE',  ( -0.000000000000000000, -1.000000000000000000, -0.000000000000000000 ) ) ;
#480 = APPLICATION_CONTEXT ( 'automotive_design' ) ;
#481 = PLANE ( 'NONE',  #1093 ) ;
#482 = EDGE_LOOP ( 'NONE', ( #2908, #2191 ) ) ;
#483 = FACE_OUTER_BOUND ( 'NONE', #1503, .T. ) ;
#484 = ORIENTED_EDGE ( 'NONE', *, *, #3767, .F. ) ;
#485 = FACE_OUTER_BOUND ( 'NONE', #4590, .T. ) ;
#486 = PRODUCT_DEFINITION_SHAPE ( 'NONE', 'NONE',  #2283 ) ;
#487 = AXIS2_PLACEMENT_3D ( 'NONE', #3622, #4889, #2405 ) ;
#488 = CARTESIAN_POINT ( 'NONE',  ( 7.249999999999999112, 30.99999999999999645, 52.75000000000000000 ) ) ;
#489 = CARTESIAN_POINT ( 'NONE',  ( 49.99999999999999289, -7.372574772901430151E-15, 59.99999999999998579 ) ) ;
#490 = CARTESIAN_POINT ( 'NONE',  ( 12.00000000000000355, 28.99999999999999645, 37.49999999999999289 ) ) ;
#491 = CARTESIAN_POINT ( 'NONE',  ( 0.000000000000000000, -1.500000000000000444, 0.000000000000000000 ) ) ;
#492 = FACE_OUTER_BOUND ( 'NONE', #5042, .T. ) ;
#493 = DIRECTION ( 'NONE',  ( -1.000000000000000000, 0.000000000000000000, 0.000000000000000000 ) ) ;
#494 = EDGE_CURVE ( 'NONE', #1326, #4253, #4524, .T. ) ;
#495 = ORIENTED_EDGE ( 'NONE', *, *, #4268, .T. ) ;
#496 = LINE ( 'NONE', #4555, #2028 ) ;
#497 = ORIENTED_EDGE ( 'NONE', *, *, #1586, .F. ) ;
#498 = CARTESIAN_POINT ( 'NONE',  ( 33.50000000000000000, 4.102566777143633774E-15, 55.00000000000000000 ) ) ;
#499 = ADVANCED_FACE ( 'NONE', ( #2080 ), #3706, .F. ) ;
#500 = ORIENTED_EDGE ( 'NONE', *, *, #2020, .T. ) ;
#501 = EDGE_CURVE ( 'NONE', #1818, #4823, #860, .T. ) ;
#502 = VECTOR ( 'NONE', #651, 1000.000000000000000 ) ;
#503 = AXIS2_PLACEMENT_3D ( 'NONE', #1582, #4837, #1552 ) ;
#504 = ORIENTED_EDGE ( 'NONE', *, *, #2301, .T. ) ;
#505 = DIRECTION ( 'NONE',  ( 0.000000000000000000, -1.084202172485504311E-16, 1.000000000000000000 ) ) ;
#506 = CARTESIAN_POINT ( 'NONE',  ( 30.50000000000000000, 1.000000000000003997, 51.00000000000000000 ) ) ;
#507 = LINE ( 'NONE', #2148, #2402 ) ;
#508 = ORIENTED_EDGE ( 'NONE', *, *, #2608, .T. ) ;
#509 = CARTESIAN_POINT ( 'NONE',  ( 11.75000000000000178, 3.500000000000000444, -0.5000000000000000000 ) ) ;
#510 = ORIENTED_EDGE ( 'NONE', *, *, #5229, .T. ) ;
#511 = DIRECTION ( 'NONE',  ( -1.239088197126291063E-16, -1.734723475976805862E-16, 1.000000000000000000 ) ) ;
#512 = CARTESIAN_POINT ( 'NONE',  ( 60.00000000000000000, -4.000000000000000888, 10.90000000000000213 ) ) ;
#513 = DIRECTION ( 'NONE',  ( -1.000000000000000000, 0.000000000000000000, 0.000000000000000000 ) ) ;
#514 = EDGE_CURVE ( 'NONE', #158, #1648, #4134, .T. ) ;
#515 = CARTESIAN_POINT ( 'NONE',  ( 5.250000000000000888, 2.589130434782608514, -3.500000000000000444 ) ) ;
#516 = DIRECTION ( 'NONE',  ( -0.000000000000000000, 1.000000000000000000, -7.228014483236692611E-16 ) ) ;
#517 = DIRECTION ( 'NONE',  ( 0.000000000000000000, 0.000000000000000000, -1.000000000000000000 ) ) ;
#518 = AXIS2_PLACEMENT_3D ( 'NONE', #2617, #1810, #4236 ) ;
#519 = ORIENTED_EDGE ( 'NONE', *, *, #1441, .T. ) ;
#520 = AXIS2_PLACEMENT_3D ( 'NONE', #4351, #4795, #1182 ) ;
#521 = ADVANCED_FACE ( 'NONE', ( #1541, #3180 ), #1489, .F. ) ;
#522 = LINE ( 'NONE', #1023, #2135 ) ;
#523 = DIRECTION ( 'NONE',  ( -1.000000000000000000, -0.000000000000000000, -4.869399230812089449E-16 ) ) ;
#524 = ORIENTED_EDGE ( 'NONE', *, *, #593, .T. ) ;
#525 = CARTESIAN_POINT ( 'NONE',  ( 75.00000000000000000, -1.836970198721029441E-17, -2.600000000000000089 ) ) ;
#526 = ADVANCED_FACE ( 'NONE', ( #3125 ), #4802, .F. ) ;
#527 = MECHANICAL_DESIGN_GEOMETRIC_PRESENTATION_REPRESENTATION (  '', ( #4041 ), #5223 ) ;
#528 = EDGE_CURVE ( 'NONE', #229, #2394, #1930, .T. ) ;
#529 = ORIENTED_EDGE ( 'NONE', *, *, #4105, .F. ) ;
#530 = DIRECTION ( 'NONE',  ( 1.000000000000000000, 0.000000000000000000, 0.000000000000000000 ) ) ;
#531 = DIRECTION ( 'NONE',  ( 0.7071067811865469066, 0.000000000000000000, 0.7071067811865481278 ) ) ;
#532 = VECTOR ( 'NONE', #387, 1000.000000000000000 ) ;
#533 = VECTOR ( 'NONE', #3717, 1000.000000000000000 ) ;
#534 = VERTEX_POINT ( 'NONE', #913 ) ;
#535 = CARTESIAN_POINT ( 'NONE',  ( 60.00000000000000000, 33.99999999999999289, 59.99999999999998579 ) ) ;
#536 = VERTEX_POINT ( 'NONE', #5033 ) ;
#537 = PLANE ( 'NONE',  #3280 ) ;
#538 = UNCERTAINTY_MEASURE_WITH_UNIT (LENGTH_MEASURE( 1.000000000000000082E-05 ), #3137, 'distance_accuracy_value', 'NONE');
#539 = ORIENTED_EDGE ( 'NONE', *, *, #3383, .T. ) ;
#540 = LINE ( 'NONE', #2179, #4127 ) ;
#541 = VECTOR ( 'NONE', #2711, 1000.000000000000000 ) ;
#542 = EDGE_CURVE ( 'NONE', #781, #3386, #3379, .T. ) ;
#543 = EDGE_CURVE ( 'NONE', #3530, #4272, #3913, .T. ) ;
#544 = ORIENTED_EDGE ( 'NONE', *, *, #1878, .F. ) ;
#545 = LINE ( 'NONE', #2585, #673 ) ;
#546 = PLANE ( 'NONE',  #4842 ) ;
#547 = LINE ( 'NONE', #4947, #275 ) ;
#548 = DIRECTION ( 'NONE',  ( 0.000000000000000000, 0.000000000000000000, -1.000000000000000000 ) ) ;
#549 = DIRECTION ( 'NONE',  ( 1.000000000000000000, 0.000000000000000000, 0.000000000000000000 ) ) ;
#550 = PLANE ( 'NONE',  #2406 ) ;
#551 = ORIENTED_EDGE ( 'NONE', *, *, #5275, .T. ) ;
#552 = CYLINDRICAL_SURFACE ( 'NONE', #2051, 10.00000000000000178 ) ;
#553 = CARTESIAN_POINT ( 'NONE',  ( 0.4999999999999865663, 1.199999999999999956, 0.000000000000000000 ) ) ;
#554 = DIRECTION ( 'NONE',  ( -0.000000000000000000, 0.000000000000000000, 1.000000000000000000 ) ) ;
#555 = EDGE_CURVE ( 'NONE', #4897, #1479, #2040, .T. ) ;
#556 = CIRCLE ( 'NONE', #889, 0.2500000000000002220 ) ;
#557 = VERTEX_POINT ( 'NONE', #3323 ) ;
#558 = VERTEX_POINT ( 'NONE', #4979 ) ;
#559 = PLANE ( 'NONE',  #1603 ) ;
#560 = LINE ( 'NONE', #4962, #533 ) ;
#561 = EDGE_CURVE ( 'NONE', #341, #3179, #2537, .T. ) ;
#562 = LINE ( 'NONE', #2553, #155 ) ;
#563 = VERTEX_POINT ( 'NONE', #2132 ) ;
#564 = CIRCLE ( 'NONE', #815, 10.00000000000000178 ) ;
#565 = CARTESIAN_POINT ( 'NONE',  ( 60.00000000000000000, 0.4999999999999859002, 5.421010862427368712E-17 ) ) ;
#566 = VERTEX_POINT ( 'NONE', #2951 ) ;
#567 = CARTESIAN_POINT ( 'NONE',  ( 75.00000000000000000, 0.000000000000000000, 0.000000000000000000 ) ) ;
#568 = CARTESIAN_POINT ( 'NONE',  ( 12.00000000000000178, 19.00000000000000355, 47.99999999999997868 ) ) ;
#569 = CARTESIAN_POINT ( 'NONE',  ( 0.000000000000000000, 1.699999999999997735, 0.000000000000000000 ) ) ;
#570 = ADVANCED_FACE ( 'NONE', ( #492 ), #112, .F. ) ;
#571 = DIRECTION ( 'NONE',  ( 0.000000000000000000, 0.000000000000000000, 1.000000000000000000 ) ) ;
#572 = CARTESIAN_POINT ( 'NONE',  ( 0.000000000000000000, 2.100000000000000089, 57.00000000000000000 ) ) ;
#573 = PRODUCT_DEFINITION_SHAPE ( 'NONE', 'NONE',  #4943 ) ;
#574 = ORIENTED_EDGE ( 'NONE', *, *, #4285, .F. ) ;
#575 = CARTESIAN_POINT ( 'NONE',  ( 10.25000000000000178, 2.000000000000001332, -2.000000000000001776 ) ) ;
#576 = VECTOR ( 'NONE', #4815, 1000.000000000000000 ) ;
#577 = CARTESIAN_POINT ( 'NONE',  ( 1.000000000000000000, 1.000000000000000000, 2.000000000000000000 ) ) ;
#578 = VERTEX_POINT ( 'NONE', #4212 ) ;
#579 = FACE_OUTER_BOUND ( 'NONE', #689, .T. ) ;
#580 = AXIS2_PLACEMENT_3D ( 'NONE', #3891, #165, #1361 ) ;
#581 = VERTEX_POINT ( 'NONE', #1364 ) ;
#582 = VERTEX_POINT ( 'NONE', #4949 ) ;
#583 = DIRECTION ( 'NONE',  ( -0.000000000000000000, 1.000000000000000000, -0.000000000000000000 ) ) ;
#584 = LINE ( 'NONE', #5073, #4972 ) ;
#585 = VECTOR ( 'NONE', #676, 1000.000000000000000 ) ;
#586 = MANIFOLD_SOLID_BREP ( 'Chanfrein3', #3145 ) ;
#587 = LINE ( 'NONE', #1353, #4262 ) ;
#588 = ORIENTED_EDGE ( 'NONE', *, *, #4431, .F. ) ;
#589 = PLANE ( 'NONE',  #5075 ) ;
#590 = ORIENTED_EDGE ( 'NONE', *, *, #2822, .F. ) ;
#591 = CARTESIAN_POINT ( 'NONE',  ( 5.000000000000000000, 2.600000000000000089, -6.750000000000000000 ) ) ;
#592 = AXIS2_PLACEMENT_3D ( 'NONE', #4602, #936, #3808 ) ;
#593 = EDGE_CURVE ( 'NONE', #2780, #4750, #2720, .T. ) ;
#594 = EDGE_LOOP ( 'NONE', ( #117, #1283, #3971, #723 ) ) ;
#595 = LINE ( 'NONE', #2157, #4600 ) ;
#596 = CARTESIAN_POINT ( 'NONE',  ( 35.26538908328470256, 1.199999999999997513, -2.600000000000000089 ) ) ;
#597 =( LENGTH_UNIT ( ) NAMED_UNIT ( * ) SI_UNIT ( .MILLI., .METRE. ) );
#598 = DIRECTION ( 'NONE',  ( -1.000000000000000000, 0.000000000000000000, 0.000000000000000000 ) ) ;
#599 = EDGE_CURVE ( 'NONE', #4801, #3039, #5061, .T. ) ;
#600 = LINE ( 'NONE', #1149, #576 ) ;
#601 = CARTESIAN_POINT ( 'NONE',  ( 5.250000000000000000, 2.600000000000000089, -6.500000000000000888 ) ) ;
#602 = VERTEX_POINT ( 'NONE', #4654 ) ;
#603 = DIRECTION ( 'NONE',  ( -0.7071067811865376918, 0.7071067811865574537, -3.504670666704904124E-16 ) ) ;
#604 = EDGE_LOOP ( 'NONE', ( #4517, #1713, #1189, #1266 ) ) ;
#605 = ORIENTED_EDGE ( 'NONE', *, *, #4105, .T. ) ;
#606 = ORIENTED_EDGE ( 'NONE', *, *, #1613, .F. ) ;
#607 = LINE ( 'NONE', #2651, #89 ) ;
#608 = VECTOR ( 'NONE', #4192, 1000.000000000000000 ) ;
#609 = EDGE_CURVE ( 'NONE', #2317, #691, #3731, .T. ) ;
#610 = EDGE_LOOP ( 'NONE', ( #312, #3235 ) ) ;
#611 = ORIENTED_EDGE ( 'NONE', *, *, #3604, .F. ) ;
#612 = LINE ( 'NONE', #1849, #1159 ) ;
#613 = CARTESIAN_POINT ( 'NONE',  ( 8.250000000000000000, 28.27024810886958051, 37.49999999999998579 ) ) ;
#614 = ORIENTED_EDGE ( 'NONE', *, *, #1264, .T. ) ;
#615 = DIRECTION ( 'NONE',  ( 0.000000000000000000, 0.000000000000000000, 1.000000000000000000 ) ) ;
#616 = ORIENTED_EDGE ( 'NONE', *, *, #1072, .F. ) ;
#617 = DIRECTION ( 'NONE',  ( 1.000000000000000000, 0.000000000000000000, 0.000000000000000000 ) ) ;
#618 = VECTOR ( 'NONE', #1017, 1000.000000000000000 ) ;
#619 = EDGE_CURVE ( 'NONE', #2930, #5236, #1281, .T. ) ;
#620 = VECTOR ( 'NONE', #3317, 1000.000000000000000 ) ;
#621 = ORIENTED_EDGE ( 'NONE', *, *, #857, .F. ) ;
#622 = FACE_OUTER_BOUND ( 'NONE', #3396, .T. ) ;
#623 = LINE ( 'NONE', #2267, #4964 ) ;
#624 = ADVANCED_FACE ( 'NONE', ( #274 ), #3569, .T. ) ;
#625 = CARTESIAN_POINT ( 'NONE',  ( 5.749999999999994671, 24.36067977499790871, -1.974742963625110575E-15 ) ) ;
#626 = VECTOR ( 'NONE', #3099, 1000.000000000000000 ) ;
#627 = LINE ( 'NONE', #2745, #826 ) ;
#628 = EDGE_CURVE ( 'NONE', #3242, #2483, #4343, .T. ) ;
#629 = ORIENTED_EDGE ( 'NONE', *, *, #1960, .F. ) ;
#630 = DIRECTION ( 'NONE',  ( 4.869399230812090436E-16, 0.000000000000000000, -1.000000000000000000 ) ) ;
#631 = ORIENTED_EDGE ( 'NONE', *, *, #2441, .T. ) ;
#632 = PLANE ( 'NONE',  #3815 ) ;
#633 = VERTEX_POINT ( 'NONE', #1837 ) ;
#634 = ORIENTED_EDGE ( 'NONE', *, *, #2822, .T. ) ;
#635 = EDGE_CURVE ( 'NONE', #3855, #3877, #4683, .T. ) ;
#636 = CARTESIAN_POINT ( 'NONE',  ( 12.00000000000000178, 28.99999999999999645, 57.99999999999998579 ) ) ;
#637 = ADVANCED_FACE ( 'NONE', ( #3460 ), #5189, .F. ) ;
#638 = LINE ( 'NONE', #3936, #3617 ) ;
#639 = AXIS2_PLACEMENT_3D ( 'NONE', #4000, #4493, #329 ) ;
#640 = ORIENTED_EDGE ( 'NONE', *, *, #2014, .T. ) ;
#641 = VECTOR ( 'NONE', #4862, 1000.000000000000000 ) ;
#642 = EDGE_LOOP ( 'NONE', ( #3554, #2277, #2416, #1882 ) ) ;
#643 = CARTESIAN_POINT ( 'NONE',  ( 37.59999999999999432, -0.2999999999999981570, 2.119580998524252236E-18 ) ) ;
#644 = VERTEX_POINT ( 'NONE', #252 ) ;
#645 = CARTESIAN_POINT ( 'NONE',  ( 60.00000000000000000, -3.499999999999987566, 4.500000000000012434 ) ) ;
#646 = AXIS2_PLACEMENT_3D ( 'NONE', #3189, #771, #2426 ) ;
#647 = CARTESIAN_POINT ( 'NONE',  ( 0.000000000000000000, -3.500000000000001776, 49.99999999999997868 ) ) ;
#648 = ORIENTED_EDGE ( 'NONE', *, *, #65, .T. ) ;
#649 = CARTESIAN_POINT ( 'NONE',  ( 37.50000000000000711, 28.99999999999999645, 15.37500000000000000 ) ) ;
#650 = EDGE_CURVE ( 'NONE', #3530, #922, #233, .T. ) ;
#651 = DIRECTION ( 'NONE',  ( -0.000000000000000000, 1.000000000000000000, -0.000000000000000000 ) ) ;
#652 = ORIENTED_EDGE ( 'NONE', *, *, #4026, .F. ) ;
#653 = CARTESIAN_POINT ( 'NONE',  ( 0.000000000000000000, 28.99999999999999645, 0.000000000000000000 ) ) ;
#654 = CARTESIAN_POINT ( 'NONE',  ( 11.75000000000000000, 0.5000000000000033307, -0.5000000000000000000 ) ) ;
#655 = ORIENTED_EDGE ( 'NONE', *, *, #1234, .F. ) ;
#656 = VERTEX_POINT ( 'NONE', #4369 ) ;
#657 = DIRECTION ( 'NONE',  ( 0.000000000000000000, 0.000000000000000000, -1.000000000000000000 ) ) ;
#658 = AXIS2_PLACEMENT_3D ( 'NONE', #3297, #4923, #465 ) ;
#659 = ORIENTED_EDGE ( 'NONE', *, *, #3159, .T. ) ;
#660 = ORIENTED_EDGE ( 'NONE', *, *, #2861, .T. ) ;
#661 = CARTESIAN_POINT ( 'NONE',  ( 22.50000000000000711, 28.99999999999999645, 12.00000000000000000 ) ) ;
#662 = EDGE_CURVE ( 'NONE', #3992, #3883, #1505, .T. ) ;
#663 = DIRECTION ( 'NONE',  ( 0.000000000000000000, -0.000000000000000000, -1.000000000000000000 ) ) ;
#664 = EDGE_CURVE ( 'NONE', #257, #755, #627, .T. ) ;
#665 = ORIENTED_EDGE ( 'NONE', *, *, #2504, .T. ) ;
#666 = ORIENTED_EDGE ( 'NONE', *, *, #946, .F. ) ;
#667 = CARTESIAN_POINT ( 'NONE',  ( 37.50000000000000711, 28.99999999999999645, 8.250000000000000000 ) ) ;
#668 = ORIENTED_EDGE ( 'NONE', *, *, #3004, .F. ) ;
#669 = CARTESIAN_POINT ( 'NONE',  ( 60.00000000000000711, -3.499999999999992450, 4.500000000000007994 ) ) ;
#670 = VECTOR ( 'NONE', #4685, 1000.000000000000000 ) ;
#671 = ORIENTED_EDGE ( 'NONE', *, *, #2774, .T. ) ;
#672 = CARTESIAN_POINT ( 'NONE',  ( 37.39999999999999858, -0.2999999999999999334, -3.673940397442058882E-17 ) ) ;
#673 = VECTOR ( 'NONE', #108, 1000.000000000000000 ) ;
#674 = FACE_OUTER_BOUND ( 'NONE', #3669, .T. ) ;
#675 = CARTESIAN_POINT ( 'NONE',  ( 0.4999999999999865663, 4.649999999999999467, -19.59999999999999787 ) ) ;
#676 = DIRECTION ( 'NONE',  ( 0.000000000000000000, 0.000000000000000000, 1.000000000000000000 ) ) ;
#677 = DIRECTION ( 'NONE',  ( -0.7071067811865469066, 0.000000000000000000, -0.7071067811865481278 ) ) ;
#678 = DIRECTION ( 'NONE',  ( 0.000000000000000000, 0.000000000000000000, -1.000000000000000000 ) ) ;
#679 = ORIENTED_EDGE ( 'NONE', *, *, #4459, .F. ) ;
#680 = ORIENTED_EDGE ( 'NONE', *, *, #3201, .T. ) ;
#681 = DIRECTION ( 'NONE',  ( -0.000000000000000000, 1.000000000000000000, -0.000000000000000000 ) ) ;
#682 = EDGE_CURVE ( 'NONE', #3911, #3573, #1887, .T. ) ;
#683 = ORIENTED_EDGE ( 'NONE', *, *, #4391, .F. ) ;
#684 = VERTEX_POINT ( 'NONE', #2327 ) ;
#685 = EDGE_CURVE ( 'NONE', #1869, #3686, #2355, .T. ) ;
#686 = DIRECTION ( 'NONE',  ( -1.239088197126291063E-16, 1.000000000000000000, -0.000000000000000000 ) ) ;
#687 = DIRECTION ( 'NONE',  ( -1.000000000000000000, 0.000000000000000000, -0.000000000000000000 ) ) ;
#688 = ADVANCED_FACE ( 'NONE', ( #3894 ), #3543, .T. ) ;
#689 = EDGE_LOOP ( 'NONE', ( #5094, #4141, #1085 ) ) ;
#690 = AXIS2_PLACEMENT_3D ( 'NONE', #4718, #5119, #1430 ) ;
#691 = VERTEX_POINT ( 'NONE', #1862 ) ;
#692 = CARTESIAN_POINT ( 'NONE',  ( 39.73461091671529033, 0.000000000000000000, 0.000000000000000000 ) ) ;
#693 = ORIENTED_EDGE ( 'NONE', *, *, #5191, .T. ) ;
#694 = DIRECTION ( 'NONE',  ( -0.000000000000000000, 1.000000000000000000, -0.000000000000000000 ) ) ;
#695 = CARTESIAN_POINT ( 'NONE',  ( 18.25000000000000000, 5.500000000000005329, -0.5000000000000000000 ) ) ;
#696 = VERTEX_POINT ( 'NONE', #1944 ) ;
#697 = VECTOR ( 'NONE', #1922, 1000.000000000000000 ) ;
#698 = CARTESIAN_POINT ( 'NONE',  ( 11.75000000000000000, 0.5000000000000033307, 0.000000000000000000 ) ) ;
#699 = DIRECTION ( 'NONE',  ( -0.7071067811865524577, 0.000000000000000000, 0.7071067811865426878 ) ) ;
#700 = EDGE_CURVE ( 'NONE', #4540, #206, #3974, .T. ) ;
#701 = EDGE_CURVE ( 'NONE', #1730, #656, #1477, .T. ) ;
#702 = VECTOR ( 'NONE', #883, 1000.000000000000000 ) ;
#703 = LINE ( 'NONE', #2356, #4593 ) ;
#704 = LINE ( 'NONE', #2357, #150 ) ;
#705 = AXIS2_PLACEMENT_3D ( 'NONE', #2294, #3887, #4702 ) ;
#706 = FACE_OUTER_BOUND ( 'NONE', #1672, .T. ) ;
#707 = ORIENTED_EDGE ( 'NONE', *, *, #1506, .F. ) ;
#708 = DIRECTION ( 'NONE',  ( 0.000000000000000000, 1.734723475976805615E-16, -1.000000000000000000 ) ) ;
#709 = ORIENTED_EDGE ( 'NONE', *, *, #1960, .T. ) ;
#710 = ORIENTED_EDGE ( 'NONE', *, *, #3081, .F. ) ;
#711 = LINE ( 'NONE', #4777, #5009 ) ;
#712 = ADVANCED_FACE ( 'NONE', ( #1530 ), #3169, .F. ) ;
#713 = CARTESIAN_POINT ( 'NONE',  ( 15.37500000000000000, 28.99999999999999645, 37.49999999999999289 ) ) ;
#714 = ORIENTED_EDGE ( 'NONE', *, *, #5200, .T. ) ;
#715 = DIRECTION ( 'NONE',  ( -1.000000000000000000, 0.000000000000000000, -1.156482317317871331E-15 ) ) ;
#716 = ORIENTED_EDGE ( 'NONE', *, *, #3741, .F. ) ;
#717 = DIRECTION ( 'NONE',  ( 1.387778780781445478E-15, -1.000000000000000000, 0.000000000000000000 ) ) ;
#718 = EDGE_CURVE ( 'NONE', #2581, #455, #1044, .T. ) ;
#719 = DIRECTION ( 'NONE',  ( 0.000000000000000000, 0.000000000000000000, 1.000000000000000000 ) ) ;
#720 = VECTOR ( 'NONE', #1999, 1000.000000000000000 ) ;
#721 = ORIENTED_EDGE ( 'NONE', *, *, #4292, .F. ) ;
#722 =( LENGTH_UNIT ( ) NAMED_UNIT ( * ) SI_UNIT ( .MILLI., .METRE. ) );
#723 = ORIENTED_EDGE ( 'NONE', *, *, #3811, .T. ) ;
#724 = DIRECTION ( 'NONE',  ( -1.000000000000000000, -0.000000000000000000, -0.000000000000000000 ) ) ;
#725 = LINE ( 'NONE', #4001, #1954 ) ;
#726 = EDGE_CURVE ( 'NONE', #2403, #1948, #600, .T. ) ;
#727 = AXIS2_PLACEMENT_3D ( 'NONE', #4811, #798, #3616 ) ;
#728 = ADVANCED_FACE ( 'NONE', ( #1661 ), #2050, .F. ) ;
#729 = LINE ( 'NONE', #2383, #585 ) ;
#730 = ORIENTED_EDGE ( 'NONE', *, *, #311, .F. ) ;
#731 = CARTESIAN_POINT ( 'NONE',  ( 44.62500000000000000, 28.99999999999999645, 22.50000000000000711 ) ) ;
#732 = LINE ( 'NONE', #1181, #3042 ) ;
#733 = ORIENTED_EDGE ( 'NONE', *, *, #2289, .T. ) ;
#734 = AXIS2_PLACEMENT_3D ( 'NONE', #3146, #4745, #2725 ) ;
#735 = LINE ( 'NONE', #3176, #2835 ) ;
#736 = ORIENTED_EDGE ( 'NONE', *, *, #10, .T. ) ;
#737 = ORIENTED_EDGE ( 'NONE', *, *, #857, .T. ) ;
#738 = DIRECTION ( 'NONE',  ( -1.000000000000000000, -0.000000000000000000, -0.000000000000000000 ) ) ;
#739 = FACE_OUTER_BOUND ( 'NONE', #5154, .T. ) ;
#740 = AXIS2_PLACEMENT_3D ( 'NONE', #1957, #3153, #5203 ) ;
#741 = ADVANCED_FACE ( 'NONE', ( #1634 ), #4395, .F. ) ;
#742 = ORIENTED_EDGE ( 'NONE', *, *, #434, .T. ) ;
#743 = AXIS2_PLACEMENT_3D ( 'NONE', #1921, #3515, #677 ) ;
#744 = CARTESIAN_POINT ( 'NONE',  ( 0.000000000000000000, -1.500000000000000444, 5.000000000000000000 ) ) ;
#745 = DIRECTION ( 'NONE',  ( -0.000000000000000000, 1.000000000000000000, 1.187392209762482313E-16 ) ) ;
#746 = DIRECTION ( 'NONE',  ( 0.000000000000000000, 0.000000000000000000, 1.000000000000000000 ) ) ;
#747 = ORIENTED_EDGE ( 'NONE', *, *, #2323, .T. ) ;
#748 = CARTESIAN_POINT ( 'NONE',  ( 10.25000000000000178, 2.000000000000001332, 0.000000000000000000 ) ) ;
#749 = PLANE ( 'NONE',  #487 ) ;
#750 = EDGE_CURVE ( 'NONE', #2376, #4801, #1585, .T. ) ;
#751 =( BOUNDED_CURVE ( )  B_SPLINE_CURVE ( 3, ( #231, #5147, #1871, #1816 ),
 .UNSPECIFIED., .F., .T. ) 
 B_SPLINE_CURVE_WITH_KNOTS ( ( 4, 4 ),
 ( 0.000000000000000000, 1.570796326794896780 ),
 .UNSPECIFIED. ) 
 CURVE ( )  GEOMETRIC_REPRESENTATION_ITEM ( )  RATIONAL_B_SPLINE_CURVE ( ( 1.000000000000000000, 0.8047378541243649375, 0.8047378541243649375, 1.000000000000000000 ) ) 
 REPRESENTATION_ITEM ( '' )  );
#752 = VECTOR ( 'NONE', #603, 1000.000000000000000 ) ;
#753 = ADVANCED_FACE ( 'NONE', ( #4470 ), #749, .F. ) ;
#754 = CARTESIAN_POINT ( 'NONE',  ( 58.00000000000000000, 5.999999999999994671, 29.69999999999998863 ) ) ;
#755 = VERTEX_POINT ( 'NONE', #2799 ) ;
#756 = DIRECTION ( 'NONE',  ( 1.000000000000000000, 0.000000000000000000, 0.000000000000000000 ) ) ;
#757 = DIRECTION ( 'NONE',  ( -0.000000000000000000, -0.000000000000000000, -1.000000000000000000 ) ) ;
#758 = ORIENTED_EDGE ( 'NONE', *, *, #1680, .T. ) ;
#759 = DIRECTION ( 'NONE',  ( 0.000000000000000000, -1.000000000000000000, -1.444447458290427547E-31 ) ) ;
#760 = EDGE_LOOP ( 'NONE', ( #1233, #1771, #248, #4379 ) ) ;
#761 = CIRCLE ( 'NONE', #3759, 9.999999999999998224 ) ;
#762 = CARTESIAN_POINT ( 'NONE',  ( 33.50000000000000000, -1.000000000000000222, 0.000000000000000000 ) ) ;
#763 = EDGE_LOOP ( 'NONE', ( #2518, #2048, #3901, #1114 ) ) ;
#764 = DIRECTION ( 'NONE',  ( 0.000000000000000000, -0.000000000000000000, 1.000000000000000000 ) ) ;
#765 = PLANE ( 'NONE',  #3513 ) ;
#766 = EDGE_CURVE ( 'NONE', #1708, #304, #1219, .T. ) ;
#767 = ADVANCED_FACE ( 'NONE', ( #2872 ), #4863, .T. ) ;
#768 = VERTEX_POINT ( 'NONE', #776 ) ;
#769 = DIRECTION ( 'NONE',  ( 0.000000000000000000, -1.000000000000000000, -5.782411586589356653E-16 ) ) ;
#770 = DIRECTION ( 'NONE',  ( 1.323094176592479975E-16, -1.000000000000000000, 0.000000000000000000 ) ) ;
#771 = DIRECTION ( 'NONE',  ( 0.000000000000000000, -1.000000000000000000, 0.000000000000000000 ) ) ;
#772 = CIRCLE ( 'NONE', #4452, 10.00000000000000000 ) ;
#773 = ORIENTED_EDGE ( 'NONE', *, *, #3443, .T. ) ;
#774 = DIRECTION ( 'NONE',  ( 1.000000000000000000, 8.673617379884036705E-17, 8.673617379884037444E-16 ) ) ;
#775 = CARTESIAN_POINT ( 'NONE',  ( 57.99999999999999289, 3.999999999999989786, 57.99999999999997868 ) ) ;
#776 = CARTESIAN_POINT ( 'NONE',  ( 8.250000000000000000, 28.27024810886958051, 22.49999999999998934 ) ) ;
#777 = ADVANCED_FACE ( 'NONE', ( #2847 ), #4099, .F. ) ;
#778 = EDGE_CURVE ( 'NONE', #4272, #4594, #1242, .T. ) ;
#779 = CIRCLE ( 'NONE', #4377, 10.00000000000000178 ) ;
#780 = DIRECTION ( 'NONE',  ( 0.000000000000000000, 0.000000000000000000, 1.000000000000000000 ) ) ;
#781 = VERTEX_POINT ( 'NONE', #5244 ) ;
#782 = CARTESIAN_POINT ( 'NONE',  ( 15.37500000000000000, 30.99999999999999645, 37.49999999999999289 ) ) ;
#783 = CARTESIAN_POINT ( 'NONE',  ( 22.49999999999999289, 28.99999999999999645, 47.99999999999997868 ) ) ;
#784 = DIRECTION ( 'NONE',  ( 1.000000000000000000, 0.000000000000000000, 6.938893903907228378E-16 ) ) ;
#785 = AXIS2_PLACEMENT_3D ( 'NONE', #856, #3348, #5031 ) ;
#786 = EDGE_CURVE ( 'NONE', #2201, #971, #4423, .T. ) ;
#787 = AXIS2_PLACEMENT_3D ( 'NONE', #3310, #2912, #929 ) ;
#788 = ORIENTED_EDGE ( 'NONE', *, *, #2311, .T. ) ;
#789 = CARTESIAN_POINT ( 'NONE',  ( 16.89999999999999858, 1.199999999999997957, -7.000000000000000000 ) ) ;
#790 = VERTEX_POINT ( 'NONE', #4052 ) ;
#791 = CARTESIAN_POINT ( 'NONE',  ( 44.62500000000000000, 30.99999999999999645, 37.50000000000000711 ) ) ;
#792 = VECTOR ( 'NONE', #1461, 1000.000000000000000 ) ;
#793 = EDGE_CURVE ( 'NONE', #1747, #4813, #27, .T. ) ;
#794 = EDGE_CURVE ( 'NONE', #4013, #2777, #725, .T. ) ;
#795 = ORIENTED_EDGE ( 'NONE', *, *, #3609, .T. ) ;
#796 = CARTESIAN_POINT ( 'NONE',  ( 31.50000000000000000, 2.100000000000000089, 55.00000000000000000 ) ) ;
#797 = CARTESIAN_POINT ( 'NONE',  ( 15.75000000000000000, 1.000000000000002220, 40.00000000000000000 ) ) ;
#798 = DIRECTION ( 'NONE',  ( -0.04343722427630695299, -0.9990561583550595648, 0.000000000000000000 ) ) ;
#799 = PRODUCT_CONTEXT ( 'NONE', #2343, 'mechanical' ) ;
#800 = ORIENTED_EDGE ( 'NONE', *, *, #4956, .T. ) ;
#801 = DIRECTION ( 'NONE',  ( 1.000000000000000000, 0.000000000000000000, -0.000000000000000000 ) ) ;
#802 = DIRECTION ( 'NONE',  ( 1.000000000000000000, -0.000000000000000000, -0.000000000000000000 ) ) ;
#803 = VECTOR ( 'NONE', #2073, 1000.000000000000000 ) ;
#804 = LINE ( 'NONE', #2459, #2316 ) ;
#805 = LINE ( 'NONE', #2030, #2212 ) ;
#806 = EDGE_CURVE ( 'NONE', #633, #3697, #1973, .T. ) ;
#807 = LINE ( 'NONE', #782, #2845 ) ;
#808 = CARTESIAN_POINT ( 'NONE',  ( 75.00000000000000000, 1.199999999999999956, -22.59999999999999432 ) ) ;
#809 = VECTOR ( 'NONE', #1446, 1000.000000000000000 ) ;
#810 = ADVANCED_BREP_SHAPE_REPRESENTATION ( '', ( #4115, #3931 ), #1968 ) ;
#811 = AXIS2_PLACEMENT_3D ( 'NONE', #440, #3707, #886 ) ;
#812 = PLANE ( 'NONE',  #1581 ) ;
#813 = CIRCLE ( 'NONE', #1228, 5.999999999999998224 ) ;
#814 = ORIENTED_EDGE ( 'NONE', *, *, #4536, .T. ) ;
#815 = AXIS2_PLACEMENT_3D ( 'NONE', #5116, #4715, #3576 ) ;
#816 = CARTESIAN_POINT ( 'NONE',  ( 11.89999999999999325, 2.299999999999999822, -3.500000000000000444 ) ) ;
#817 = ORIENTED_EDGE ( 'NONE', *, *, #2263, .T. ) ;
#818 = CARTESIAN_POINT ( 'NONE',  ( 60.00000000000000000, -6.000000000000000000, 1.999999999999999556 ) ) ;
#819 = ORIENTED_EDGE ( 'NONE', *, *, #700, .F. ) ;
#820 = EDGE_CURVE ( 'NONE', #2468, #3911, #3218, .T. ) ;
#821 = ORIENTED_EDGE ( 'NONE', *, *, #4708, .T. ) ;
#822 = DIRECTION ( 'NONE',  ( 0.000000000000000000, 0.000000000000000000, -1.000000000000000000 ) ) ;
#823 = AXIS2_PLACEMENT_3D ( 'NONE', #2901, #764, #2730 ) ;
#824 = DIRECTION ( 'NONE',  ( -1.000000000000000000, -0.000000000000000000, -0.000000000000000000 ) ) ;
#825 = LINE ( 'NONE', #3238, #3123 ) ;
#826 = VECTOR ( 'NONE', #3921, 1000.000000000000000 ) ;
#827 = ORIENTED_EDGE ( 'NONE', *, *, #3628, .T. ) ;
#828 = DIRECTION ( 'NONE',  ( 0.000000000000000000, 1.000000000000000000, 0.000000000000000000 ) ) ;
#829 = DIRECTION ( 'NONE',  ( 0.7071067811865372477, -0.7071067811865578978, -7.666467083416981624E-17 ) ) ;
#830 = AXIS2_PLACEMENT_3D ( 'NONE', #3809, #3058, #2975 ) ;
#831 = DIRECTION ( 'NONE',  ( -2.736911063134408342E-48, -1.000000000000000000, -1.187392209762482313E-16 ) ) ;
#832 = CARTESIAN_POINT ( 'NONE',  ( 75.00000000000000000, 8.199999999999999289, -22.59999999999999787 ) ) ;
#833 = CARTESIAN_POINT ( 'NONE',  ( 60.00000000000000000, 29.19999999999999218, -10.09999999999999787 ) ) ;
#834 = CARTESIAN_POINT ( 'NONE',  ( 5.250000000000000000, 2.589130434782608514, -6.500000000000000888 ) ) ;
#835 = AXIS2_PLACEMENT_3D ( 'NONE', #3488, #4945, #1221 ) ;
#836 = AXIS2_PLACEMENT_3D ( 'NONE', #2843, #2796, #4096 ) ;
#837 = EDGE_LOOP ( 'NONE', ( #3928, #3500, #932, #3503, #3998 ) ) ;
#838 = CARTESIAN_POINT ( 'NONE',  ( 75.00000000000000000, 4.649999999999999467, -8.000000000000000000 ) ) ;
#839 = ORIENTED_EDGE ( 'NONE', *, *, #199, .F. ) ;
#840 = VECTOR ( 'NONE', #3859, 1000.000000000000000 ) ;
#841 = CARTESIAN_POINT ( 'NONE',  ( 22.49999999999998934, 28.27024810886957340, 51.75000000000000000 ) ) ;
#842 = EDGE_CURVE ( 'NONE', #289, #2782, #995, .T. ) ;
#843 = EDGE_CURVE ( 'NONE', #4617, #1482, #2429, .T. ) ;
#844 = ORIENTED_EDGE ( 'NONE', *, *, #212, .F. ) ;
#845 = LINE ( 'NONE', #477, #3521 ) ;
#846 = CARTESIAN_POINT ( 'NONE',  ( 20.75000000000000355, 24.36067977499790871, -9.999999999999998224 ) ) ;
#847 = DIRECTION ( 'NONE',  ( 1.239088197126291063E-16, 0.000000000000000000, -1.000000000000000000 ) ) ;
#848 = ADVANCED_FACE ( 'NONE', ( #2027 ), #1610, .F. ) ;
#849 = APPLICATION_PROTOCOL_DEFINITION ( 'draft international standard', 'automotive_design', 1998, #2343 ) ;
#850 = ORIENTED_EDGE ( 'NONE', *, *, #4565, .T. ) ;
#851 = DIRECTION ( 'NONE',  ( -1.000000000000000000, 0.000000000000000000, 0.000000000000000000 ) ) ;
#852 = ORIENTED_EDGE ( 'NONE', *, *, #2107, .T. ) ;
#853 = DIRECTION ( 'NONE',  ( -0.000000000000000000, 1.000000000000000000, -0.000000000000000000 ) ) ;
#854 = DIRECTION ( 'NONE',  ( -0.000000000000000000, -0.000000000000000000, 1.000000000000000000 ) ) ;
#855 = CARTESIAN_POINT ( 'NONE',  ( 51.75000000000000000, 30.99999999999999645, 22.50000000000001066 ) ) ;
#856 = CARTESIAN_POINT ( 'NONE',  ( 60.00000000000000000, -3.499999999999987566, 14.40000000000000213 ) ) ;
#857 = EDGE_CURVE ( 'NONE', #266, #1915, #5001, .T. ) ;
#858 = LINE ( 'NONE', #4132, #1314 ) ;
#859 = ADVANCED_FACE ( 'NONE', ( #1358 ), #81, .F. ) ;
#860 = LINE ( 'NONE', #5151, #1683 ) ;
#861 = DIRECTION ( 'NONE',  ( -0.7071067811865482389, -0.000000000000000000, 0.7071067811865469066 ) ) ;
#862 = ORIENTED_EDGE ( 'NONE', *, *, #3021, .F. ) ;
#863 = DIRECTION ( 'NONE',  ( -1.000000000000000000, -0.000000000000000000, -0.000000000000000000 ) ) ;
#864 = EDGE_LOOP ( 'NONE', ( #2337, #3820, #5202, #2987 ) ) ;
#865 = PRESENTATION_LAYER_ASSIGNMENT (  '', '', ( #4041 ) ) ;
#866 = LINE ( 'NONE', #1262, #5213 ) ;
#867 = VECTOR ( 'NONE', #4222, 1000.000000000000000 ) ;
#868 = EDGE_LOOP ( 'NONE', ( #3359, #1432, #1568, #4485 ) ) ;
#869 = EDGE_CURVE ( 'NONE', #5225, #4397, #1716, .T. ) ;
#870 = ORIENTED_EDGE ( 'NONE', *, *, #609, .F. ) ;
#871 = VECTOR ( 'NONE', #2396, 1000.000000000000000 ) ;
#872 = FILL_AREA_STYLE ('',( #4532 ) ) ;
#873 = LINE ( 'NONE', #2119, #3101 ) ;
#874 = CARTESIAN_POINT ( 'NONE',  ( 60.00000000000000000, -3.000000000000000888, 5.000000000000000000 ) ) ;
#875 = DIRECTION ( 'NONE',  ( 1.000000000000000000, 0.000000000000000000, 0.000000000000000000 ) ) ;
#876 = VERTEX_POINT ( 'NONE', #4177 ) ;
#877 = DIRECTION ( 'NONE',  ( 0.000000000000000000, -1.000000000000000000, 0.000000000000000000 ) ) ;
#878 = EDGE_LOOP ( 'NONE', ( #984, #2242, #590, #4444 ) ) ;
#879 = EDGE_CURVE ( 'NONE', #48, #4806, #2998, .T. ) ;
#880 = CARTESIAN_POINT ( 'NONE',  ( 31.50000000000000000, 4.099999999999999645, 53.00000000000000000 ) ) ;
#881 = LINE ( 'NONE', #3028, #2052 ) ;
#882 = LINE ( 'NONE', #2485, #2638 ) ;
#883 = DIRECTION ( 'NONE',  ( 1.000000000000000000, -0.000000000000000000, -0.000000000000000000 ) ) ;
#884 = CARTESIAN_POINT ( 'NONE',  ( 47.99999999999999289, 28.99999999999999645, 47.99999999999997868 ) ) ;
#885 = EDGE_CURVE ( 'NONE', #214, #5225, #1746, .T. ) ;
#886 = DIRECTION ( 'NONE',  ( 1.000000000000000000, 4.336808689942019708E-16, 0.000000000000000000 ) ) ;
#887 = ADVANCED_FACE ( 'NONE', ( #1333 ), #2971, .F. ) ;
#888 = EDGE_LOOP ( 'NONE', ( #326, #817, #484, #4927 ) ) ;
#889 = AXIS2_PLACEMENT_3D ( 'NONE', #3368, #2969, #4912 ) ;
#890 = LINE ( 'NONE', #4983, #2706 ) ;
#891 = ORIENTED_EDGE ( 'NONE', *, *, #2637, .T. ) ;
#892 = PLANE ( 'NONE',  #4031 ) ;
#893 = ORIENTED_EDGE ( 'NONE', *, *, #1638, .F. ) ;
#894 = VERTEX_POINT ( 'NONE', #2606 ) ;
#895 = CARTESIAN_POINT ( 'NONE',  ( 48.00000000000000000, 19.00000000000000355, 12.00000000000000000 ) ) ;
#896 = DIRECTION ( 'NONE',  ( 1.000000000000000000, 1.445602896647339656E-16, 0.000000000000000000 ) ) ;
#897 = DIRECTION ( 'NONE',  ( 0.000000000000000000, -1.000000000000000000, 0.000000000000000000 ) ) ;
#898 = ADVANCED_FACE ( 'NONE', ( #4518 ), #2503, .F. ) ;
#899 = FACE_OUTER_BOUND ( 'NONE', #349, .T. ) ;
#900 = VERTEX_POINT ( 'NONE', #161 ) ;
#901 = AXIS2_PLACEMENT_3D ( 'NONE', #4014, #2364, #5178 ) ;
#902 = CARTESIAN_POINT ( 'NONE',  ( 16.89999999999999858, 2.600000000000000089, -7.000000000000000000 ) ) ;
#903 = EDGE_LOOP ( 'NONE', ( #1217, #1373, #2618, #3476 ) ) ;
#904 = CARTESIAN_POINT ( 'NONE',  ( 13.29999999999999893, 5.949999999999999289, 2.000000000000000000 ) ) ;
#905 = AXIS2_PLACEMENT_3D ( 'NONE', #433, #3596, #4075 ) ;
#906 = ORIENTED_EDGE ( 'NONE', *, *, #1101, .F. ) ;
#907 = DIRECTION ( 'NONE',  ( 0.000000000000000000, -0.000000000000000000, 1.000000000000000000 ) ) ;
#908 = DIRECTION ( 'NONE',  ( 1.239088197126291063E-16, 0.000000000000000000, -1.000000000000000000 ) ) ;
#909 = LINE ( 'NONE', #1252, #1825 ) ;
#910 = EDGE_CURVE ( 'NONE', #3567, #1867, #1802, .T. ) ;
#911 = DIRECTION ( 'NONE',  ( 0.000000000000000000, 7.065269995080883413E-18, 1.000000000000000000 ) ) ;
#912 = VECTOR ( 'NONE', #1443, 999.9999999999998863 ) ;
#913 = CARTESIAN_POINT ( 'NONE',  ( 35.26538908328470256, 1.199999999999997513, -2.600000000000000089 ) ) ;
#914 = CARTESIAN_POINT ( 'NONE',  ( 0.000000000000000000, -4.000000000000000000, 2.000000000000000000 ) ) ;
#915 = EDGE_CURVE ( 'NONE', #1135, #781, #540, .T. ) ;
#916 = ORIENTED_EDGE ( 'NONE', *, *, #4735, .F. ) ;
#917 = CARTESIAN_POINT ( 'NONE',  ( 22.50000000000000711, 28.99999999999999645, 15.37500000000000000 ) ) ;
#918 = DIRECTION ( 'NONE',  ( 1.000000000000000000, 0.000000000000000000, 0.000000000000000000 ) ) ;
#919 = ORIENTED_EDGE ( 'NONE', *, *, #514, .T. ) ;
#920 = CARTESIAN_POINT ( 'NONE',  ( 37.49999999999999289, 19.00000000000000355, 47.99999999999997868 ) ) ;
#921 = VECTOR ( 'NONE', #1425, 1000.000000000000000 ) ;
#922 = VERTEX_POINT ( 'NONE', #3342 ) ;
#923 = VECTOR ( 'NONE', #4053, 1000.000000000000000 ) ;
#924 = PRODUCT_DEFINITION_FORMATION_WITH_SPECIFIED_SOURCE ( 'ANY', '', #1081, .NOT_KNOWN. ) ;
#925 = ORIENTED_EDGE ( 'NONE', *, *, #1911, .F. ) ;
#926 = EDGE_CURVE ( 'NONE', #4913, #4617, #959, .T. ) ;
#927 = DIRECTION ( 'NONE',  ( -0.000000000000000000, 1.000000000000000000, 1.084202172485504311E-16 ) ) ;
#928 = EDGE_CURVE ( 'NONE', #3424, #2166, #3724, .T. ) ;
#929 = DIRECTION ( 'NONE',  ( 1.000000000000000000, 8.673617379884034239E-17, 0.000000000000000000 ) ) ;
#930 = VERTEX_POINT ( 'NONE', #1774 ) ;
#931 = LINE ( 'NONE', #2123, #4849 ) ;
#932 = ORIENTED_EDGE ( 'NONE', *, *, #325, .F. ) ;
#933 = DIRECTION ( 'NONE',  ( 0.000000000000000000, 0.000000000000000000, -1.000000000000000000 ) ) ;
#934 = ORIENTED_EDGE ( 'NONE', *, *, #701, .F. ) ;
#935 = DIRECTION ( 'NONE',  ( 1.000000000000000000, 0.000000000000000000, -0.000000000000000000 ) ) ;
#936 = DIRECTION ( 'NONE',  ( 0.000000000000000000, -1.000000000000000000, 0.000000000000000000 ) ) ;
#937 = CARTESIAN_POINT ( 'NONE',  ( 75.00000000000000000, 8.199999999999999289, -19.59999999999999787 ) ) ;
#938 = DIRECTION ( 'NONE',  ( 1.000000000000000000, -0.000000000000000000, -0.000000000000000000 ) ) ;
#939 = CARTESIAN_POINT ( 'NONE',  ( 0.000000000000000000, 4.649999999999999467, -8.000000000000000000 ) ) ;
#940 = ADVANCED_FACE ( 'NONE', ( #485 ), #4942, .T. ) ;
#941 = FACE_OUTER_BOUND ( 'NONE', #1285, .T. ) ;
#942 = AXIS2_PLACEMENT_3D ( 'NONE', #3962, #287, #1988 ) ;
#943 = FACE_OUTER_BOUND ( 'NONE', #5201, .T. ) ;
#944 = CARTESIAN_POINT ( 'NONE',  ( 10.25000000000000178, 3.500000000000001332, 55.00000000000000000 ) ) ;
#945 = ORIENTED_EDGE ( 'NONE', *, *, #2907, .T. ) ;
#946 = EDGE_CURVE ( 'NONE', #1300, #2819, #1691, .T. ) ;
#947 = CARTESIAN_POINT ( 'NONE',  ( 13.25000000000000000, -7.072334171290062423E-15, -0.5000000000000000000 ) ) ;
#948 = ORIENTED_EDGE ( 'NONE', *, *, #3755, .F. ) ;
#949 = STYLED_ITEM ( 'NONE', ( #3645 ), #4115 ) ;
#950 = ORIENTED_EDGE ( 'NONE', *, *, #57, .F. ) ;
#951 = CARTESIAN_POINT ( 'NONE',  ( 18.25000000000000000, 5.500000000000005329, -2.000000000000000000 ) ) ;
#952 = LINE ( 'NONE', #4993, #1738 ) ;
#953 = AXIS2_PLACEMENT_3D ( 'NONE', #1362, #437, #3704 ) ;
#954 = EDGE_CURVE ( 'NONE', #4850, #557, #1275, .T. ) ;
#955 = DIRECTION ( 'NONE',  ( -1.239088197126291310E-16, 1.000000000000000000, 0.000000000000000000 ) ) ;
#956 = ORIENTED_EDGE ( 'NONE', *, *, #2637, .F. ) ;
#957 = DIRECTION ( 'NONE',  ( 0.000000000000000000, -1.192622389734055124E-16, 1.000000000000000000 ) ) ;
#958 = VERTEX_POINT ( 'NONE', #2127 ) ;
#959 = LINE ( 'NONE', #2098, #4714 ) ;
#960 = ORIENTED_EDGE ( 'NONE', *, *, #2630, .F. ) ;
#961 = DIRECTION ( 'NONE',  ( -1.239088197126291063E-16, 0.000000000000000000, 1.000000000000000000 ) ) ;
#962 = DIRECTION ( 'NONE',  ( -0.000000000000000000, -0.000000000000000000, 1.000000000000000000 ) ) ;
#963 = CYLINDRICAL_SURFACE ( 'NONE', #2076, 3.499999999999997780 ) ;
#964 = LINE ( 'NONE', #139, #3805 ) ;
#965 =( NAMED_UNIT ( * ) PLANE_ANGLE_UNIT ( ) SI_UNIT ( $, .RADIAN. ) );
#966 = PLANE ( 'NONE',  #518 ) ;
#967 = EDGE_CURVE ( 'NONE', #4013, #259, #5025, .T. ) ;
#968 = ORIENTED_EDGE ( 'NONE', *, *, #1402, .F. ) ;
#969 = DIRECTION ( 'NONE',  ( 0.000000000000000000, 0.000000000000000000, -1.000000000000000000 ) ) ;
#970 = PLANE ( 'NONE',  #2712 ) ;
#971 = VERTEX_POINT ( 'NONE', #3967 ) ;
#972 = FACE_OUTER_BOUND ( 'NONE', #1074, .T. ) ;
#973 = CARTESIAN_POINT ( 'NONE',  ( 5.000000000000000000, 2.600000000000000089, -3.250000000000000444 ) ) ;
#974 = VECTOR ( 'NONE', #3129, 1000.000000000000000 ) ;
#975 = ORIENTED_EDGE ( 'NONE', *, *, #294, .T. ) ;
#976 = EDGE_LOOP ( 'NONE', ( #614, #2142, #95, #3886, #4968, #4241, #693, #4639, #891, #5205, #852, #1688, #4526, #5242, #4426 ) ) ;
#977 = DIRECTION ( 'NONE',  ( -0.000000000000000000, 0.000000000000000000, -1.000000000000000000 ) ) ;
#978 = CIRCLE ( 'NONE', #5251, 4.999999999999999112 ) ;
#979 = CARTESIAN_POINT ( 'NONE',  ( 11.89999999999999325, 2.299999999999999822, -6.500000000000000888 ) ) ;
#980 = CIRCLE ( 'NONE', #2622, 1.500000000000001332 ) ;
#981 = EDGE_CURVE ( 'NONE', #3386, #5225, #292, .T. ) ;
#982 = VERTEX_POINT ( 'NONE', #243 ) ;
#983 = DIRECTION ( 'NONE',  ( 4.336808689942017736E-16, -1.000000000000000000, 0.000000000000000000 ) ) ;
#984 = ORIENTED_EDGE ( 'NONE', *, *, #528, .F. ) ;
#985 = VECTOR ( 'NONE', #228, 1000.000000000000000 ) ;
#986 = LINE ( 'NONE', #5078, #4312 ) ;
#987 = ORIENTED_EDGE ( 'NONE', *, *, #74, .F. ) ;
#988 = LINE ( 'NONE', #1831, #2001 ) ;
#989 = ORIENTED_EDGE ( 'NONE', *, *, #5043, .F. ) ;
#990 = CARTESIAN_POINT ( 'NONE',  ( 75.00000000000000000, 4.649999999999999467, -19.59999999999999787 ) ) ;
#991 = CARTESIAN_POINT ( 'NONE',  ( 72.00000000000000000, 4.599999999999999645, -8.000000000000000000 ) ) ;
#992 = PLANE ( 'NONE',  #1934 ) ;
#993 = PRESENTATION_STYLE_ASSIGNMENT (( #3813 ) ) ;
#994 = EDGE_CURVE ( 'NONE', #160, #3563, #2597, .T. ) ;
#995 = CIRCLE ( 'NONE', #1600, 2.999999999999999112 ) ;
#996 = FACE_OUTER_BOUND ( 'NONE', #4660, .T. ) ;
#997 = DIRECTION ( 'NONE',  ( 1.000000000000000000, -0.000000000000000000, -0.000000000000000000 ) ) ;
#998 = VECTOR ( 'NONE', #4603, 1000.000000000000000 ) ;
#999 = DIRECTION ( 'NONE',  ( 0.000000000000000000, -1.000000000000000000, 0.000000000000000000 ) ) ;
#1000 = ORIENTED_EDGE ( 'NONE', *, *, #5235, .T. ) ;
#1001 = DIRECTION ( 'NONE',  ( 0.5773502691896370553, -0.5773502691896211791, 0.5773502691896190697 ) ) ;
#1002 = ORIENTED_EDGE ( 'NONE', *, *, #3910, .T. ) ;
#1003 = ORIENTED_EDGE ( 'NONE', *, *, #1811, .F. ) ;
#1004 = CARTESIAN_POINT ( 'NONE',  ( 7.249999999999999112, 30.99999999999999645, 7.249999999999999112 ) ) ;
#1005 = ADVANCED_FACE ( 'NONE', ( #1467, #2663 ), #217, .F. ) ;
#1006 = LINE ( 'NONE', #2657, #2686 ) ;
#1007 = EDGE_CURVE ( 'NONE', #1437, #4684, #3535, .T. ) ;
#1008 = AXIS2_PLACEMENT_3D ( 'NONE', #3829, #1381, #3746 ) ;
#1009 = ORIENTED_EDGE ( 'NONE', *, *, #1911, .T. ) ;
#1010 = CARTESIAN_POINT ( 'NONE',  ( 0.000000000000000000, 2.099999999999999645, 0.000000000000000000 ) ) ;
#1011 = ORIENTED_EDGE ( 'NONE', *, *, #3102, .T. ) ;
#1012 = DIRECTION ( 'NONE',  ( -1.000000000000000000, -0.000000000000000000, -0.000000000000000000 ) ) ;
#1013 = EDGE_CURVE ( 'NONE', #4528, #1090, #5158, .T. ) ;
#1014 = CIRCLE ( 'NONE', #1455, 2.000000000000000000 ) ;
#1015 =( NAMED_UNIT ( * ) PLANE_ANGLE_UNIT ( ) SI_UNIT ( $, .RADIAN. ) );
#1016 = FACE_OUTER_BOUND ( 'NONE', #3632, .T. ) ;
#1017 = DIRECTION ( 'NONE',  ( 0.000000000000000000, -1.000000000000000000, 0.000000000000000000 ) ) ;
#1018 = CARTESIAN_POINT ( 'NONE',  ( 47.99999999999999289, 18.99999999999999645, 47.99999999999997868 ) ) ;
#1019 = DIRECTION ( 'NONE',  ( -0.000000000000000000, -0.000000000000000000, -1.000000000000000000 ) ) ;
#1020 = ORIENTED_EDGE ( 'NONE', *, *, #2020, .F. ) ;
#1021 = EDGE_CURVE ( 'NONE', #4747, #341, #3454, .T. ) ;
#1022 = EDGE_CURVE ( 'NONE', #644, #3889, #1497, .T. ) ;
#1023 = CARTESIAN_POINT ( 'NONE',  ( 0.000000000000000000, -8.673617379884035472E-16, 8.000000000000001776 ) ) ;
#1024 = ORIENTED_EDGE ( 'NONE', *, *, #2311, .F. ) ;
#1025 = DIRECTION ( 'NONE',  ( 1.000000000000000000, 0.000000000000000000, -0.000000000000000000 ) ) ;
#1026 = ORIENTED_EDGE ( 'NONE', *, *, #946, .T. ) ;
#1027 = ORIENTED_EDGE ( 'NONE', *, *, #2047, .T. ) ;
#1028 = LINE ( 'NONE', #3493, #4370 ) ;
#1029 = AXIS2_PLACEMENT_3D ( 'NONE', #5232, #1112, #4803 ) ;
#1030 = ORIENTED_EDGE ( 'NONE', *, *, #2056, .F. ) ;
#1031 = EDGE_LOOP ( 'NONE', ( #4291, #2542, #3644, #1511 ) ) ;
#1032 = LINE ( 'NONE', #4246, #1945 ) ;
#1033 = CARTESIAN_POINT ( 'NONE',  ( 44.62500000000000000, 30.99999999999999645, 22.50000000000000711 ) ) ;
#1034 = ORIENTED_EDGE ( 'NONE', *, *, #4859, .F. ) ;
#1035 = ORIENTED_EDGE ( 'NONE', *, *, #4506, .T. ) ;
#1036 = LINE ( 'NONE', #159, #4144 ) ;
#1037 = EDGE_LOOP ( 'NONE', ( #4882, #1166, #3364, #2203 ) ) ;
#1038 = CARTESIAN_POINT ( 'NONE',  ( 21.75000000000000000, 1.000000000000003109, 40.00000000000000000 ) ) ;
#1039 = CIRCLE ( 'NONE', #3182, 10.00000000000000178 ) ;
#1040 = AXIS2_PLACEMENT_3D ( 'NONE', #1523, #745, #3211 ) ;
#1041 = LINE ( 'NONE', #2613, #1782 ) ;
#1042 = CARTESIAN_POINT ( 'NONE',  ( 21.24999999999999645, 3.500000000000002665, -0.5000000000000000000 ) ) ;
#1043 = VECTOR ( 'NONE', #3362, 1000.000000000000000 ) ;
#1044 = LINE ( 'NONE', #4317, #1514 ) ;
#1045 = EDGE_CURVE ( 'NONE', #4258, #3594, #3131, .T. ) ;
#1046 = CARTESIAN_POINT ( 'NONE',  ( 60.00000000000000000, 31.99999999999999289, -10.09999999999999787 ) ) ;
#1047 = ORIENTED_EDGE ( 'NONE', *, *, #4066, .T. ) ;
#1048 = DIRECTION ( 'NONE',  ( 0.000000000000000000, -0.000000000000000000, 1.000000000000000000 ) ) ;
#1049 = CARTESIAN_POINT ( 'NONE',  ( 13.29999999999999893, 4.049999999999999822, 2.000000000000000000 ) ) ;
#1050 = VERTEX_POINT ( 'NONE', #4362 ) ;
#1051 = EDGE_CURVE ( 'NONE', #2610, #185, #988, .T. ) ;
#1052 = ORIENTED_EDGE ( 'NONE', *, *, #4345, .T. ) ;
#1053 = ORIENTED_EDGE ( 'NONE', *, *, #1395, .T. ) ;
#1054 = LINE ( 'NONE', #3046, #2035 ) ;
#1055 = FACE_OUTER_BOUND ( 'NONE', #4951, .T. ) ;
#1056 = CIRCLE ( 'NONE', #3630, 1.499999999999999556 ) ;
#1057 = VERTEX_POINT ( 'NONE', #1038 ) ;
#1058 = VECTOR ( 'NONE', #2298, 1000.000000000000000 ) ;
#1059 = ORIENTED_EDGE ( 'NONE', *, *, #1836, .F. ) ;
#1060 = DIRECTION ( 'NONE',  ( 0.000000000000000000, -1.000000000000000000, 0.000000000000000000 ) ) ;
#1061 = AXIS2_PLACEMENT_3D ( 'NONE', #3982, #1953, #2926 ) ;
#1062 = EDGE_LOOP ( 'NONE', ( #616, #5155, #2844, #2251 ) ) ;
#1063 = DIRECTION ( 'NONE',  ( -0.000000000000000000, 1.000000000000000000, -0.000000000000000000 ) ) ;
#1064 = VECTOR ( 'NONE', #4659, 1000.000000000000000 ) ;
#1065 = CARTESIAN_POINT ( 'NONE',  ( 31.50000000000000000, 4.102566777143633774E-15, 0.000000000000000000 ) ) ;
#1066 = EDGE_LOOP ( 'NONE', ( #1210, #4776, #5120, #1356, #2994, #634, #2149, #2122, #3858, #1483 ) ) ;
#1067 = LINE ( 'NONE', #2718, #618 ) ;
#1068 = CARTESIAN_POINT ( 'NONE',  ( 58.00000000000000000, 108.1959594928933086, 29.69999999999998863 ) ) ;
#1069 = DIRECTION ( 'NONE',  ( 0.000000000000000000, 0.000000000000000000, 1.000000000000000000 ) ) ;
#1070 = ADVANCED_FACE ( 'NONE', ( #2716 ), #4761, .F. ) ;
#1071 = ORIENTED_EDGE ( 'NONE', *, *, #2678, .F. ) ;
#1072 = EDGE_CURVE ( 'NONE', #1648, #152, #3267, .T. ) ;
#1073 = LINE ( 'NONE', #5169, #1177 ) ;
#1074 = EDGE_LOOP ( 'NONE', ( #3708, #2384, #4480, #297 ) ) ;
#1075 = DIRECTION ( 'NONE',  ( 1.000000000000000000, 0.000000000000000000, 0.000000000000000000 ) ) ;
#1076 = ORIENTED_EDGE ( 'NONE', *, *, #501, .F. ) ;
#1077 = CARTESIAN_POINT ( 'NONE',  ( 60.00000000000000000, 0.000000000000000000, 0.000000000000000000 ) ) ;
#1078 = EDGE_CURVE ( 'NONE', #2062, #1818, #1357, .T. ) ;
#1079 = STYLED_ITEM ( 'NONE', ( #993 ), #586 ) ;
#1080 = ORIENTED_EDGE ( 'NONE', *, *, #2914, .F. ) ;
#1081 = PRODUCT ( 'clip support PV', 'clip support PV', '', ( #1243 ) ) ;
#1082 = VERTEX_POINT ( 'NONE', #3856 ) ;
#1083 = PLANE ( 'NONE',  #1595 ) ;
#1084 = CARTESIAN_POINT ( 'NONE',  ( 11.89999999999999325, 0.4999999999999935052, -2.600000000000000089 ) ) ;
#1085 = ORIENTED_EDGE ( 'NONE', *, *, #170, .F. ) ;
#1086 = ADVANCED_FACE ( 'NONE', ( #3027 ), #186, .T. ) ;
#1087 = EDGE_CURVE ( 'NONE', #5146, #1332, #1440, .T. ) ;
#1088 = ORIENTED_EDGE ( 'NONE', *, *, #1803, .T. ) ;
#1089 = DIRECTION ( 'NONE',  ( 0.000000000000000000, -1.000000000000000000, 0.000000000000000000 ) ) ;
#1090 = VERTEX_POINT ( 'NONE', #645 ) ;
#1091 = DIRECTION ( 'NONE',  ( 0.000000000000000000, -1.000000000000000000, 0.000000000000000000 ) ) ;
#1092 = DIRECTION ( 'NONE',  ( -1.000000000000000000, 0.000000000000000000, -0.000000000000000000 ) ) ;
#1093 = AXIS2_PLACEMENT_3D ( 'NONE', #5021, #2579, #955 ) ;
#1094 = DIRECTION ( 'NONE',  ( -1.000000000000000000, 0.000000000000000000, -0.000000000000000000 ) ) ;
#1095 = ORIENTED_EDGE ( 'NONE', *, *, #3178, .F. ) ;
#1096 = DIRECTION ( 'NONE',  ( -1.239088197126291063E-16, 1.000000000000000000, -0.000000000000000000 ) ) ;
#1097 = VECTOR ( 'NONE', #1804, 1000.000000000000000 ) ;
#1098 = DIRECTION ( 'NONE',  ( 0.000000000000000000, -1.000000000000000000, 0.000000000000000000 ) ) ;
#1099 =( GEOMETRIC_REPRESENTATION_CONTEXT ( 3 ) GLOBAL_UNCERTAINTY_ASSIGNED_CONTEXT ( ( #2996 ) ) GLOBAL_UNIT_ASSIGNED_CONTEXT ( ( #2890, #4419, #1216 ) ) REPRESENTATION_CONTEXT ( 'NONE', 'WORKASPACE' ) );
#1100 = CARTESIAN_POINT ( 'NONE',  ( 0.000000000000000000, -1.734723475976807094E-15, 14.40000000000000213 ) ) ;
#1101 = EDGE_CURVE ( 'NONE', #1962, #1082, #3016, .T. ) ;
#1102 = FACE_OUTER_BOUND ( 'NONE', #868, .T. ) ;
#1103 = ORIENTED_EDGE ( 'NONE', *, *, #2301, .F. ) ;
#1104 = DIRECTION ( 'NONE',  ( 0.000000000000000000, 0.000000000000000000, -1.000000000000000000 ) ) ;
#1105 = CARTESIAN_POINT ( 'NONE',  ( 18.24999999999999645, 2.000000000000002220, -3.500000000000003109 ) ) ;
#1106 = VERTEX_POINT ( 'NONE', #3916 ) ;
#1107 = PLANE ( 'NONE',  #2705 ) ;
#1108 = ORIENTED_EDGE ( 'NONE', *, *, #5235, .F. ) ;
#1109 = EDGE_CURVE ( 'NONE', #1925, #3087, #1883, .T. ) ;
#1110 = EDGE_LOOP ( 'NONE', ( #1898, #5248, #4743, #4666 ) ) ;
#1111 = PLANE ( 'NONE',  #2960 ) ;
#1112 = DIRECTION ( 'NONE',  ( -1.734723475976807094E-16, 0.000000000000000000, 1.000000000000000000 ) ) ;
#1113 = ORIENTED_EDGE ( 'NONE', *, *, #4183, .F. ) ;
#1114 = ORIENTED_EDGE ( 'NONE', *, *, #3273, .F. ) ;
#1115 = DIRECTION ( 'NONE',  ( 1.000000000000000000, 0.000000000000000000, -0.000000000000000000 ) ) ;
#1116 = ORIENTED_EDGE ( 'NONE', *, *, #2107, .F. ) ;
#1117 = PLANE ( 'NONE',  #3185 ) ;
#1118 = DIRECTION ( 'NONE',  ( 1.000000000000000000, 0.000000000000000000, 0.000000000000000000 ) ) ;
#1119 = EDGE_CURVE ( 'NONE', #1082, #1196, #5183, .T. ) ;
#1120 = DIRECTION ( 'NONE',  ( 0.000000000000000000, 0.000000000000000000, 1.000000000000000000 ) ) ;
#1121 = ORIENTED_EDGE ( 'NONE', *, *, #926, .F. ) ;
#1122 = VECTOR ( 'NONE', #4287, 1000.000000000000000 ) ;
#1123 = CARTESIAN_POINT ( 'NONE',  ( 12.39999999999999503, -1.836970198721029441E-17, -2.600000000000000089 ) ) ;
#1124 = DIRECTION ( 'NONE',  ( 0.000000000000000000, 1.000000000000000000, 0.000000000000000000 ) ) ;
#1125 = AXIS2_PLACEMENT_3D ( 'NONE', #51, #4151, #3399 ) ;
#1126 = VECTOR ( 'NONE', #1279, 1000.000000000000000 ) ;
#1127 = CARTESIAN_POINT ( 'NONE',  ( 60.00000000000000000, -6.136203874453046338E-15, 49.99999999999997868 ) ) ;
#1128 = VERTEX_POINT ( 'NONE', #3188 ) ;
#1129 = VECTOR ( 'NONE', #428, 1000.000000000000000 ) ;
#1130 = DIRECTION ( 'NONE',  ( -0.000000000000000000, 1.000000000000000000, -0.000000000000000000 ) ) ;
#1131 = DIRECTION ( 'NONE',  ( 0.000000000000000000, 0.000000000000000000, 1.000000000000000000 ) ) ;
#1132 = ORIENTED_EDGE ( 'NONE', *, *, #331, .T. ) ;
#1133 = FACE_OUTER_BOUND ( 'NONE', #1265, .T. ) ;
#1134 = ADVANCED_FACE ( 'NONE', ( #1578 ), #1117, .F. ) ;
#1135 = VERTEX_POINT ( 'NONE', #5238 ) ;
#1136 = ORIENTED_EDGE ( 'NONE', *, *, #2391, .T. ) ;
#1137 = CARTESIAN_POINT ( 'NONE',  ( 11.89999999999999325, 2.299999999999999822, -3.500000000000000444 ) ) ;
#1138 = LINE ( 'NONE', #791, #1195 ) ;
#1139 = EDGE_CURVE ( 'NONE', #3071, #1320, #4810, .T. ) ;
#1140 = ORIENTED_EDGE ( 'NONE', *, *, #2039, .F. ) ;
#1141 = DIRECTION ( 'NONE',  ( -0.000000000000000000, 1.000000000000000000, -0.000000000000000000 ) ) ;
#1142 = EDGE_LOOP ( 'NONE', ( #788, #4085, #960, #3981 ) ) ;
#1143 = CARTESIAN_POINT ( 'NONE',  ( 0.000000000000000000, 2.600000000000000089, -8.000000000000000000 ) ) ;
#1144 = FACE_OUTER_BOUND ( 'NONE', #278, .T. ) ;
#1145 = EDGE_CURVE ( 'NONE', #1057, #1196, #3700, .T. ) ;
#1146 = AXIS2_PLACEMENT_3D ( 'NONE', #2815, #715, #2762 ) ;
#1147 = ORIENTED_EDGE ( 'NONE', *, *, #628, .T. ) ;
#1148 = LINE ( 'NONE', #4024, #720 ) ;
#1149 = CARTESIAN_POINT ( 'NONE',  ( 4.999999999999997335, 1.999999999999994005, 47.99999999999997868 ) ) ;
#1150 = AXIS2_PLACEMENT_3D ( 'NONE', #1215, #1656, #746 ) ;
#1151 = LINE ( 'NONE', #3597, #3405 ) ;
#1152 = ORIENTED_EDGE ( 'NONE', *, *, #2525, .F. ) ;
#1153 = CARTESIAN_POINT ( 'NONE',  ( 5.749999999999994671, 2.000000000000001776, -1.974742963625114125E-15 ) ) ;
#1154 = CARTESIAN_POINT ( 'NONE',  ( 5.000000000000000000, 1.199999999999997957, -3.500000000000000444 ) ) ;
#1155 = EDGE_CURVE ( 'NONE', #1915, #4355, #2865, .T. ) ;
#1156 = ORIENTED_EDGE ( 'NONE', *, *, #561, .T. ) ;
#1157 = DIRECTION ( 'NONE',  ( -0.000000000000000000, 1.000000000000000000, 0.000000000000000000 ) ) ;
#1158 = ORIENTED_EDGE ( 'NONE', *, *, #3239, .T. ) ;
#1159 = VECTOR ( 'NONE', #738, 1000.000000000000000 ) ;
#1160 = LINE ( 'NONE', #2810, #3641 ) ;
#1161 = VERTEX_POINT ( 'NONE', #323 ) ;
#1162 = PLANE ( 'NONE',  #901 ) ;
#1163 = LINE ( 'NONE', #4383, #1826 ) ;
#1164 = EDGE_LOOP ( 'NONE', ( #3870, #2671, #2115, #2318 ) ) ;
#1165 = EDGE_CURVE ( 'NONE', #656, #2713, #4966, .T. ) ;
#1166 = ORIENTED_EDGE ( 'NONE', *, *, #4843, .F. ) ;
#1167 = VECTOR ( 'NONE', #1749, 1000.000000000000000 ) ;
#1168 = PLANE ( 'NONE',  #3548 ) ;
#1169 = DIRECTION ( 'NONE',  ( 1.000000000000000000, 1.445602896647339656E-16, 0.000000000000000000 ) ) ;
#1170 = DIRECTION ( 'NONE',  ( 0.000000000000000000, -0.000000000000000000, -1.000000000000000000 ) ) ;
#1171 = EDGE_CURVE ( 'NONE', #900, #160, #4415, .T. ) ;
#1172 = ORIENTED_EDGE ( 'NONE', *, *, #2250, .F. ) ;
#1173 =( NAMED_UNIT ( * ) PLANE_ANGLE_UNIT ( ) SI_UNIT ( $, .RADIAN. ) );
#1174 = CARTESIAN_POINT ( 'NONE',  ( 60.00000000000000000, -1.734723475976807094E-15, 14.40000000000000213 ) ) ;
#1175 = EDGE_CURVE ( 'NONE', #602, #1757, #3164, .T. ) ;
#1176 = CARTESIAN_POINT ( 'NONE',  ( 0.000000000000000000, 28.99999999999999645, 12.00000000000000000 ) ) ;
#1177 = VECTOR ( 'NONE', #2776, 1000.000000000000000 ) ;
#1178 = LINE ( 'NONE', #4028, #4853 ) ;
#1179 = ORIENTED_EDGE ( 'NONE', *, *, #3014, .F. ) ;
#1180 = LINE ( 'NONE', #4427, #3441 ) ;
#1181 = CARTESIAN_POINT ( 'NONE',  ( 8.250000000000000000, 28.99999999999999645, 22.49999999999998934 ) ) ;
#1182 = DIRECTION ( 'NONE',  ( -1.000000000000000000, 0.000000000000000000, 0.000000000000000000 ) ) ;
#1183 = EDGE_CURVE ( 'NONE', #2003, #1743, #4784, .T. ) ;
#1184 = ADVANCED_FACE ( 'NONE', ( #2765 ), #4068, .F. ) ;
#1185 = ORIENTED_EDGE ( 'NONE', *, *, #2147, .F. ) ;
#1186 = CARTESIAN_POINT ( 'NONE',  ( 12.00000000000000533, 18.99999999999998934, 12.00000000000000000 ) ) ;
#1187 = ORIENTED_EDGE ( 'NONE', *, *, #128, .T. ) ;
#1188 = LINE ( 'NONE', #3634, #1292 ) ;
#1189 = ORIENTED_EDGE ( 'NONE', *, *, #3579, .F. ) ;
#1190 = ORIENTED_EDGE ( 'NONE', *, *, #528, .T. ) ;
#1191 = PLANE ( 'NONE',  #187 ) ;
#1192 = LINE ( 'NONE', #2816, #366 ) ;
#1193 = LINE ( 'NONE', #3260, #5227 ) ;
#1194 = EDGE_CURVE ( 'NONE', #2726, #4284, #1192, .T. ) ;
#1195 = VECTOR ( 'NONE', #4062, 1000.000000000000000 ) ;
#1196 = VERTEX_POINT ( 'NONE', #2840 ) ;
#1197 = FACE_OUTER_BOUND ( 'NONE', #2089, .T. ) ;
#1198 = DIRECTION ( 'NONE',  ( -6.938893903907228378E-16, -1.000000000000000000, 0.000000000000000000 ) ) ;
#1199 = VECTOR ( 'NONE', #3059, 1000.000000000000000 ) ;
#1200 = CARTESIAN_POINT ( 'NONE',  ( 60.00000000000000000, -3.500000000000001776, 14.40000000000000213 ) ) ;
#1201 = DIRECTION ( 'NONE',  ( -0.000000000000000000, 7.228014483236692611E-16, 1.000000000000000000 ) ) ;
#1202 = LINE ( 'NONE', #2358, #532 ) ;
#1203 = DIRECTION ( 'NONE',  ( -1.000000000000000000, 0.000000000000000000, -1.156482317317871971E-16 ) ) ;
#1204 = DIRECTION ( 'NONE',  ( 0.000000000000000000, -7.065269995080883413E-18, -1.000000000000000000 ) ) ;
#1205 = VECTOR ( 'NONE', #2778, 1000.000000000000000 ) ;
#1206 = EDGE_CURVE ( 'NONE', #3413, #1540, #2425, .T. ) ;
#1207 = AXIS2_PLACEMENT_3D ( 'NONE', #2636, #694, #2345 ) ;
#1208 = VERTEX_POINT ( 'NONE', #3237 ) ;
#1209 = DIRECTION ( 'NONE',  ( 0.000000000000000000, 0.000000000000000000, 1.000000000000000000 ) ) ;
#1210 = ORIENTED_EDGE ( 'NONE', *, *, #1694, .T. ) ;
#1211 = LINE ( 'NONE', #2860, #3191 ) ;
#1212 = ORIENTED_EDGE ( 'NONE', *, *, #2058, .T. ) ;
#1213 = FACE_OUTER_BOUND ( 'NONE', #2307, .T. ) ;
#1214 = DIRECTION ( 'NONE',  ( -1.000000000000000000, -0.000000000000000000, -0.000000000000000000 ) ) ;
#1215 = CARTESIAN_POINT ( 'NONE',  ( 12.00000000000000533, 108.1959594928933228, 12.00000000000001066 ) ) ;
#1216 =( NAMED_UNIT ( * ) SI_UNIT ( $, .STERADIAN. ) SOLID_ANGLE_UNIT ( ) );
#1217 = ORIENTED_EDGE ( 'NONE', *, *, #2823, .T. ) ;
#1218 = DIRECTION ( 'NONE',  ( -0.000000000000000000, 1.000000000000000000, 1.187392209762482313E-16 ) ) ;
#1219 = LINE ( 'NONE', #1176, #5180 ) ;
#1220 = VECTOR ( 'NONE', #1299, 1000.000000000000000 ) ;
#1221 = DIRECTION ( 'NONE',  ( 1.000000000000000000, 0.000000000000000000, 0.000000000000000000 ) ) ;
#1222 = DIRECTION ( 'NONE',  ( 0.000000000000000000, 1.000000000000000000, 1.187392209762482313E-16 ) ) ;
#1223 = CARTESIAN_POINT ( 'NONE',  ( 57.99999999999999289, 28.99999999999999645, 47.99999999999998579 ) ) ;
#1224 = CARTESIAN_POINT ( 'NONE',  ( 7.249999999999999112, 30.99999999999999645, 7.249999999999999112 ) ) ;
#1225 = AXIS2_PLACEMENT_3D ( 'NONE', #194, #2744, #598 ) ;
#1226 = EDGE_CURVE ( 'NONE', #1320, #1332, #4857, .T. ) ;
#1227 = DIRECTION ( 'NONE',  ( 4.869399230812090436E-16, 0.000000000000000000, -1.000000000000000000 ) ) ;
#1228 = AXIS2_PLACEMENT_3D ( 'NONE', #4092, #404, #4442 ) ;
#1229 = EDGE_CURVE ( 'NONE', #3594, #2060, #2510, .T. ) ;
#1230 = VERTEX_POINT ( 'NONE', #3666 ) ;
#1231 = AXIS2_PLACEMENT_3D ( 'NONE', #2854, #4821, #5274 ) ;
#1232 = CARTESIAN_POINT ( 'NONE',  ( 0.000000000000000000, -6.000000000000000000, 1.999999999999999556 ) ) ;
#1233 = ORIENTED_EDGE ( 'NONE', *, *, #3426, .F. ) ;
#1234 = EDGE_CURVE ( 'NONE', #534, #2281, #4488, .T. ) ;
#1235 = CARTESIAN_POINT ( 'NONE',  ( 58.00000000000000000, 19.00000000000000355, 12.00000000000000178 ) ) ;
#1236 = VERTEX_POINT ( 'NONE', #1627 ) ;
#1237 = PLANE ( 'NONE',  #5135 ) ;
#1238 = FACE_OUTER_BOUND ( 'NONE', #594, .T. ) ;
#1239 = PLANE ( 'NONE',  #4298 ) ;
#1240 = EDGE_CURVE ( 'NONE', #4750, #75, #3259, .T. ) ;
#1241 = EDGE_CURVE ( 'NONE', #1986, #1730, #1823, .T. ) ;
#1242 = CIRCLE ( 'NONE', #905, 1.500000000000000000 ) ;
#1243 = PRODUCT_CONTEXT ( 'NONE', #480, 'mechanical' ) ;
#1244 = ORIENTED_EDGE ( 'NONE', *, *, #869, .F. ) ;
#1245 = CARTESIAN_POINT ( 'NONE',  ( 75.00000000000000000, -1.836970198721029441E-17, -2.600000000000000089 ) ) ;
#1246 = EDGE_LOOP ( 'NONE', ( #956, #4570, #2253, #3925 ) ) ;
#1247 = DIRECTION ( 'NONE',  ( 0.000000000000000000, -0.000000000000000000, 1.000000000000000000 ) ) ;
#1248 = AXIS2_PLACEMENT_3D ( 'NONE', #1389, #4652, #109 ) ;
#1249 = VERTEX_POINT ( 'NONE', #3995 ) ;
#1250 = DIRECTION ( 'NONE',  ( -1.000000000000000000, -0.000000000000000000, -0.000000000000000000 ) ) ;
#1251 = DIRECTION ( 'NONE',  ( -1.000000000000000000, -1.224646799147353454E-16, 0.000000000000000000 ) ) ;
#1252 = CARTESIAN_POINT ( 'NONE',  ( 13.29999999999999893, 4.049999999999999822, 2.000000000000000000 ) ) ;
#1253 = DIRECTION ( 'NONE',  ( -1.000000000000000000, -0.000000000000000000, -0.000000000000000000 ) ) ;
#1254 = CARTESIAN_POINT ( 'NONE',  ( 5.250000000000000888, 2.589130434782608514, -3.500000000000000444 ) ) ;
#1255 = CARTESIAN_POINT ( 'NONE',  ( 44.62500000000000000, 30.99999999999999645, 37.50000000000000711 ) ) ;
#1256 = AXIS2_PLACEMENT_3D ( 'NONE', #334, #253, #3090 ) ;
#1257 = EDGE_CURVE ( 'NONE', #3009, #790, #2172, .T. ) ;
#1258 = ORIENTED_EDGE ( 'NONE', *, *, #4071, .T. ) ;
#1259 = LINE ( 'NONE', #5256, #3903 ) ;
#1260 = ORIENTED_EDGE ( 'NONE', *, *, #3755, .T. ) ;
#1261 = VECTOR ( 'NONE', #3000, 1000.000000000000000 ) ;
#1262 = CARTESIAN_POINT ( 'NONE',  ( -1.999999999999999556, -1.000000000000000222, 0.000000000000000000 ) ) ;
#1263 = CIRCLE ( 'NONE', #446, 1.500000000000001332 ) ;
#1264 = EDGE_CURVE ( 'NONE', #1321, #633, #71, .T. ) ;
#1265 = EDGE_LOOP ( 'NONE', ( #2680, #893, #710, #3791 ) ) ;
#1266 = ORIENTED_EDGE ( 'NONE', *, *, #5059, .F. ) ;
#1267 = CARTESIAN_POINT ( 'NONE',  ( 0.000000000000000000, -6.136203874453046338E-15, 49.99999999999997868 ) ) ;
#1268 = DIRECTION ( 'NONE',  ( -0.000000000000000000, 1.000000000000000000, -0.000000000000000000 ) ) ;
#1269 = DIRECTION ( 'NONE',  ( 0.000000000000000000, 0.000000000000000000, 1.000000000000000000 ) ) ;
#1270 = EDGE_CURVE ( 'NONE', #1743, #578, #2092, .T. ) ;
#1271 = PLANE ( 'NONE',  #2314 ) ;
#1272 = ORIENTED_EDGE ( 'NONE', *, *, #619, .T. ) ;
#1273 = CARTESIAN_POINT ( 'NONE',  ( 75.00000000000000000, 4.649999999999999467, -8.000000000000000000 ) ) ;
#1274 = ORIENTED_EDGE ( 'NONE', *, *, #794, .F. ) ;
#1275 = LINE ( 'NONE', #2942, #3613 ) ;
#1276 = ADVANCED_FACE ( 'NONE', ( #2935 ), #1352, .F. ) ;
#1277 = DIRECTION ( 'NONE',  ( -0.000000000000000000, -1.097926250618233136E-16, 1.000000000000000000 ) ) ;
#1278 = CARTESIAN_POINT ( 'NONE',  ( 0.000000000000000000, 28.99999999999999645, 0.000000000000000000 ) ) ;
#1279 = DIRECTION ( 'NONE',  ( 0.000000000000000000, -1.000000000000000000, 0.000000000000000000 ) ) ;
#1280 = DIRECTION ( 'NONE',  ( 1.000000000000000000, 0.000000000000000000, 0.000000000000000000 ) ) ;
#1281 = LINE ( 'NONE', #4551, #3051 ) ;
#1282 = CARTESIAN_POINT ( 'NONE',  ( 0.000000000000000000, 31.99999999999999289, -10.09999999999999787 ) ) ;
#1283 = ORIENTED_EDGE ( 'NONE', *, *, #5027, .T. ) ;
#1284 = CARTESIAN_POINT ( 'NONE',  ( 31.50000000000000000, 4.099999999999999645, 57.00000000000000000 ) ) ;
#1285 = EDGE_LOOP ( 'NONE', ( #5082, #2500, #1024 ) ) ;
#1286 = AXIS2_PLACEMENT_3D ( 'NONE', #4169, #3743, #70 ) ;
#1287 = LINE ( 'NONE', #498, #1718 ) ;
#1288 = VECTOR ( 'NONE', #5102, 1000.000000000000000 ) ;
#1289 = APPLICATION_CONTEXT ( 'automotive_design' ) ;
#1290 = ORIENTED_EDGE ( 'NONE', *, *, #61, .F. ) ;
#1291 = ORIENTED_EDGE ( 'NONE', *, *, #2134, .T. ) ;
#1292 = VECTOR ( 'NONE', #2421, 1000.000000000000000 ) ;
#1293 = CARTESIAN_POINT ( 'NONE',  ( 0.000000000000000000, -2.168404344971008868E-15, 14.40000000000000213 ) ) ;
#1294 = CARTESIAN_POINT ( 'NONE',  ( 15.75000000000000000, 1.000000000000002220, 40.00000000000000000 ) ) ;
#1295 = LINE ( 'NONE', #2524, #474 ) ;
#1296 = EDGE_CURVE ( 'NONE', #971, #3889, #560, .T. ) ;
#1297 = DIRECTION ( 'NONE',  ( -0.000000000000000000, 1.000000000000000000, -0.000000000000000000 ) ) ;
#1298 = ORIENTED_EDGE ( 'NONE', *, *, #1087, .T. ) ;
#1299 = DIRECTION ( 'NONE',  ( 0.000000000000000000, -1.000000000000000000, 0.000000000000000000 ) ) ;
#1300 = VERTEX_POINT ( 'NONE', #2601 ) ;
#1301 = DIRECTION ( 'NONE',  ( 0.000000000000000000, -1.000000000000000000, 0.000000000000000000 ) ) ;
#1302 = EDGE_CURVE ( 'NONE', #1624, #1915, #1323, .T. ) ;
#1303 = ORIENTED_EDGE ( 'NONE', *, *, #1571, .T. ) ;
#1304 = PLANE ( 'NONE',  #2482 ) ;
#1305 = CARTESIAN_POINT ( 'NONE',  ( 13.25000000000000178, 7.000000000000003553, 0.000000000000000000 ) ) ;
#1306 = DIRECTION ( 'NONE',  ( 5.337610695313253357E-16, 1.000000000000000000, -0.000000000000000000 ) ) ;
#1307 = CARTESIAN_POINT ( 'NONE',  ( 60.00000000000000000, 29.19999999999999218, -10.09999999999999787 ) ) ;
#1308 = CARTESIAN_POINT ( 'NONE',  ( 7.249999999999999112, 33.99999999999999289, 7.249999999999999112 ) ) ;
#1309 = VECTOR ( 'NONE', #1413, 1000.000000000000000 ) ;
#1310 = DIRECTION ( 'NONE',  ( -0.000000000000000000, -0.000000000000000000, -1.000000000000000000 ) ) ;
#1311 = ORIENTED_EDGE ( 'NONE', *, *, #3449, .F. ) ;
#1312 = EDGE_CURVE ( 'NONE', #2394, #1561, #99, .T. ) ;
#1313 = EDGE_CURVE ( 'NONE', #4275, #2201, #2577, .T. ) ;
#1314 = VECTOR ( 'NONE', #2211, 1000.000000000000000 ) ;
#1315 = DIRECTION ( 'NONE',  ( 1.000000000000000000, -0.000000000000000000, 0.000000000000000000 ) ) ;
#1316 = VECTOR ( 'NONE', #339, 1000.000000000000000 ) ;
#1317 = FACE_OUTER_BOUND ( 'NONE', #3389, .T. ) ;
#1318 = DIRECTION ( 'NONE',  ( 0.000000000000000000, 7.065269995080883413E-18, 1.000000000000000000 ) ) ;
#1319 = AXIS2_PLACEMENT_3D ( 'NONE', #12, #4851, #2010 ) ;
#1320 = VERTEX_POINT ( 'NONE', #2550 ) ;
#1321 = VERTEX_POINT ( 'NONE', #4197 ) ;
#1322 = PLANE ( 'NONE',  #4535 ) ;
#1323 = LINE ( 'NONE', #2992, #1557 ) ;
#1324 = SHAPE_REPRESENTATION ( 'support capteur PV assembl\X2\00e9\X0\', ( #4933, #4264, #836, #503 ), #4095 ) ;
#1325 = EDGE_CURVE ( 'NONE', #1561, #566, #4907, .T. ) ;
#1326 = VERTEX_POINT ( 'NONE', #4936 ) ;
#1327 = FACE_OUTER_BOUND ( 'NONE', #3453, .T. ) ;
#1328 = EDGE_LOOP ( 'NONE', ( #819, #659, #5017, #216 ) ) ;
#1329 = CIRCLE ( 'NONE', #2381, 10.00000000000000178 ) ;
#1330 = LINE ( 'NONE', #4596, #2275 ) ;
#1331 = UNCERTAINTY_MEASURE_WITH_UNIT (LENGTH_MEASURE( 1.000000000000000082E-05 ), #4184, 'distance_accuracy_value', 'NONE');
#1332 = VERTEX_POINT ( 'NONE', #97 ) ;
#1333 = FACE_OUTER_BOUND ( 'NONE', #2859, .T. ) ;
#1334 = AXIS2_PLACEMENT_3D ( 'NONE', #168, #3433, #5008 ) ;
#1335 = EDGE_CURVE ( 'NONE', #1757, #1458, #1769, .T. ) ;
#1336 = DIRECTION ( 'NONE',  ( -1.000000000000000000, -0.000000000000000000, -0.000000000000000000 ) ) ;
#1337 = CARTESIAN_POINT ( 'NONE',  ( 22.49999999999999289, 28.99999999999999645, 44.62500000000000000 ) ) ;
#1338 = CARTESIAN_POINT ( 'NONE',  ( 19.74999999999999645, 0.5000000000000056621, -0.5000000000000000000 ) ) ;
#1339 = FACE_OUTER_BOUND ( 'NONE', #760, .T. ) ;
#1340 = FACE_OUTER_BOUND ( 'NONE', #1110, .T. ) ;
#1341 = FACE_OUTER_BOUND ( 'NONE', #2704, .T. ) ;
#1342 = LINE ( 'NONE', #1284, #2287 ) ;
#1343 = ORIENTED_EDGE ( 'NONE', *, *, #1445, .F. ) ;
#1344 = DIRECTION ( 'NONE',  ( -0.000000000000000000, 1.000000000000000000, -0.000000000000000000 ) ) ;
#1345 = EDGE_CURVE ( 'NONE', #5024, #4528, #4563, .T. ) ;
#1346 = VECTOR ( 'NONE', #4917, 1000.000000000000000 ) ;
#1347 = EDGE_CURVE ( 'NONE', #2060, #581, #873, .T. ) ;
#1348 = ORIENTED_EDGE ( 'NONE', *, *, #750, .T. ) ;
#1349 = VECTOR ( 'NONE', #1336, 1000.000000000000000 ) ;
#1350 = ORIENTED_EDGE ( 'NONE', *, *, #4735, .T. ) ;
#1351 = CARTESIAN_POINT ( 'NONE',  ( 13.25000000000000355, 5.500000000000004441, -0.5000000000000000000 ) ) ;
#1352 = PLANE ( 'NONE',  #3871 ) ;
#1353 = CARTESIAN_POINT ( 'NONE',  ( 5.000000000000000888, -7.400000000000000355, -3.250000000000000444 ) ) ;
#1354 = ORIENTED_EDGE ( 'NONE', *, *, #2759, .T. ) ;
#1355 = DIRECTION ( 'NONE',  ( -1.000000000000000000, 0.000000000000000000, -0.000000000000000000 ) ) ;
#1356 = ORIENTED_EDGE ( 'NONE', *, *, #1781, .T. ) ;
#1357 =( BOUNDED_CURVE ( )  B_SPLINE_CURVE ( 3, ( #4647, #3055, #4256, #591 ),
 .UNSPECIFIED., .F., .T. ) 
 B_SPLINE_CURVE_WITH_KNOTS ( ( 4, 4 ),
 ( 4.712388980384689674, 6.283185307179582679 ),
 .UNSPECIFIED. ) 
 CURVE ( )  GEOMETRIC_REPRESENTATION_ITEM ( )  RATIONAL_B_SPLINE_CURVE ( ( 1.000000000000000000, 0.8047378541243649375, 0.8047378541243649375, 1.000000000000000000 ) ) 
 REPRESENTATION_ITEM ( '' )  );
#1358 = FACE_OUTER_BOUND ( 'NONE', #4772, .T. ) ;
#1359 = EDGE_CURVE ( 'NONE', #3868, #2483, #1740, .T. ) ;
#1360 = CARTESIAN_POINT ( 'NONE',  ( 2.000000000000000000, 108.1959594928933086, 57.99999999999999289 ) ) ;
#1361 = DIRECTION ( 'NONE',  ( 0.000000000000000000, -1.000000000000000000, -1.187392209762482313E-16 ) ) ;
#1362 = CARTESIAN_POINT ( 'NONE',  ( 52.75000000000000000, 30.99999999999999645, 52.75000000000000000 ) ) ;
#1363 = DIRECTION ( 'NONE',  ( -0.9990561583550594538, 0.04343722427630694605, 0.000000000000000000 ) ) ;
#1364 = CARTESIAN_POINT ( 'NONE',  ( 2.000000000000005773, 19.00000000000000355, 11.99999999999999822 ) ) ;
#1365 = CARTESIAN_POINT ( 'NONE',  ( 31.50000000000000000, 4.099999999999999645, 57.00000000000000000 ) ) ;
#1366 = VERTEX_POINT ( 'NONE', #4145 ) ;
#1367 = CIRCLE ( 'NONE', #690, 10.00000000000000000 ) ;
#1368 = DIRECTION ( 'NONE',  ( 0.000000000000000000, 1.000000000000000000, 0.000000000000000000 ) ) ;
#1369 = CARTESIAN_POINT ( 'NONE',  ( 22.50000000000000711, 18.99999999999998934, 12.00000000000000000 ) ) ;
#1370 = ORIENTED_EDGE ( 'NONE', *, *, #4565, .F. ) ;
#1371 = CARTESIAN_POINT ( 'NONE',  ( 0.000000000000000000, -3.000000000000000888, 5.000000000000000000 ) ) ;
#1372 = ADVANCED_FACE ( 'NONE', ( #1238 ), #1710, .T. ) ;
#1373 = ORIENTED_EDGE ( 'NONE', *, *, #3170, .F. ) ;
#1374 = VECTOR ( 'NONE', #4143, 1000.000000000000000 ) ;
#1375 = ORIENTED_EDGE ( 'NONE', *, *, #1506, .T. ) ;
#1376 = CARTESIAN_POINT ( 'NONE',  ( 15.37500000000000000, 28.99999999999999645, 37.49999999999999289 ) ) ;
#1377 = CARTESIAN_POINT ( 'NONE',  ( 57.99999999999999289, 1.999999999999997335, 16.40000000000000213 ) ) ;
#1378 = VECTOR ( 'NONE', #3677, 999.9999999999998863 ) ;
#1379 = VECTOR ( 'NONE', #4885, 1000.000000000000000 ) ;
#1380 = ORIENTED_EDGE ( 'NONE', *, *, #1933, .F. ) ;
#1381 = DIRECTION ( 'NONE',  ( 1.000000000000000000, -5.337610695313254343E-16, 0.000000000000000000 ) ) ;
#1382 = ORIENTED_EDGE ( 'NONE', *, *, #1240, .F. ) ;
#1383 = DIRECTION ( 'NONE',  ( 2.736911063134408342E-48, 1.000000000000000000, 1.187392209762482313E-16 ) ) ;
#1384 = UNCERTAINTY_MEASURE_WITH_UNIT (LENGTH_MEASURE( 1.000000000000000082E-05 ), #722, 'distance_accuracy_value', 'NONE');
#1385 = ORIENTED_EDGE ( 'NONE', *, *, #1635, .F. ) ;
#1386 = CARTESIAN_POINT ( 'NONE',  ( 37.59999999999999432, 1.199999999999997513, -2.899999999999999911 ) ) ;
#1387 = EDGE_LOOP ( 'NONE', ( #508, #4137, #3475, #3905, #4190, #4553 ) ) ;
#1388 = DIRECTION ( 'NONE',  ( -4.869399230812089449E-16, -0.000000000000000000, 1.000000000000000000 ) ) ;
#1389 = CARTESIAN_POINT ( 'NONE',  ( 60.00000000000000000, -4.000000000000000888, 8.900000000000002132 ) ) ;
#1390 = DIRECTION ( 'NONE',  ( 1.000000000000000000, 0.000000000000000000, 0.000000000000000000 ) ) ;
#1391 = DIRECTION ( 'NONE',  ( -1.000000000000000000, -0.000000000000000000, -0.000000000000000000 ) ) ;
#1392 = DIRECTION ( 'NONE',  ( -0.000000000000000000, -1.000000000000000000, -0.000000000000000000 ) ) ;
#1393 = PLANE ( 'NONE',  #1442 ) ;
#1394 = ORIENTED_EDGE ( 'NONE', *, *, #3102, .F. ) ;
#1395 = EDGE_CURVE ( 'NONE', #1196, #1057, #4546, .T. ) ;
#1396 = CARTESIAN_POINT ( 'NONE',  ( 4.999999999999997335, 1.999999999999997335, 16.40000000000000213 ) ) ;
#1397 = PLANE ( 'NONE',  #2766 ) ;
#1398 = FACE_OUTER_BOUND ( 'NONE', #2515, .T. ) ;
#1399 = VERTEX_POINT ( 'NONE', #4171 ) ;
#1400 = ORIENTED_EDGE ( 'NONE', *, *, #1155, .T. ) ;
#1401 = DIRECTION ( 'NONE',  ( -1.239088197126291063E-16, 0.000000000000000000, 1.000000000000000000 ) ) ;
#1402 = EDGE_CURVE ( 'NONE', #2494, #4813, #3281, .T. ) ;
#1403 = AXIS2_PLACEMENT_3D ( 'NONE', #2892, #4174, #4516 ) ;
#1404 = ORIENTED_EDGE ( 'NONE', *, *, #3201, .F. ) ;
#1405 = EDGE_CURVE ( 'NONE', #4528, #3462, #5019, .T. ) ;
#1406 = ORIENTED_EDGE ( 'NONE', *, *, #391, .T. ) ;
#1407 = CARTESIAN_POINT ( 'NONE',  ( 35.26538908328470256, 1.199999999999997513, -2.600000000000000089 ) ) ;
#1408 = CARTESIAN_POINT ( 'NONE',  ( 0.000000000000000000, -4.000000000000000888, 10.90000000000000213 ) ) ;
#1409 = VECTOR ( 'NONE', #1269, 1000.000000000000000 ) ;
#1410 = ORIENTED_EDGE ( 'NONE', *, *, #4198, .F. ) ;
#1411 = EDGE_LOOP ( 'NONE', ( #2811, #4353, #1466, #2344 ) ) ;
#1412 = VECTOR ( 'NONE', #3093, 1000.000000000000000 ) ;
#1413 = DIRECTION ( 'NONE',  ( -0.000000000000000000, -0.000000000000000000, 1.000000000000000000 ) ) ;
#1414 = ORIENTED_EDGE ( 'NONE', *, *, #1435, .T. ) ;
#1415 = EDGE_CURVE ( 'NONE', #1208, #1708, #952, .T. ) ;
#1416 = EDGE_CURVE ( 'NONE', #254, #2933, #4249, .T. ) ;
#1417 = ORIENTED_EDGE ( 'NONE', *, *, #3048, .F. ) ;
#1418 = DIRECTION ( 'NONE',  ( -0.000000000000000000, -0.000000000000000000, 1.000000000000000000 ) ) ;
#1419 = LINE ( 'NONE', #2181, #998 ) ;
#1420 = LINE ( 'NONE', #3892, #1199 ) ;
#1421 = FACE_OUTER_BOUND ( 'NONE', #5210, .T. ) ;
#1422 = DIRECTION ( 'NONE',  ( -0.000000000000000000, -0.000000000000000000, -1.000000000000000000 ) ) ;
#1423 = VECTOR ( 'NONE', #2588, 1000.000000000000000 ) ;
#1424 = ORIENTED_EDGE ( 'NONE', *, *, #1983, .F. ) ;
#1425 = DIRECTION ( 'NONE',  ( -0.7071067811865426878, 0.000000000000000000, -0.7071067811865524577 ) ) ;
#1426 = ORIENTED_EDGE ( 'NONE', *, *, #43, .F. ) ;
#1427 = DIRECTION ( 'NONE',  ( 0.000000000000000000, 0.000000000000000000, 1.000000000000000000 ) ) ;
#1428 = CARTESIAN_POINT ( 'NONE',  ( 11.89999999999999325, 1.199999999999999956, 0.000000000000000000 ) ) ;
#1429 = ORIENTED_EDGE ( 'NONE', *, *, #434, .F. ) ;
#1430 = DIRECTION ( 'NONE',  ( 0.000000000000000000, -1.387778780781445676E-15, -1.000000000000000000 ) ) ;
#1431 = ORIENTED_EDGE ( 'NONE', *, *, #5275, .F. ) ;
#1432 = ORIENTED_EDGE ( 'NONE', *, *, #4919, .T. ) ;
#1433 = DIRECTION ( 'NONE',  ( 2.736911063134408342E-48, 1.000000000000000000, 1.187392209762482313E-16 ) ) ;
#1434 = DIRECTION ( 'NONE',  ( 0.000000000000000000, -0.000000000000000000, 1.000000000000000000 ) ) ;
#1435 = EDGE_CURVE ( 'NONE', #2891, #4540, #3876, .T. ) ;
#1436 = VECTOR ( 'NONE', #115, 1000.000000000000000 ) ;
#1437 = VERTEX_POINT ( 'NONE', #181 ) ;
#1438 = CARTESIAN_POINT ( 'NONE',  ( 12.00000000000000178, 1.999999999999999556, 1.999999999999997113 ) ) ;
#1439 = ORIENTED_EDGE ( 'NONE', *, *, #1171, .F. ) ;
#1440 = LINE ( 'NONE', #5080, #2685 ) ;
#1441 = EDGE_CURVE ( 'NONE', #400, #2087, #3074, .T. ) ;
#1442 = AXIS2_PLACEMENT_3D ( 'NONE', #3434, #1499, #1092 ) ;
#1443 = DIRECTION ( 'NONE',  ( -0.9902680687415708061, -1.659809562536886520E-17, 0.1391731009600624958 ) ) ;
#1444 = FACE_OUTER_BOUND ( 'NONE', #3264, .T. ) ;
#1445 = EDGE_CURVE ( 'NONE', #5091, #768, #2226, .T. ) ;
#1446 = DIRECTION ( 'NONE',  ( 1.000000000000000000, -0.000000000000000000, -0.000000000000000000 ) ) ;
#1447 = DIRECTION ( 'NONE',  ( 1.000000000000000000, 0.000000000000000000, -0.000000000000000000 ) ) ;
#1448 = CARTESIAN_POINT ( 'NONE',  ( 0.000000000000000000, 0.000000000000000000, -6.500000000000000888 ) ) ;
#1449 = LINE ( 'NONE', #3924, #5020 ) ;
#1450 = VERTEX_POINT ( 'NONE', #1377 ) ;
#1451 = LINE ( 'NONE', #4744, #16 ) ;
#1452 = CARTESIAN_POINT ( 'NONE',  ( 72.00000000000000000, 4.599999999999999645, 0.000000000000000000 ) ) ;
#1453 = VERTEX_POINT ( 'NONE', #3882 ) ;
#1454 = SPHERICAL_SURFACE ( 'NONE', #4698, 10.00000000000000000 ) ;
#1455 = AXIS2_PLACEMENT_3D ( 'NONE', #914, #2565, #4081 ) ;
#1456 = VECTOR ( 'NONE', #1344, 1000.000000000000000 ) ;
#1457 = ORIENTED_EDGE ( 'NONE', *, *, #2836, .T. ) ;
#1458 = VERTEX_POINT ( 'NONE', #5124 ) ;
#1459 = EDGE_CURVE ( 'NONE', #2885, #4067, #239, .T. ) ;
#1460 = DIRECTION ( 'NONE',  ( -1.734723475976806848E-16, -1.203706215242021970E-31, 1.000000000000000000 ) ) ;
#1461 = DIRECTION ( 'NONE',  ( 1.239088197126291063E-16, -0.000000000000000000, -1.000000000000000000 ) ) ;
#1462 = VECTOR ( 'NONE', #1806, 1000.000000000000000 ) ;
#1463 = EDGE_CURVE ( 'NONE', #2270, #2970, #210, .T. ) ;
#1464 = ORIENTED_EDGE ( 'NONE', *, *, #543, .T. ) ;
#1465 = CARTESIAN_POINT ( 'NONE',  ( 59.50000000000000000, -3.000000000000000444, 8.000000000000000000 ) ) ;
#1466 = ORIENTED_EDGE ( 'NONE', *, *, #3628, .F. ) ;
#1467 = FACE_OUTER_BOUND ( 'NONE', #5157, .T. ) ;
#1468 = AXIS2_PLACEMENT_3D ( 'NONE', #1509, #1104, #172 ) ;
#1469 = EDGE_CURVE ( 'NONE', #894, #4897, #4696, .T. ) ;
#1470 = AXIS2_PLACEMENT_3D ( 'NONE', #3080, #1063, #2321 ) ;
#1471 = DIRECTION ( 'NONE',  ( 1.000000000000000000, 0.000000000000000000, 0.000000000000000000 ) ) ;
#1472 = EDGE_LOOP ( 'NONE', ( #3288, #1414, #1776, #1426, #4162, #3440 ) ) ;
#1473 = DIRECTION ( 'NONE',  ( 0.000000000000000000, 0.000000000000000000, -1.000000000000000000 ) ) ;
#1474 = CARTESIAN_POINT ( 'NONE',  ( 33.50000000000000000, 4.102566777143633774E-15, 55.00000000000000000 ) ) ;
#1475 = ADVANCED_FACE ( 'NONE', ( #1796 ), #1822, .F. ) ;
#1476 = AXIS2_PLACEMENT_3D ( 'NONE', #4725, #5152, #3419 ) ;
#1477 = LINE ( 'NONE', #300, #3227 ) ;
#1478 = CARTESIAN_POINT ( 'NONE',  ( 48.00000000000000000, 19.00000000000000355, 22.50000000000000711 ) ) ;
#1479 = VERTEX_POINT ( 'NONE', #4641 ) ;
#1480 = DIRECTION ( 'NONE',  ( 0.000000000000000000, -0.000000000000000000, -1.000000000000000000 ) ) ;
#1481 = LINE ( 'NONE', #3517, #3988 ) ;
#1482 = VERTEX_POINT ( 'NONE', #3448 ) ;
#1483 = ORIENTED_EDGE ( 'NONE', *, *, #1500, .T. ) ;
#1484 = DIRECTION ( 'NONE',  ( -1.000000000000000000, 0.000000000000000000, 0.000000000000000000 ) ) ;
#1485 = ADVANCED_FACE ( 'NONE', ( #1851, #5097 ), #4669, .F. ) ;
#1486 = EDGE_CURVE ( 'NONE', #467, #3077, #1876, .T. ) ;
#1487 = ORIENTED_EDGE ( 'NONE', *, *, #1878, .T. ) ;
#1488 = ORIENTED_EDGE ( 'NONE', *, *, #954, .F. ) ;
#1489 = PLANE ( 'NONE',  #658 ) ;
#1490 = PLANE ( 'NONE',  #4719 ) ;
#1491 = VECTOR ( 'NONE', #1383, 1000.000000000000000 ) ;
#1492 = VECTOR ( 'NONE', #1280, 1000.000000000000000 ) ;
#1493 = ORIENTED_EDGE ( 'NONE', *, *, #4071, .F. ) ;
#1494 = CARTESIAN_POINT ( 'NONE',  ( 72.00000000000000000, 2.600000000000000089, -8.000000000000000000 ) ) ;
#1495 = AXIS2_PLACEMENT_3D ( 'NONE', #1593, #3228, #2750 ) ;
#1496 = VERTEX_POINT ( 'NONE', #979 ) ;
#1497 = LINE ( 'NONE', #1386, #1288 ) ;
#1498 = VECTOR ( 'NONE', #863, 1000.000000000000000 ) ;
#1499 = DIRECTION ( 'NONE',  ( 0.000000000000000000, 0.000000000000000000, -1.000000000000000000 ) ) ;
#1500 = EDGE_CURVE ( 'NONE', #2087, #4722, #584, .T. ) ;
#1501 = CIRCLE ( 'NONE', #1765, 1.500000000000000000 ) ;
#1502 = PLANE ( 'NONE',  #4267 ) ;
#1503 = EDGE_LOOP ( 'NONE', ( #1929, #5039, #2554, #3954 ) ) ;
#1504 = LINE ( 'NONE', #698, #3283 ) ;
#1505 = LINE ( 'NONE', #1100, #3997 ) ;
#1506 = EDGE_CURVE ( 'NONE', #5254, #5246, #1006, .T. ) ;
#1507 = DIRECTION ( 'NONE',  ( -0.000000000000000000, 0.000000000000000000, 1.000000000000000000 ) ) ;
#1508 = CARTESIAN_POINT ( 'NONE',  ( 59.50000000000000000, 0.000000000000000000, 0.000000000000000000 ) ) ;
#1509 = CARTESIAN_POINT ( 'NONE',  ( 75.00000000000000000, 0.000000000000000000, 0.000000000000000000 ) ) ;
#1510 = LINE ( 'NONE', #3547, #2873 ) ;
#1511 = ORIENTED_EDGE ( 'NONE', *, *, #3636, .F. ) ;
#1512 = AXIS2_PLACEMENT_3D ( 'NONE', #4382, #3583, #3205 ) ;
#1513 = DIRECTION ( 'NONE',  ( -0.000000000000000000, -1.000000000000000000, -0.000000000000000000 ) ) ;
#1514 = VECTOR ( 'NONE', #4789, 1000.000000000000227 ) ;
#1515 = ORIENTED_EDGE ( 'NONE', *, *, #1145, .F. ) ;
#1516 = ORIENTED_EDGE ( 'NONE', *, *, #1441, .F. ) ;
#1517 = ADVANCED_FACE ( 'NONE', ( #1055 ), #1490, .T. ) ;
#1518 = CARTESIAN_POINT ( 'NONE',  ( 48.00000000000000000, 28.99999999999999645, 37.50000000000000711 ) ) ;
#1519 = CARTESIAN_POINT ( 'NONE',  ( 22.49999999999999289, 30.99999999999999645, 44.62500000000000000 ) ) ;
#1520 = ORIENTED_EDGE ( 'NONE', *, *, #2544, .F. ) ;
#1521 = LINE ( 'NONE', #2839, #5160 ) ;
#1522 = EDGE_LOOP ( 'NONE', ( #2905, #2034, #3941, #2156 ) ) ;
#1523 = CARTESIAN_POINT ( 'NONE',  ( 48.00000000000000000, 2.000000000000001776, 11.99999999999999822 ) ) ;
#1524 = FACE_OUTER_BOUND ( 'NONE', #291, .T. ) ;
#1525 = ORIENTED_EDGE ( 'NONE', *, *, #3537, .T. ) ;
#1526 = LINE ( 'NONE', #3970, #423 ) ;
#1527 = EDGE_LOOP ( 'NONE', ( #4960, #3664, #5079, #3737, #1700 ) ) ;
#1528 = VECTOR ( 'NONE', #1748, 1000.000000000000000 ) ;
#1529 = CARTESIAN_POINT ( 'NONE',  ( 60.00000000000000000, -1.500000000000000444, 0.000000000000000000 ) ) ;
#1530 = FACE_OUTER_BOUND ( 'NONE', #4990, .T. ) ;
#1531 = EDGE_CURVE ( 'NONE', #1986, #4258, #2315, .T. ) ;
#1532 = CARTESIAN_POINT ( 'NONE',  ( 22.50000000000001066, 28.99999999999999645, 8.249999999999998224 ) ) ;
#1533 = EDGE_LOOP ( 'NONE', ( #3849, #3624, #392, #2999 ) ) ;
#1534 = FACE_OUTER_BOUND ( 'NONE', #1794, .T. ) ;
#1535 = DIRECTION ( 'NONE',  ( 4.869399230812090436E-16, 0.000000000000000000, -1.000000000000000000 ) ) ;
#1536 = EDGE_LOOP ( 'NONE', ( #4502, #839, #183, #4630 ) ) ;
#1537 = CYLINDRICAL_SURFACE ( 'NONE', #1495, 10.00000000000000178 ) ;
#1538 = EDGE_CURVE ( 'NONE', #3251, #536, #638, .T. ) ;
#1539 = VERTEX_POINT ( 'NONE', #4754 ) ;
#1540 = VERTEX_POINT ( 'NONE', #1084 ) ;
#1541 = FACE_BOUND ( 'NONE', #2362, .T. ) ;
#1542 = EDGE_CURVE ( 'NONE', #75, #1925, #2733, .T. ) ;
#1543 = DIRECTION ( 'NONE',  ( 1.000000000000000000, 1.239088197126291063E-16, -0.000000000000000000 ) ) ;
#1544 = PRODUCT_DEFINITION ( 'UNKNOWN', '', #2481, #4597 ) ;
#1545 = ORIENTED_EDGE ( 'NONE', *, *, #177, .F. ) ;
#1546 = ORIENTED_EDGE ( 'NONE', *, *, #2419, .T. ) ;
#1547 = DIRECTION ( 'NONE',  ( 0.000000000000000000, -1.000000000000000000, 0.000000000000000000 ) ) ;
#1548 = ORIENTED_EDGE ( 'NONE', *, *, #1109, .T. ) ;
#1549 = CARTESIAN_POINT ( 'NONE',  ( 9.750000000000001776, -1.000000000000002442, 40.00000000000000000 ) ) ;
#1550 = CARTESIAN_POINT ( 'NONE',  ( 37.50000000000000711, 28.99999999999999645, 8.250000000000000000 ) ) ;
#1551 = EDGE_CURVE ( 'NONE', #2465, #1453, #2786, .T. ) ;
#1552 = DIRECTION ( 'NONE',  ( 0.000000000000000000, 8.696513762797355098E-17, 1.000000000000000000 ) ) ;
#1553 = ORIENTED_EDGE ( 'NONE', *, *, #2572, .F. ) ;
#1554 = VECTOR ( 'NONE', #4114, 1000.000000000000000 ) ;
#1555 = CARTESIAN_POINT ( 'NONE',  ( 59.50000000000000000, -8.673617379884035472E-16, 8.000000000000001776 ) ) ;
#1556 = DIRECTION ( 'NONE',  ( -1.734723475976807094E-16, 1.203706215242022408E-31, 1.000000000000000000 ) ) ;
#1557 = VECTOR ( 'NONE', #1684, 1000.000000000000000 ) ;
#1558 = AXIS2_PLACEMENT_3D ( 'NONE', #3536, #2795, #5282 ) ;
#1559 = ORIENTED_EDGE ( 'NONE', *, *, #1072, .T. ) ;
#1560 = CARTESIAN_POINT ( 'NONE',  ( 0.000000000000000000, 30.99999999999999645, 0.000000000000000000 ) ) ;
#1561 = VERTEX_POINT ( 'NONE', #2012 ) ;
#1562 = VECTOR ( 'NONE', #4357, 1000.000000000000000 ) ;
#1563 = CARTESIAN_POINT ( 'NONE',  ( 0.000000000000000000, 2.000000000000000000, 51.00000000000000000 ) ) ;
#1564 = CARTESIAN_POINT ( 'NONE',  ( 5.250000000000000888, 2.600000000000000089, -3.250000000000000444 ) ) ;
#1565 = VERTEX_POINT ( 'NONE', #3156 ) ;
#1566 = CARTESIAN_POINT ( 'NONE',  ( 22.49999999999999289, 28.99999999999999645, 44.62500000000000000 ) ) ;
#1567 = EDGE_CURVE ( 'NONE', #335, #2717, #3206, .T. ) ;
#1568 = ORIENTED_EDGE ( 'NONE', *, *, #726, .F. ) ;
#1569 = CARTESIAN_POINT ( 'NONE',  ( 18.25000000000000000, 3.500000000000002220, -0.5000000000000000000 ) ) ;
#1570 = ORIENTED_EDGE ( 'NONE', *, *, #794, .T. ) ;
#1571 = EDGE_CURVE ( 'NONE', #2281, #2874, #2339, .T. ) ;
#1572 = DIRECTION ( 'NONE',  ( 0.000000000000000000, 0.000000000000000000, -1.000000000000000000 ) ) ;
#1573 = CARTESIAN_POINT ( 'NONE',  ( 11.89999999999999325, 2.299999999999999822, -3.500000000000000444 ) ) ;
#1574 = EDGE_CURVE ( 'NONE', #3573, #3056, #1188, .T. ) ;
#1575 = EDGE_LOOP ( 'NONE', ( #4018, #4637, #1172, #2605, #2225 ) ) ;
#1576 = DIRECTION ( 'NONE',  ( -1.239088197126291063E-16, 1.000000000000000000, -0.000000000000000000 ) ) ;
#1577 = AXIS2_PLACEMENT_3D ( 'NONE', #5243, #1633, #4814 ) ;
#1578 = FACE_OUTER_BOUND ( 'NONE', #3764, .T. ) ;
#1579 = FACE_OUTER_BOUND ( 'NONE', #1387, .T. ) ;
#1580 = AXIS2_PLACEMENT_3D ( 'NONE', #79, #4618, #957 ) ;
#1581 = AXIS2_PLACEMENT_3D ( 'NONE', #2902, #493, #4525 ) ;
#1582 = CARTESIAN_POINT ( 'NONE',  ( 60.00000000000000000, -3.199274508592315180E-15, 16.45000000000000995 ) ) ;
#1583 = ORIENTED_EDGE ( 'NONE', *, *, #619, .F. ) ;
#1584 = LINE ( 'NONE', #4074, #2017 ) ;
#1585 = LINE ( 'NONE', #357, #2206 ) ;
#1586 = EDGE_CURVE ( 'NONE', #3462, #3834, #4040, .T. ) ;
#1587 = EDGE_CURVE ( 'NONE', #1300, #3251, #1163, .T. ) ;
#1588 = VECTOR ( 'NONE', #3658, 1000.000000000000000 ) ;
#1589 = FACE_OUTER_BOUND ( 'NONE', #3422, .T. ) ;
#1590 = EDGE_LOOP ( 'NONE', ( #4220, #1636, #3966, #4402 ) ) ;
#1591 = CARTESIAN_POINT ( 'NONE',  ( 13.25000000000000178, 3.500000000000001332, -2.000000000000000000 ) ) ;
#1592 = LINE ( 'NONE', #3626, #45 ) ;
#1593 = CARTESIAN_POINT ( 'NONE',  ( 49.99999999999999289, -3.500000000000001776, 49.99999999999997868 ) ) ;
#1594 = VERTEX_POINT ( 'NONE', #316 ) ;
#1595 = AXIS2_PLACEMENT_3D ( 'NONE', #1137, #2420, #2784 ) ;
#1596 = LINE ( 'NONE', #3230, #1670 ) ;
#1597 = ORIENTED_EDGE ( 'NONE', *, *, #4250, .F. ) ;
#1598 = DIRECTION ( 'NONE',  ( 0.000000000000000000, -1.000000000000000000, -5.782411586589356653E-16 ) ) ;
#1599 = ADVANCED_FACE ( 'NONE', ( #4779 ), #2813, .F. ) ;
#1600 = AXIS2_PLACEMENT_3D ( 'NONE', #3194, #2821, #4447 ) ;
#1601 = EDGE_LOOP ( 'NONE', ( #906, #733, #3114, #3455 ) ) ;
#1602 = ORIENTED_EDGE ( 'NONE', *, *, #1587, .T. ) ;
#1603 = AXIS2_PLACEMENT_3D ( 'NONE', #2990, #4614, #2285 ) ;
#1604 = DIRECTION ( 'NONE',  ( -0.000000000000000000, -0.000000000000000000, -1.000000000000000000 ) ) ;
#1605 = DIRECTION ( 'NONE',  ( -9.738798461624180871E-16, 0.000000000000000000, 1.000000000000000000 ) ) ;
#1606 = DIRECTION ( 'NONE',  ( 1.000000000000000000, 0.000000000000000000, -0.000000000000000000 ) ) ;
#1607 = SHAPE_DEFINITION_REPRESENTATION ( #486, #2064 ) ;
#1608 = ORIENTED_EDGE ( 'NONE', *, *, #2823, .F. ) ;
#1609 = DIRECTION ( 'NONE',  ( 1.239088197126291063E-16, -0.000000000000000000, -1.000000000000000000 ) ) ;
#1610 = CYLINDRICAL_SURFACE ( 'NONE', #5264, 10.00000000000000178 ) ;
#1611 = VECTOR ( 'NONE', #3544, 1000.000000000000000 ) ;
#1612 = EDGE_CURVE ( 'NONE', #4813, #64, #1211, .T. ) ;
#1613 = EDGE_CURVE ( 'NONE', #2728, #2600, #347, .T. ) ;
#1614 = VECTOR ( 'NONE', #3346, 1000.000000000000000 ) ;
#1615 = FACE_OUTER_BOUND ( 'NONE', #2918, .T. ) ;
#1616 = CARTESIAN_POINT ( 'NONE',  ( 0.000000000000000000, 1.699999999999997735, 5.963111948670248503E-17 ) ) ;
#1617 = CARTESIAN_POINT ( 'NONE',  ( -1.999999999999999556, -1.000000000000000222, 57.00000000000000000 ) ) ;
#1618 = CARTESIAN_POINT ( 'NONE',  ( 60.00000000000000000, -6.000000000000000888, 8.900000000000002132 ) ) ;
#1619 = CARTESIAN_POINT ( 'NONE',  ( 0.9999999999999997780, 2.000000000000000000, 2.000000000000000000 ) ) ;
#1620 = ORIENTED_EDGE ( 'NONE', *, *, #3571, .F. ) ;
#1621 = CARTESIAN_POINT ( 'NONE',  ( 37.49999999999999289, 30.99999999999999645, 44.62500000000000000 ) ) ;
#1622 = ORIENTED_EDGE ( 'NONE', *, *, #4417, .F. ) ;
#1623 = CARTESIAN_POINT ( 'NONE',  ( 60.00000000000000000, -1.500000000000000444, 5.000000000000000000 ) ) ;
#1624 = VERTEX_POINT ( 'NONE', #3181 ) ;
#1625 = ORIENTED_EDGE ( 'NONE', *, *, #3542, .F. ) ;
#1626 = LINE ( 'NONE', #796, #4796 ) ;
#1627 = CARTESIAN_POINT ( 'NONE',  ( 58.00000000000000000, 3.999999999999994671, 29.69999999999998863 ) ) ;
#1628 = CARTESIAN_POINT ( 'NONE',  ( 25.75000000000000711, 24.36067977499790871, 1.699197433816951167E-15 ) ) ;
#1629 = VECTOR ( 'NONE', #5015, 1000.000000000000000 ) ;
#1630 = EDGE_CURVE ( 'NONE', #1708, #581, #4613, .T. ) ;
#1631 = DIRECTION ( 'NONE',  ( 1.000000000000000000, 0.000000000000000000, 0.000000000000000000 ) ) ;
#1632 = ORIENTED_EDGE ( 'NONE', *, *, #1007, .F. ) ;
#1633 = DIRECTION ( 'NONE',  ( -1.000000000000000000, 0.000000000000000000, 0.000000000000000000 ) ) ;
#1634 = FACE_OUTER_BOUND ( 'NONE', #5048, .T. ) ;
#1635 = EDGE_CURVE ( 'NONE', #4729, #2187, #1138, .T. ) ;
#1636 = ORIENTED_EDGE ( 'NONE', *, *, #3793, .T. ) ;
#1637 = AXIS2_PLACEMENT_3D ( 'NONE', #4591, #927, #505 ) ;
#1638 = EDGE_CURVE ( 'NONE', #121, #1090, #371, .T. ) ;
#1639 = CARTESIAN_POINT ( 'NONE',  ( 9.749999999999998224, -1.000000000000002887, 15.00000000000000000 ) ) ;
#1640 = CARTESIAN_POINT ( 'NONE',  ( 15.37500000000000000, 28.99999999999999645, 22.49999999999999289 ) ) ;
#1641 = CARTESIAN_POINT ( 'NONE',  ( 12.00000000000000533, 18.99999999999998934, 1.999999999999999112 ) ) ;
#1642 = DIRECTION ( 'NONE',  ( -1.000000000000000000, -1.084202172485504804E-16, 0.000000000000000000 ) ) ;
#1643 = CARTESIAN_POINT ( 'NONE',  ( 0.000000000000000000, -8.673617379884035472E-16, 8.000000000000001776 ) ) ;
#1644 = VECTOR ( 'NONE', #4846, 1000.000000000000000 ) ;
#1645 = AXIS2_PLACEMENT_3D ( 'NONE', #3480, #3942, #267 ) ;
#1646 = ORIENTED_EDGE ( 'NONE', *, *, #4816, .T. ) ;
#1647 = DIRECTION ( 'NONE',  ( -1.000000000000000000, -0.000000000000000000, -0.000000000000000000 ) ) ;
#1648 = VERTEX_POINT ( 'NONE', #2038 ) ;
#1649 = DIRECTION ( 'NONE',  ( -4.869399230812089449E-16, 0.000000000000000000, 1.000000000000000000 ) ) ;
#1650 = EDGE_CURVE ( 'NONE', #4726, #2465, #2757, .T. ) ;
#1651 = EDGE_CURVE ( 'NONE', #5091, #578, #1959, .T. ) ;
#1652 = ORIENTED_EDGE ( 'NONE', *, *, #1751, .F. ) ;
#1653 = ORIENTED_EDGE ( 'NONE', *, *, #1586, .T. ) ;
#1654 = DIRECTION ( 'NONE',  ( -1.239088197126291063E-16, -1.187392209762482313E-16, 1.000000000000000000 ) ) ;
#1655 = CARTESIAN_POINT ( 'NONE',  ( 59.50000000000000000, -3.000000000000000888, 5.000000000000000000 ) ) ;
#1656 = DIRECTION ( 'NONE',  ( 2.736911063134408342E-48, 1.000000000000000000, 1.187392209762482313E-16 ) ) ;
#1657 = APPLICATION_PROTOCOL_DEFINITION ( 'draft international standard', 'automotive_design', 1998, #3692 ) ;
#1658 = ORIENTED_EDGE ( 'NONE', *, *, #1302, .T. ) ;
#1659 = DIRECTION ( 'NONE',  ( -0.9808148484639899189, 0.1378445374916257293, 0.1378445374916257293 ) ) ;
#1660 = ORIENTED_EDGE ( 'NONE', *, *, #4680, .F. ) ;
#1661 = FACE_OUTER_BOUND ( 'NONE', #4139, .T. ) ;
#1662 = ADVANCED_FACE ( 'NONE', ( #4408 ), #765, .F. ) ;
#1663 = VECTOR ( 'NONE', #1576, 1000.000000000000000 ) ;
#1664 = DIRECTION ( 'NONE',  ( 1.000000000000000000, 1.239088197126291063E-16, 0.000000000000000000 ) ) ;
#1665 = LINE ( 'NONE', #1616, #320 ) ;
#1666 = DIRECTION ( 'NONE',  ( -0.000000000000000000, 0.000000000000000000, -1.000000000000000000 ) ) ;
#1667 = DIRECTION ( 'NONE',  ( 1.000000000000000000, -5.337610695313249412E-16, 0.000000000000000000 ) ) ;
#1668 = DIRECTION ( 'NONE',  ( -0.000000000000000000, 1.000000000000000000, -0.000000000000000000 ) ) ;
#1669 = PLANE ( 'NONE',  #1975 ) ;
#1670 = VECTOR ( 'NONE', #4457, 1000.000000000000000 ) ;
#1671 = ADVANCED_FACE ( 'NONE', ( #739 ), #4016, .F. ) ;
#1672 = EDGE_LOOP ( 'NONE', ( #4693, #67, #2427, #1108 ) ) ;
#1673 = CIRCLE ( 'NONE', #131, 10.00000000000000000 ) ;
#1674 = LINE ( 'NONE', #838, #4405 ) ;
#1675 = EDGE_LOOP ( 'NONE', ( #4751, #1559, #1620, #2556, #4916, #148 ) ) ;
#1676 = CARTESIAN_POINT ( 'NONE',  ( 60.00000000000000000, 33.99999999999999289, 59.99999999999998579 ) ) ;
#1677 = EDGE_CURVE ( 'NONE', #94, #2581, #3610, .T. ) ;
#1678 =( REPRESENTATION_RELATIONSHIP ('NONE','NONE', #1324, #1926 ) REPRESENTATION_RELATIONSHIP_WITH_TRANSFORMATION ( #2094 )SHAPE_REPRESENTATION_RELATIONSHIP( ) );
#1679 = VERTEX_POINT ( 'NONE', #818 ) ;
#1680 = EDGE_CURVE ( 'NONE', #1230, #582, #93, .T. ) ;
#1681 = VERTEX_POINT ( 'NONE', #424 ) ;
#1682 = LINE ( 'NONE', #3795, #1998 ) ;
#1683 = VECTOR ( 'NONE', #32, 1000.000000000000000 ) ;
#1684 = DIRECTION ( 'NONE',  ( -0.000000000000000000, -0.000000000000000000, -1.000000000000000000 ) ) ;
#1685 = LINE ( 'NONE', #3745, #2793 ) ;
#1686 = VECTOR ( 'NONE', #831, 1000.000000000000000 ) ;
#1687 = DIRECTION ( 'NONE',  ( -0.000000000000000000, 1.000000000000000000, -0.000000000000000000 ) ) ;
#1688 = ORIENTED_EDGE ( 'NONE', *, *, #3393, .F. ) ;
#1689 = LINE ( 'NONE', #3315, #3888 ) ;
#1690 = VERTEX_POINT ( 'NONE', #4111 ) ;
#1691 = LINE ( 'NONE', #904, #3100 ) ;
#1692 = DIRECTION ( 'NONE',  ( -1.239088197126291063E-16, 0.000000000000000000, 1.000000000000000000 ) ) ;
#1693 = PLANE ( 'NONE',  #2886 ) ;
#1694 = EDGE_CURVE ( 'NONE', #4722, #3009, #866, .T. ) ;
#1695 = CARTESIAN_POINT ( 'NONE',  ( 0.000000000000000000, 0.000000000000000000, 0.000000000000000000 ) ) ;
#1696 = CARTESIAN_POINT ( 'NONE',  ( 11.89999999999999325, 0.4999999999999935052, -3.000000000000000000 ) ) ;
#1697 = DIRECTION ( 'NONE',  ( -0.000000000000000000, 1.000000000000000000, -1.734723475976804136E-15 ) ) ;
#1698 = CYLINDRICAL_SURFACE ( 'NONE', #126, 1.500000000000001332 ) ;
#1699 = AXIS2_PLACEMENT_3D ( 'NONE', #5047, #4172, #3023 ) ;
#1700 = ORIENTED_EDGE ( 'NONE', *, *, #4378, .T. ) ;
#1701 = DIRECTION ( 'NONE',  ( -1.000000000000000000, 0.000000000000000000, -0.000000000000000000 ) ) ;
#1702 = ORIENTED_EDGE ( 'NONE', *, *, #189, .T. ) ;
#1703 = LINE ( 'NONE', #4635, #3086 ) ;
#1704 = EDGE_CURVE ( 'NONE', #1924, #2060, #4140, .T. ) ;
#1705 = AXIS2_PLACEMENT_3D ( 'NONE', #695, #2347, #2241 ) ;
#1706 = ORIENTED_EDGE ( 'NONE', *, *, #1853, .F. ) ;
#1707 = EDGE_CURVE ( 'NONE', #1899, #3868, #1287, .T. ) ;
#1708 = VERTEX_POINT ( 'NONE', #4955 ) ;
#1709 = FACE_OUTER_BOUND ( 'NONE', #327, .T. ) ;
#1710 = PLANE ( 'NONE',  #5233 ) ;
#1711 = CARTESIAN_POINT ( 'NONE',  ( 0.000000000000000000, 0.000000000000000000, 55.00000000000000000 ) ) ;
#1712 = CARTESIAN_POINT ( 'NONE',  ( 51.75000000000000000, 28.99999999999999645, 22.50000000000001066 ) ) ;
#1713 = ORIENTED_EDGE ( 'NONE', *, *, #4136, .T. ) ;
#1714 = DIRECTION ( 'NONE',  ( 0.000000000000000000, 0.000000000000000000, -1.000000000000000000 ) ) ;
#1715 = ORIENTED_EDGE ( 'NONE', *, *, #2608, .F. ) ;
#1716 = LINE ( 'NONE', #4971, #620 ) ;
#1717 = EDGE_CURVE ( 'NONE', #696, #4651, #2168, .T. ) ;
#1718 = VECTOR ( 'NONE', #4901, 1000.000000000000000 ) ;
#1719 = EDGE_CURVE ( 'NONE', #4012, #2728, #1732, .T. ) ;
#1720 = EDGE_LOOP ( 'NONE', ( #2627, #2707, #3398, #2546, #3650, #1290, #4887, #3308, #987, #3274, #1385, #2621, #5126, #925, #4322, #1113 ) ) ;
#1721 = CARTESIAN_POINT ( 'NONE',  ( 4.999999999999997335, -6.071532165918824830E-15, 47.99999999999997868 ) ) ;
#1722 = CARTESIAN_POINT ( 'NONE',  ( 57.99999999999999289, 19.00000000000000355, 57.99999999999999289 ) ) ;
#1723 = FACE_OUTER_BOUND ( 'NONE', #5099, .T. ) ;
#1724 = DIRECTION ( 'NONE',  ( 0.04343722427630695299, 0.9990561583550595648, -0.000000000000000000 ) ) ;
#1725 = DIRECTION ( 'NONE',  ( 0.000000000000000000, 0.000000000000000000, 1.000000000000000000 ) ) ;
#1726 = LINE ( 'NONE', #4980, #5252 ) ;
#1727 = ORIENTED_EDGE ( 'NONE', *, *, #4805, .F. ) ;
#1728 = CARTESIAN_POINT ( 'NONE',  ( 37.49999999999999289, 30.99999999999999645, 44.62500000000000000 ) ) ;
#1729 = LINE ( 'NONE', #1761, #4740 ) ;
#1730 = VERTEX_POINT ( 'NONE', #1235 ) ;
#1731 = VECTOR ( 'NONE', #822, 1000.000000000000000 ) ;
#1732 = LINE ( 'NONE', #445, #3949 ) ;
#1733 = ADVANCED_FACE ( 'NONE', ( #3765 ), #2063, .F. ) ;
#1734 = VECTOR ( 'NONE', #4592, 1000.000000000000000 ) ;
#1735 = EDGE_LOOP ( 'NONE', ( #5114, #3638, #4386, #4121 ) ) ;
#1736 = EDGE_CURVE ( 'NONE', #2324, #229, #3277, .T. ) ;
#1737 = VERTEX_POINT ( 'NONE', #2571 ) ;
#1738 = VECTOR ( 'NONE', #3851, 1000.000000000000000 ) ;
#1739 = LINE ( 'NONE', #2548, #1374 ) ;
#1740 = LINE ( 'NONE', #2496, #4302 ) ;
#1741 = ADVANCED_FACE ( 'NONE', ( #2959 ), #892, .T. ) ;
#1742 = LINE ( 'NONE', #4996, #68 ) ;
#1743 = VERTEX_POINT ( 'NONE', #2543 ) ;
#1744 = CARTESIAN_POINT ( 'NONE',  ( 18.19999999999999929, 5.949999999999999289, 0.000000000000000000 ) ) ;
#1745 = ORIENTED_EDGE ( 'NONE', *, *, #4417, .T. ) ;
#1746 = LINE ( 'NONE', #3370, #3528 ) ;
#1747 = VERTEX_POINT ( 'NONE', #4164 ) ;
#1748 = DIRECTION ( 'NONE',  ( 1.000000000000000000, -0.000000000000000000, -0.000000000000000000 ) ) ;
#1749 = DIRECTION ( 'NONE',  ( -1.000000000000000000, -0.000000000000000000, -0.000000000000000000 ) ) ;
#1750 = CARTESIAN_POINT ( 'NONE',  ( 51.75000000000000000, 28.99999999999999645, 22.50000000000001066 ) ) ;
#1751 = EDGE_CURVE ( 'NONE', #1908, #2413, #1897, .T. ) ;
#1752 = LINE ( 'NONE', #5006, #301 ) ;
#1753 = ADVANCED_FACE ( 'NONE', ( #4986 ), #4505, .F. ) ;
#1754 = DIRECTION ( 'NONE',  ( -1.000000000000000000, 0.000000000000000000, -0.000000000000000000 ) ) ;
#1755 = AXIS2_PLACEMENT_3D ( 'NONE', #3748, #3105, #1060 ) ;
#1756 = DIRECTION ( 'NONE',  ( 1.000000000000000000, 0.000000000000000000, 0.000000000000000000 ) ) ;
#1757 = VERTEX_POINT ( 'NONE', #841 ) ;
#1758 = VECTOR ( 'NONE', #516, 1000.000000000000000 ) ;
#1759 = LINE ( 'NONE', #2189, #2566 ) ;
#1760 = VECTOR ( 'NONE', #309, 1000.000000000000000 ) ;
#1761 = CARTESIAN_POINT ( 'NONE',  ( 60.00000000000000000, -1.999999999999987121, 0.000000000000000000 ) ) ;
#1762 = VERTEX_POINT ( 'NONE', #4586 ) ;
#1763 = AXIS2_PLACEMENT_3D ( 'NONE', #1569, #4434, #3203 ) ;
#1764 = DIRECTION ( 'NONE',  ( -1.000000000000000000, -0.000000000000000000, -0.000000000000000000 ) ) ;
#1765 = AXIS2_PLACEMENT_3D ( 'NONE', #5145, #5220, #1131 ) ;
#1766 = ORIENTED_EDGE ( 'NONE', *, *, #1946, .T. ) ;
#1767 = EDGE_CURVE ( 'NONE', #319, #602, #2335, .T. ) ;
#1768 = DIRECTION ( 'NONE',  ( 1.000000000000000000, 0.000000000000000000, 1.734723475976806848E-16 ) ) ;
#1769 = LINE ( 'NONE', #3796, #4883 ) ;
#1770 = DIRECTION ( 'NONE',  ( 0.000000000000000000, -2.046573054880439231E-18, -1.000000000000000000 ) ) ;
#1771 = ORIENTED_EDGE ( 'NONE', *, *, #1991, .F. ) ;
#1772 = CARTESIAN_POINT ( 'NONE',  ( 0.000000000000000000, 0.000000000000000000, 55.00000000000000000 ) ) ;
#1773 = ORIENTED_EDGE ( 'NONE', *, *, #2599, .F. ) ;
#1774 = CARTESIAN_POINT ( 'NONE',  ( 60.00000000000000000, 29.19999999999999218, -15.09999999999999964 ) ) ;
#1775 = MECHANICAL_DESIGN_GEOMETRIC_PRESENTATION_REPRESENTATION (  '', ( #1079 ), #4334 ) ;
#1776 = ORIENTED_EDGE ( 'NONE', *, *, #700, .T. ) ;
#1777 = LINE ( 'NONE', #4259, #1528 ) ;
#1778 = CARTESIAN_POINT ( 'NONE',  ( 5.750000000000001776, 2.000000000000001776, -5.000000000000001776 ) ) ;
#1779 = FACE_OUTER_BOUND ( 'NONE', #3196, .T. ) ;
#1780 = CARTESIAN_POINT ( 'NONE',  ( 75.00000000000000000, 0.000000000000000000, 0.000000000000000000 ) ) ;
#1781 = EDGE_CURVE ( 'NONE', #3877, #566, #66, .T. ) ;
#1782 = VECTOR ( 'NONE', #2266, 1000.000000000000000 ) ;
#1783 = CARTESIAN_POINT ( 'NONE',  ( 75.00000000000000000, 4.649999999999999467, -19.59999999999999787 ) ) ;
#1784 = LINE ( 'NONE', #5184, #2832 ) ;
#1785 = ORIENTED_EDGE ( 'NONE', *, *, #3249, .F. ) ;
#1786 = DIRECTION ( 'NONE',  ( 1.000000000000000000, 0.000000000000000000, 0.000000000000000000 ) ) ;
#1787 = DIRECTION ( 'NONE',  ( 0.000000000000000000, 0.000000000000000000, 1.000000000000000000 ) ) ;
#1788 = VERTEX_POINT ( 'NONE', #3711 ) ;
#1789 = CARTESIAN_POINT ( 'NONE',  ( 12.00000000000000178, 19.00000000000000355, 57.99999999999997868 ) ) ;
#1790 = AXIS2_PLACEMENT_3D ( 'NONE', #4658, #1315, #2619 ) ;
#1791 = ORIENTED_EDGE ( 'NONE', *, *, #1889, .T. ) ;
#1792 = AXIS2_PLACEMENT_3D ( 'NONE', #435, #3702, #2824 ) ;
#1793 = PRODUCT_DEFINITION_FORMATION_WITH_SPECIFIED_SOURCE ( 'ANY', '', #2348, .NOT_KNOWN. ) ;
#1794 = EDGE_LOOP ( 'NONE', ( #3276, #2418, #2408, #5128, #2410, #4274, #1981, #3939 ) ) ;
#1795 = LINE ( 'NONE', #2628, #141 ) ;
#1796 = FACE_OUTER_BOUND ( 'NONE', #1601, .T. ) ;
#1797 = ORIENTED_EDGE ( 'NONE', *, *, #5074, .F. ) ;
#1798 = CARTESIAN_POINT ( 'NONE',  ( 44.62500000000000000, 28.99999999999999645, 22.50000000000000711 ) ) ;
#1799 = EDGE_LOOP ( 'NONE', ( #1187, #201, #1375, #709, #2296, #1815, #2736, #4589, #1274, #4414 ) ) ;
#1800 = LINE ( 'NONE', #2714, #119 ) ;
#1801 = ORIENTED_EDGE ( 'NONE', *, *, #766, .F. ) ;
#1802 = LINE ( 'NONE', #2557, #2350 ) ;
#1803 = EDGE_CURVE ( 'NONE', #582, #3251, #118, .T. ) ;
#1804 = DIRECTION ( 'NONE',  ( -0.000000000000000000, -0.000000000000000000, 1.000000000000000000 ) ) ;
#1805 = CARTESIAN_POINT ( 'NONE',  ( 21.24999999999999645, 2.000000000000002665, -0.5000000000000000000 ) ) ;
#1806 = DIRECTION ( 'NONE',  ( -0.000000000000000000, -1.000000000000000000, -0.000000000000000000 ) ) ;
#1807 = EDGE_CURVE ( 'NONE', #1648, #3563, #3387, .T. ) ;
#1808 = CARTESIAN_POINT ( 'NONE',  ( 15.74999999999999645, -1.000000000000002220, 15.00000000000000000 ) ) ;
#1809 = FILL_AREA_STYLE ('',( #4579 ) ) ;
#1810 = DIRECTION ( 'NONE',  ( 0.000000000000000000, -0.000000000000000000, 1.000000000000000000 ) ) ;
#1811 = EDGE_CURVE ( 'NONE', #2494, #335, #1703, .T. ) ;
#1812 = ORIENTED_EDGE ( 'NONE', *, *, #1345, .F. ) ;
#1813 = DIRECTION ( 'NONE',  ( -4.869399230812089449E-16, -0.000000000000000000, 1.000000000000000000 ) ) ;
#1814 = CARTESIAN_POINT ( 'NONE',  ( 60.00000000000000000, -3.500000000000001776, 14.40000000000000213 ) ) ;
#1815 = ORIENTED_EDGE ( 'NONE', *, *, #664, .T. ) ;
#1816 = CARTESIAN_POINT ( 'NONE',  ( 5.250000000000000000, 1.189130434782606605, -6.500000000000000888 ) ) ;
#1817 = ORIENTED_EDGE ( 'NONE', *, *, #869, .T. ) ;
#1818 = VERTEX_POINT ( 'NONE', #5040 ) ;
#1819 = ADVANCED_FACE ( 'NONE', ( #4300 ), #1845, .T. ) ;
#1820 = SPHERICAL_SURFACE ( 'NONE', #3134, 1.500000000000000000 ) ;
#1821 = ADVANCED_FACE ( 'NONE', ( #579 ), #1454, .F. ) ;
#1822 = CYLINDRICAL_SURFACE ( 'NONE', #1476, 5.999999999999998224 ) ;
#1823 = CIRCLE ( 'NONE', #4798, 10.00000000000000178 ) ;
#1824 = CIRCLE ( 'NONE', #1558, 5.999999999999998224 ) ;
#1825 = VECTOR ( 'NONE', #2562, 1000.000000000000000 ) ;
#1826 = VECTOR ( 'NONE', #2365, 1000.000000000000000 ) ;
#1827 = CARTESIAN_POINT ( 'NONE',  ( 57.99999999999999289, 5.999999999999993783, 34.69999999999999574 ) ) ;
#1828 = EDGE_LOOP ( 'NONE', ( #989, #88, #1095, #3465 ) ) ;
#1829 = CARTESIAN_POINT ( 'NONE',  ( 19.75000000000000000, 5.500000000000005329, -2.000000000000000000 ) ) ;
#1830 = ORIENTED_EDGE ( 'NONE', *, *, #664, .F. ) ;
#1831 = CARTESIAN_POINT ( 'NONE',  ( 60.00000000000000000, -1.500000000000000444, 0.000000000000000000 ) ) ;
#1832 = DIRECTION ( 'NONE',  ( -1.239088197126291063E-16, 1.000000000000000000, -0.000000000000000000 ) ) ;
#1833 = FACE_OUTER_BOUND ( 'NONE', #2085, .T. ) ;
#1834 = DIRECTION ( 'NONE',  ( 0.000000000000000000, 0.000000000000000000, 1.000000000000000000 ) ) ;
#1835 = DIRECTION ( 'NONE',  ( 1.000000000000000000, 0.000000000000000000, -0.000000000000000000 ) ) ;
#1836 = EDGE_CURVE ( 'NONE', #581, #4258, #1367, .T. ) ;
#1837 = CARTESIAN_POINT ( 'NONE',  ( 0.4999999999999865663, 2.600000000000000089, 0.000000000000000000 ) ) ;
#1838 = CARTESIAN_POINT ( 'NONE',  ( 60.00000000000000000, -1.981997655666484015E-15, 16.40000000000000568 ) ) ;
#1839 = ORIENTED_EDGE ( 'NONE', *, *, #2290, .T. ) ;
#1840 = CARTESIAN_POINT ( 'NONE',  ( 5.750000000000001776, 24.36067977499790871, -5.000000000000001776 ) ) ;
#1841 = VERTEX_POINT ( 'NONE', #973 ) ;
#1842 = CYLINDRICAL_SURFACE ( 'NONE', #3559, 1.500000000000000000 ) ;
#1843 = ORIENTED_EDGE ( 'NONE', *, *, #4554, .T. ) ;
#1844 = EDGE_CURVE ( 'NONE', #4823, #4176, #751, .T. ) ;
#1845 = CYLINDRICAL_SURFACE ( 'NONE', #4870, 1.499999999999999556 ) ;
#1846 = VECTOR ( 'NONE', #4728, 1000.000000000000000 ) ;
#1847 = ORIENTED_EDGE ( 'NONE', *, *, #1486, .T. ) ;
#1848 = VERTEX_POINT ( 'NONE', #3068 ) ;
#1849 = CARTESIAN_POINT ( 'NONE',  ( 60.00000000000000000, -6.000000000000000000, 1.999999999999999556 ) ) ;
#1850 = EDGE_CURVE ( 'NONE', #1479, #2540, #2623, .T. ) ;
#1851 = FACE_BOUND ( 'NONE', #4560, .T. ) ;
#1852 = VECTOR ( 'NONE', #3592, 1000.000000000000000 ) ;
#1853 = EDGE_CURVE ( 'NONE', #3834, #4433, #204, .T. ) ;
#1854 = ORIENTED_EDGE ( 'NONE', *, *, #2146, .T. ) ;
#1855 = DIRECTION ( 'NONE',  ( 0.000000000000000000, 7.065269995080883413E-18, 1.000000000000000000 ) ) ;
#1856 = ORIENTED_EDGE ( 'NONE', *, *, #2058, .F. ) ;
#1857 = DIRECTION ( 'NONE',  ( 0.000000000000000000, -0.000000000000000000, -1.000000000000000000 ) ) ;
#1858 = DIRECTION ( 'NONE',  ( -1.000000000000000000, -1.239088197126291063E-16, -0.000000000000000000 ) ) ;
#1859 = CARTESIAN_POINT ( 'NONE',  ( 0.000000000000000000, 28.99999999999999645, 47.99999999999997868 ) ) ;
#1860 = DIRECTION ( 'NONE',  ( -1.239088197126291063E-16, -0.000000000000000000, 1.000000000000000000 ) ) ;
#1861 = LINE ( 'NONE', #3485, #123 ) ;
#1862 = CARTESIAN_POINT ( 'NONE',  ( 60.00000000000000000, 1.999999999999997335, 16.40000000000000213 ) ) ;
#1863 = PRESENTATION_LAYER_ASSIGNMENT (  '', '', ( #1079 ) ) ;
#1864 = EDGE_CURVE ( 'NONE', #2065, #4897, #607, .T. ) ;
#1865 = ORIENTED_EDGE ( 'NONE', *, *, #2752, .F. ) ;
#1866 = PLANE ( 'NONE',  #835 ) ;
#1867 = VERTEX_POINT ( 'NONE', #3015 ) ;
#1868 = CARTESIAN_POINT ( 'NONE',  ( 10.75000000000000000, 24.36067977499790871, -10.00000000000000000 ) ) ;
#1869 = VERTEX_POINT ( 'NONE', #2221 ) ;
#1870 = ORIENTED_EDGE ( 'NONE', *, *, #1850, .F. ) ;
#1871 = CARTESIAN_POINT ( 'NONE',  ( 5.103553390593273953, 1.195497678669856345, -6.500000000000001776 ) ) ;
#1872 = VERTEX_POINT ( 'NONE', #4692 ) ;
#1873 = ORIENTED_EDGE ( 'NONE', *, *, #3089, .F. ) ;
#1874 = ADVANCED_FACE ( 'NONE', ( #5068 ), #3442, .F. ) ;
#1875 = CARTESIAN_POINT ( 'NONE',  ( 48.00000000000000000, 18.99999999999999645, 12.00000000000000000 ) ) ;
#1876 = LINE ( 'NONE', #2254, #2004 ) ;
#1877 = AXIS2_PLACEMENT_3D ( 'NONE', #2002, #2409, #2077 ) ;
#1878 = EDGE_CURVE ( 'NONE', #151, #1594, #4218, .T. ) ;
#1879 = ORIENTED_EDGE ( 'NONE', *, *, #65, .F. ) ;
#1880 = ORIENTED_EDGE ( 'NONE', *, *, #311, .T. ) ;
#1881 = LINE ( 'NONE', #565, #4401 ) ;
#1882 = ORIENTED_EDGE ( 'NONE', *, *, #1650, .T. ) ;
#1883 = LINE ( 'NONE', #3504, #2925 ) ;
#1884 = ORIENTED_EDGE ( 'NONE', *, *, #2235, .F. ) ;
#1885 = CARTESIAN_POINT ( 'NONE',  ( 75.00000000000000000, 4.599999999999999645, 0.000000000000000000 ) ) ;
#1886 = PLANE ( 'NONE',  #1225 ) ;
#1887 = LINE ( 'NONE', #3512, #3826 ) ;
#1888 = EDGE_CURVE ( 'NONE', #5024, #4672, #4662, .T. ) ;
#1889 = EDGE_CURVE ( 'NONE', #264, #2376, #1028, .T. ) ;
#1890 = CARTESIAN_POINT ( 'NONE',  ( 5.000000000000000000, 1.199999999999997957, -6.750000000000000888 ) ) ;
#1891 = ORIENTED_EDGE ( 'NONE', *, *, #5043, .T. ) ;
#1892 = DIRECTION ( 'NONE',  ( 0.000000000000000000, -0.000000000000000000, 1.000000000000000000 ) ) ;
#1893 = CARTESIAN_POINT ( 'NONE',  ( 12.00000000000000533, 19.00000000000000355, 22.49999999999999289 ) ) ;
#1894 = ORIENTED_EDGE ( 'NONE', *, *, #3014, .T. ) ;
#1895 = VERTEX_POINT ( 'NONE', #2677 ) ;
#1896 = LINE ( 'NONE', #2249, #2751 ) ;
#1897 = CIRCLE ( 'NONE', #2422, 10.00000000000000178 ) ;
#1898 = ORIENTED_EDGE ( 'NONE', *, *, #4481, .F. ) ;
#1899 = VERTEX_POINT ( 'NONE', #2702 ) ;
#1900 = LINE ( 'NONE', #5018, #2304 ) ;
#1901 = EDGE_CURVE ( 'NONE', #5024, #2676, #2308, .T. ) ;
#1902 = DIRECTION ( 'NONE',  ( -0.000000000000000000, -0.000000000000000000, -1.000000000000000000 ) ) ;
#1903 = ADVANCED_FACE ( 'NONE', ( #3929 ), #4273, .F. ) ;
#1904 = VECTOR ( 'NONE', #1141, 1000.000000000000000 ) ;
#1905 = ORIENTED_EDGE ( 'NONE', *, *, #199, .T. ) ;
#1906 = ORIENTED_EDGE ( 'NONE', *, *, #4879, .T. ) ;
#1907 = CARTESIAN_POINT ( 'NONE',  ( 22.50000000000001066, 30.99999999999999645, 8.249999999999998224 ) ) ;
#1908 = VERTEX_POINT ( 'NONE', #1789 ) ;
#1909 = CARTESIAN_POINT ( 'NONE',  ( -2.385244779468110149E-15, 5.499999999999998224, -2.000000000000000000 ) ) ;
#1910 = AXIS2_PLACEMENT_3D ( 'NONE', #6, #4869, #4398 ) ;
#1911 = EDGE_CURVE ( 'NONE', #1453, #1458, #1896, .T. ) ;
#1912 = PRODUCT_DEFINITION_SHAPE ( 'NONE', 'NONE',  #1544 ) ;
#1913 = AXIS2_PLACEMENT_3D ( 'NONE', #797, #770, #1169 ) ;
#1914 =( LENGTH_UNIT ( ) NAMED_UNIT ( * ) SI_UNIT ( .MILLI., .METRE. ) );
#1915 = VERTEX_POINT ( 'NONE', #4749 ) ;
#1916 = PRESENTATION_STYLE_ASSIGNMENT (( #4234 ) ) ;
#1917 = PLANE ( 'NONE',  #4562 ) ;
#1918 = CARTESIAN_POINT ( 'NONE',  ( 31.50000000000000000, 4.102566777143633774E-15, 55.00000000000000000 ) ) ;
#1919 = ADVANCED_FACE ( 'NONE', ( #2828 ), #3148, .T. ) ;
#1920 = DIRECTION ( 'NONE',  ( 1.000000000000000000, 0.000000000000000000, 0.000000000000000000 ) ) ;
#1921 = CARTESIAN_POINT ( 'NONE',  ( 37.50000000000000711, 28.99999999999999645, 15.37500000000000000 ) ) ;
#1922 = DIRECTION ( 'NONE',  ( -1.000000000000000000, 0.000000000000000000, 0.000000000000000000 ) ) ;
#1923 = CYLINDRICAL_SURFACE ( 'NONE', #734, 1.499999999999999556 ) ;
#1924 = VERTEX_POINT ( 'NONE', #3603 ) ;
#1925 = VERTEX_POINT ( 'NONE', #4454 ) ;
#1926 = SHAPE_REPRESENTATION ( 'clip support PV', ( #3931 ), #3155 ) ;
#1927 = CARTESIAN_POINT ( 'NONE',  ( 11.75000000000000355, 5.500000000000005329, -2.000000000000000000 ) ) ;
#1928 = ORIENTED_EDGE ( 'NONE', *, *, #5168, .T. ) ;
#1929 = ORIENTED_EDGE ( 'NONE', *, *, #4345, .F. ) ;
#1930 = LINE ( 'NONE', #3407, #4922 ) ;
#1931 = DIRECTION ( 'NONE',  ( 0.000000000000000000, -5.782411586589356653E-16, 1.000000000000000000 ) ) ;
#1932 = AXIS2_PLACEMENT_3D ( 'NONE', #1273, #877, #4149 ) ;
#1933 = EDGE_CURVE ( 'NONE', #4327, #5091, #772, .T. ) ;
#1934 = AXIS2_PLACEMENT_3D ( 'NONE', #1474, #2642, #3863 ) ;
#1935 = ORIENTED_EDGE ( 'NONE', *, *, #4680, .T. ) ;
#1936 = FACE_OUTER_BOUND ( 'NONE', #2196, .T. ) ;
#1937 = ORIENTED_EDGE ( 'NONE', *, *, #4044, .F. ) ;
#1938 = DIRECTION ( 'NONE',  ( -2.736911063134408342E-48, -1.000000000000000000, -1.187392209762482313E-16 ) ) ;
#1939 = VECTOR ( 'NONE', #479, 1000.000000000000000 ) ;
#1940 = CARTESIAN_POINT ( 'NONE',  ( 21.75000000000000000, -1.000000000000001110, 40.00000000000000000 ) ) ;
#1941 = AXIS2_PLACEMENT_3D ( 'NONE', #8, #337, #1203 ) ;
#1942 = ORIENTED_EDGE ( 'NONE', *, *, #2861, .F. ) ;
#1943 = DIRECTION ( 'NONE',  ( 0.000000000000000000, -0.000000000000000000, 1.000000000000000000 ) ) ;
#1944 = CARTESIAN_POINT ( 'NONE',  ( 35.26538908328470256, -1.836970198721029441E-17, -2.600000000000000089 ) ) ;
#1945 = VECTOR ( 'NONE', #583, 1000.000000000000000 ) ;
#1946 = EDGE_CURVE ( 'NONE', #4726, #254, #2437, .T. ) ;
#1947 = LINE ( 'NONE', #1532, #502 ) ;
#1948 = VERTEX_POINT ( 'NONE', #4824 ) ;
#1949 = DIRECTION ( 'NONE',  ( 0.000000000000000000, -1.000000000000000000, 0.000000000000000000 ) ) ;
#1950 = CARTESIAN_POINT ( 'NONE',  ( 18.19999999999999929, 4.049999999999999822, 0.000000000000000000 ) ) ;
#1951 = ORIENTED_EDGE ( 'NONE', *, *, #1853, .T. ) ;
#1952 = VECTOR ( 'NONE', #2000, 1000.000000000000000 ) ;
#1953 = DIRECTION ( 'NONE',  ( 1.000000000000000000, 0.000000000000000000, 0.000000000000000000 ) ) ;
#1954 = VECTOR ( 'NONE', #330, 1000.000000000000000 ) ;
#1955 = EDGE_LOOP ( 'NONE', ( #714, #114, #2223 ) ) ;
#1956 = ORIENTED_EDGE ( 'NONE', *, *, #3879, .F. ) ;
#1957 = CARTESIAN_POINT ( 'NONE',  ( 60.00000000000000000, -1.500000000000000444, 5.000000000000000000 ) ) ;
#1958 = CIRCLE ( 'NONE', #4003, 1.499999999999999556 ) ;
#1959 = LINE ( 'NONE', #397, #4952 ) ;
#1960 = EDGE_CURVE ( 'NONE', #5246, #2573, #735, .T. ) ;
#1961 = ORIENTED_EDGE ( 'NONE', *, *, #1803, .F. ) ;
#1962 = VERTEX_POINT ( 'NONE', #3578 ) ;
#1963 = CARTESIAN_POINT ( 'NONE',  ( 75.00000000000000000, 1.199999999999997957, -6.999999999999999112 ) ) ;
#1964 = ORIENTED_EDGE ( 'NONE', *, *, #928, .F. ) ;
#1965 = CARTESIAN_POINT ( 'NONE',  ( 60.00000000000000000, -7.372574772901430151E-15, 59.99999999999998579 ) ) ;
#1966 = CARTESIAN_POINT ( 'NONE',  ( 75.00000000000000000, 1.199999999999999956, -22.59999999999999432 ) ) ;
#1967 = VECTOR ( 'NONE', #2897, 1000.000000000000000 ) ;
#1968 =( GEOMETRIC_REPRESENTATION_CONTEXT ( 3 ) GLOBAL_UNCERTAINTY_ASSIGNED_CONTEXT ( ( #1384 ) ) GLOBAL_UNIT_ASSIGNED_CONTEXT ( ( #722, #3506, #2375 ) ) REPRESENTATION_CONTEXT ( 'NONE', 'WORKASPACE' ) );
#1969 = EDGE_LOOP ( 'NONE', ( #230, #1865, #2527, #3519, #3629, #2037, #3775, #2284 ) ) ;
#1970 = SURFACE_STYLE_FILL_AREA ( #2377 ) ;
#1971 = VECTOR ( 'NONE', #269, 1000.000000000000000 ) ;
#1972 = CYLINDRICAL_SURFACE ( 'NONE', #4822, 0.2500000000000002220 ) ;
#1973 = LINE ( 'NONE', #5216, #1952 ) ;
#1974 = ADVANCED_FACE ( 'NONE', ( #363 ), #2781, .F. ) ;
#1975 = AXIS2_PLACEMENT_3D ( 'NONE', #3298, #1227, #466 ) ;
#1976 = ADVANCED_FACE ( 'NONE', ( #1133 ), #3119, .T. ) ;
#1977 = FACE_BOUND ( 'NONE', #1720, .T. ) ;
#1978 = ORIENTED_EDGE ( 'NONE', *, *, #3604, .T. ) ;
#1979 = LINE ( 'NONE', #4792, #4800 ) ;
#1980 = LINE ( 'NONE', #1154, #2625 ) ;
#1981 = ORIENTED_EDGE ( 'NONE', *, *, #5007, .T. ) ;
#1982 = FACE_OUTER_BOUND ( 'NONE', #1062, .T. ) ;
#1983 = EDGE_CURVE ( 'NONE', #3063, #2780, #2808, .T. ) ;
#1984 = ORIENTED_EDGE ( 'NONE', *, *, #3712, .F. ) ;
#1985 = DIRECTION ( 'NONE',  ( 0.000000000000000000, 0.000000000000000000, -1.000000000000000000 ) ) ;
#1986 = VERTEX_POINT ( 'NONE', #5198 ) ;
#1987 = CARTESIAN_POINT ( 'NONE',  ( 0.4999999999999865663, 2.600000000000000089, 0.000000000000000000 ) ) ;
#1988 = DIRECTION ( 'NONE',  ( 0.000000000000000000, -0.000000000000000000, 1.000000000000000000 ) ) ;
#1989 = VECTOR ( 'NONE', #4609, 1000.000000000000000 ) ;
#1990 = ORIENTED_EDGE ( 'NONE', *, *, #4841, .T. ) ;
#1991 = EDGE_CURVE ( 'NONE', #78, #1872, #3655, .T. ) ;
#1992 = ADVANCED_FACE ( 'NONE', ( #4430 ), #1107, .F. ) ;
#1993 = ORIENTED_EDGE ( 'NONE', *, *, #340, .T. ) ;
#1994 = DIRECTION ( 'NONE',  ( -0.000000000000000000, 0.000000000000000000, 1.000000000000000000 ) ) ;
#1995 = DIRECTION ( 'NONE',  ( 1.000000000000000000, 0.000000000000000000, 9.738798461624180871E-16 ) ) ;
#1996 = DIRECTION ( 'NONE',  ( 1.000000000000000000, 0.000000000000000000, 0.000000000000000000 ) ) ;
#1997 = EDGE_LOOP ( 'NONE', ( #4665, #4780, #448, #2659 ) ) ;
#1998 = VECTOR ( 'NONE', #3390, 1000.000000000000000 ) ;
#1999 = DIRECTION ( 'NONE',  ( -1.000000000000000000, -0.000000000000000000, -0.000000000000000000 ) ) ;
#2000 = DIRECTION ( 'NONE',  ( -0.7071067811865378028, -0.7071067811865573427, 0.000000000000000000 ) ) ;
#2001 = VECTOR ( 'NONE', #4730, 1000.000000000000000 ) ;
#2002 = CARTESIAN_POINT ( 'NONE',  ( 10.00000000000000178, -6.136203874453046338E-15, 49.99999999999997868 ) ) ;
#2003 = VERTEX_POINT ( 'NONE', #2727 ) ;
#2004 = VECTOR ( 'NONE', #4329, 1000.000000000000000 ) ;
#2005 = CARTESIAN_POINT ( 'NONE',  ( 33.50000000000000000, -1.000000000000000222, 55.00000000000000000 ) ) ;
#2006 = CARTESIAN_POINT ( 'NONE',  ( 44.62500000000000000, 30.99999999999999645, 22.50000000000000711 ) ) ;
#2007 = ORIENTED_EDGE ( 'NONE', *, *, #2977, .F. ) ;
#2008 = CARTESIAN_POINT ( 'NONE',  ( 0.000000000000000000, 29.19999999999999218, -10.09999999999999787 ) ) ;
#2009 = ORIENTED_EDGE ( 'NONE', *, *, #5285, .F. ) ;
#2010 = DIRECTION ( 'NONE',  ( -6.938893903907232322E-16, 0.000000000000000000, -1.000000000000000000 ) ) ;
#2011 = ORIENTED_EDGE ( 'NONE', *, *, #1736, .F. ) ;
#2012 = CARTESIAN_POINT ( 'NONE',  ( 20.75000000000000355, 2.000000000000003109, -9.999999999999998224 ) ) ;
#2013 = ORIENTED_EDGE ( 'NONE', *, *, #10, .F. ) ;
#2014 = EDGE_CURVE ( 'NONE', #4284, #2970, #2333, .T. ) ;
#2015 = ORIENTED_EDGE ( 'NONE', *, *, #4866, .F. ) ;
#2016 = LINE ( 'NONE', #4856, #1663 ) ;
#2017 = VECTOR ( 'NONE', #5215, 1000.000000000000000 ) ;
#2018 = CARTESIAN_POINT ( 'NONE',  ( 0.000000000000000000, 0.000000000000000000, 0.000000000000000000 ) ) ;
#2019 = CARTESIAN_POINT ( 'NONE',  ( 57.99999999999999289, 1.999999999999994005, 47.99999999999997868 ) ) ;
#2020 = EDGE_CURVE ( 'NONE', #2097, #1895, #4034, .T. ) ;
#2021 = VECTOR ( 'NONE', #1098, 1000.000000000000000 ) ;
#2022 = VECTOR ( 'NONE', #1513, 1000.000000000000000 ) ;
#2023 = SHAPE_DEFINITION_REPRESENTATION ( #1912, #3693 ) ;
#2024 = ORIENTED_EDGE ( 'NONE', *, *, #2774, .F. ) ;
#2025 = SURFACE_STYLE_USAGE ( .BOTH. , #3670 ) ;
#2026 = PLANE ( 'NONE',  #4987 ) ;
#2027 = FACE_OUTER_BOUND ( 'NONE', #2879, .T. ) ;
#2028 = VECTOR ( 'NONE', #5013, 1000.000000000000000 ) ;
#2029 = CARTESIAN_POINT ( 'NONE',  ( 19.75000000000000000, 5.500000000000005329, 0.000000000000000000 ) ) ;
#2030 = CARTESIAN_POINT ( 'NONE',  ( 37.50000000000000711, 30.99999999999999645, 8.250000000000000000 ) ) ;
#2031 = LINE ( 'NONE', #4497, #2167 ) ;
#2032 = DIRECTION ( 'NONE',  ( 1.000000000000000000, -0.000000000000000000, -0.000000000000000000 ) ) ;
#2033 = DIRECTION ( 'NONE',  ( 0.000000000000000000, 1.000000000000000000, 5.782411586589356653E-16 ) ) ;
#2034 = ORIENTED_EDGE ( 'NONE', *, *, #1347, .T. ) ;
#2035 = VECTOR ( 'NONE', #4667, 1000.000000000000000 ) ;
#2036 = DIRECTION ( 'NONE',  ( 0.000000000000000000, 0.000000000000000000, -1.000000000000000000 ) ) ;
#2037 = ORIENTED_EDGE ( 'NONE', *, *, #1486, .F. ) ;
#2038 = CARTESIAN_POINT ( 'NONE',  ( 49.99999999999999289, 33.99999999999999289, 59.99999999999998579 ) ) ;
#2039 = EDGE_CURVE ( 'NONE', #4083, #2777, #3627, .T. ) ;
#2040 = CIRCLE ( 'NONE', #2388, 2.000000000000000000 ) ;
#2041 = ADVANCED_FACE ( 'NONE', ( #1982 ), #1537, .T. ) ;
#2042 = ORIENTED_EDGE ( 'NONE', *, *, #4411, .F. ) ;
#2043 = VECTOR ( 'NONE', #5271, 1000.000000000000000 ) ;
#2044 = FACE_OUTER_BOUND ( 'NONE', #3341, .T. ) ;
#2045 = DIRECTION ( 'NONE',  ( 0.000000000000000000, 1.301042606982605321E-16, -1.000000000000000000 ) ) ;
#2046 = CARTESIAN_POINT ( 'NONE',  ( 37.49999999999999289, 28.99999999999999645, 44.62500000000000000 ) ) ;
#2047 = EDGE_CURVE ( 'NONE', #4672, #563, #4848, .T. ) ;
#2048 = ORIENTED_EDGE ( 'NONE', *, *, #4648, .T. ) ;
#2049 = CARTESIAN_POINT ( 'NONE',  ( 7.249999999999999112, 33.99999999999999289, 7.249999999999999112 ) ) ;
#2050 = PLANE ( 'NONE',  #4499 ) ;
#2051 = AXIS2_PLACEMENT_3D ( 'NONE', #2591, #4188, #969 ) ;
#2052 = VECTOR ( 'NONE', #5003, 1000.000000000000000 ) ;
#2053 = CARTESIAN_POINT ( 'NONE',  ( 30.50000000000000000, 1.000000000000003997, 2.000000000000000000 ) ) ;
#2054 = DIRECTION ( 'NONE',  ( -0.000000000000000000, -0.000000000000000000, -1.000000000000000000 ) ) ;
#2055 = LINE ( 'NONE', #5195, #1378 ) ;
#2056 = EDGE_CURVE ( 'NONE', #4799, #4255, #283, .T. ) ;
#2057 = DIRECTION ( 'NONE',  ( 0.000000000000000000, -1.192622389734055124E-16, 1.000000000000000000 ) ) ;
#2058 = EDGE_CURVE ( 'NONE', #5054, #1624, #3373, .T. ) ;
#2059 = CARTESIAN_POINT ( 'NONE',  ( 52.75000000000000000, 30.99999999999999645, 52.75000000000000000 ) ) ;
#2060 = VERTEX_POINT ( 'NONE', #4106 ) ;
#2061 = DIRECTION ( 'NONE',  ( 0.7071067811865378028, 0.7071067811865573427, 0.000000000000000000 ) ) ;
#2062 = VERTEX_POINT ( 'NONE', #834 ) ;
#2063 = PLANE ( 'NONE',  #2670 ) ;
#2064 = SHAPE_REPRESENTATION ( 'support capteur PV', ( #3931 ), #1968 ) ;
#2065 = VERTEX_POINT ( 'NONE', #4552 ) ;
#2066 = EDGE_CURVE ( 'NONE', #4278, #2874, #4185, .T. ) ;
#2067 = ORIENTED_EDGE ( 'NONE', *, *, #1402, .T. ) ;
#2068 = CARTESIAN_POINT ( 'NONE',  ( 2.000000000000007105, 1.999999999999999556, 1.999999999999997113 ) ) ;
#2069 = CARTESIAN_POINT ( 'NONE',  ( 48.00000000000000000, 18.99999999999998934, 12.00000000000000000 ) ) ;
#2070 = PLANE ( 'NONE',  #2372 ) ;
#2071 = AXIS2_PLACEMENT_3D ( 'NONE', #258, #3819, #554 ) ;
#2072 = ORIENTED_EDGE ( 'NONE', *, *, #4648, .F. ) ;
#2073 = DIRECTION ( 'NONE',  ( 0.000000000000000000, 0.000000000000000000, 1.000000000000000000 ) ) ;
#2074 = ADVANCED_FACE ( 'NONE', ( #2855 ), #2952, .T. ) ;
#2075 = CARTESIAN_POINT ( 'NONE',  ( 12.00000000000000533, 18.99999999999999645, 12.00000000000000000 ) ) ;
#2076 = AXIS2_PLACEMENT_3D ( 'NONE', #3919, #3458, #4341 ) ;
#2077 = DIRECTION ( 'NONE',  ( 0.000000000000000000, -1.236370898448383123E-16, 1.000000000000000000 ) ) ;
#2078 = DIRECTION ( 'NONE',  ( -0.000000000000000000, -0.000000000000000000, -1.000000000000000000 ) ) ;
#2079 = CARTESIAN_POINT ( 'NONE',  ( 4.999999999999997335, -6.136203874453046338E-15, 16.40000000000000568 ) ) ;
#2080 = FACE_OUTER_BOUND ( 'NONE', #369, .T. ) ;
#2081 = CARTESIAN_POINT ( 'NONE',  ( -1.999999999999999556, -1.000000000000000222, 57.00000000000000000 ) ) ;
#2082 = VECTOR ( 'NONE', #3246, 1000.000000000000000 ) ;
#2083 = ADVANCED_FACE ( 'NONE', ( #417 ), #1698, .F. ) ;
#2084 = VECTOR ( 'NONE', #134, 1000.000000000000000 ) ;
#2085 = EDGE_LOOP ( 'NONE', ( #354, #4504, #4746, #3539, #4783, #2985, #13, #5194, #2013, #5221, #2973 ) ) ;
#2086 = DIRECTION ( 'NONE',  ( 1.000000000000000000, -0.000000000000000000, -0.000000000000000000 ) ) ;
#2087 = VERTEX_POINT ( 'NONE', #2081 ) ;
#2088 = DIRECTION ( 'NONE',  ( 1.000000000000000000, 0.000000000000000000, -0.000000000000000000 ) ) ;
#2089 = EDGE_LOOP ( 'NONE', ( #5070, #3989, #1488, #4477, #2806, #4226, #2108, #4686, #5284, #1417 ) ) ;
#2090 = ORIENTED_EDGE ( 'NONE', *, *, #379, .T. ) ;
#2091 = DIRECTION ( 'NONE',  ( 1.000000000000000000, 0.000000000000000000, -0.000000000000000000 ) ) ;
#2092 = LINE ( 'NONE', #2523, #2430 ) ;
#2093 = PLANE ( 'NONE',  #1319 ) ;
#2094 = ITEM_DEFINED_TRANSFORMATION ( 'NONE', 'NONE', #836,  #3931 ) ;
#2095 = ORIENTED_EDGE ( 'NONE', *, *, #4797, .F. ) ;
#2096 = CARTESIAN_POINT ( 'NONE',  ( 15.74999999999999645, 1.000000000000002220, 15.00000000000000000 ) ) ;
#2097 = VERTEX_POINT ( 'NONE', #1282 ) ;
#2098 = CARTESIAN_POINT ( 'NONE',  ( 57.99999999999999289, 5.999999999999991118, 57.99999999999997868 ) ) ;
#2099 = AXIS2_PLACEMENT_3D ( 'NONE', #4308, #3885, #3452 ) ;
#2100 = DIRECTION ( 'NONE',  ( 1.000000000000000000, 0.000000000000000000, 0.000000000000000000 ) ) ;
#2101 = CARTESIAN_POINT ( 'NONE',  ( 47.99999999999999289, 19.00000000000000355, 57.99999999999997868 ) ) ;
#2102 = DIRECTION ( 'NONE',  ( -1.000000000000000000, 5.782411586589358625E-16, 0.000000000000000000 ) ) ;
#2103 = ADVANCED_FACE ( 'NONE', ( #2161 ), #5276, .F. ) ;
#2104 = FACE_OUTER_BOUND ( 'NONE', #2387, .T. ) ;
#2105 = CARTESIAN_POINT ( 'NONE',  ( 11.89999999999999325, 0.000000000000000000, 0.000000000000000000 ) ) ;
#2106 = VECTOR ( 'NONE', #3302, 1000.000000000000000 ) ;
#2107 = EDGE_CURVE ( 'NONE', #2885, #3848, #4158, .T. ) ;
#2108 = ORIENTED_EDGE ( 'NONE', *, *, #662, .T. ) ;
#2109 = AXIS2_PLACEMENT_3D ( 'NONE', #808, #416, #2057 ) ;
#2110 = FACE_OUTER_BOUND ( 'NONE', #4612, .T. ) ;
#2111 = ORIENTED_EDGE ( 'NONE', *, *, #4878, .T. ) ;
#2112 = PRODUCT_RELATED_PRODUCT_CATEGORY ( 'part', '', ( #5138 ) ) ;
#2113 = CARTESIAN_POINT ( 'NONE',  ( 0.000000000000000000, 2.000000000000000000, 0.000000000000000000 ) ) ;
#2114 = ORIENTED_EDGE ( 'NONE', *, *, #1630, .T. ) ;
#2115 = ORIENTED_EDGE ( 'NONE', *, *, #2848, .F. ) ;
#2116 = CARTESIAN_POINT ( 'NONE',  ( 33.50000000000000000, 4.102566777143633774E-15, 0.000000000000000000 ) ) ;
#2117 = EDGE_CURVE ( 'NONE', #3044, #80, #4872, .T. ) ;
#2118 = VECTOR ( 'NONE', #4157, 1000.000000000000000 ) ;
#2119 = CARTESIAN_POINT ( 'NONE',  ( 2.000000000000005773, 28.99999999999999645, 12.00000000000000000 ) ) ;
#2120 = DIRECTION ( 'NONE',  ( -1.000000000000000000, -4.336808689942019708E-16, -0.000000000000000000 ) ) ;
#2121 = AXIS2_PLACEMENT_3D ( 'NONE', #568, #962, #513 ) ;
#2122 = ORIENTED_EDGE ( 'NONE', *, *, #4214, .F. ) ;
#2123 = CARTESIAN_POINT ( 'NONE',  ( 0.000000000000000000, 0.000000000000000000, 0.000000000000000000 ) ) ;
#2124 = ORIENTED_EDGE ( 'NONE', *, *, #310, .T. ) ;
#2125 = PLANE ( 'NONE',  #1755 ) ;
#2126 = VERTEX_POINT ( 'NONE', #9 ) ;
#2127 = CARTESIAN_POINT ( 'NONE',  ( 31.50000000000000000, 2.100000000000000089, 57.00000000000000000 ) ) ;
#2128 = CARTESIAN_POINT ( 'NONE',  ( 0.000000000000000000, 33.99999999999999289, 49.99999999999997868 ) ) ;
#2129 = CARTESIAN_POINT ( 'NONE',  ( 25.75000000000000711, -1.000000000000000222, 0.000000000000000000 ) ) ;
#2130 = CYLINDRICAL_SURFACE ( 'NONE', #4483, 5.999999999999998224 ) ;
#2131 = ADVANCED_FACE ( 'NONE', ( #2512 ), #812, .F. ) ;
#2132 = CARTESIAN_POINT ( 'NONE',  ( 60.00000000000000000, 0.4999999999999850675, 8.499999999999987566 ) ) ;
#2133 = LINE ( 'NONE', #2059, #2282 ) ;
#2134 = EDGE_CURVE ( 'NONE', #4108, #4397, #2133, .T. ) ;
#2135 = VECTOR ( 'NONE', #3869, 1000.000000000000000 ) ;
#2136 = ORIENTED_EDGE ( 'NONE', *, *, #2498, .T. ) ;
#2137 = CARTESIAN_POINT ( 'NONE',  ( 4.999999999999997335, 1.999999999999997335, 16.40000000000000213 ) ) ;
#2138 = PLANE ( 'NONE',  #3374 ) ;
#2139 = ORIENTED_EDGE ( 'NONE', *, *, #4670, .F. ) ;
#2140 = EDGE_CURVE ( 'NONE', #1106, #2893, #1726, .T. ) ;
#2141 = CARTESIAN_POINT ( 'NONE',  ( 12.00000000000000178, 19.00000000000000355, 47.99999999999997868 ) ) ;
#2142 = ORIENTED_EDGE ( 'NONE', *, *, #806, .T. ) ;
#2143 = VERTEX_POINT ( 'NONE', #3352 ) ;
#2144 = CARTESIAN_POINT ( 'NONE',  ( 47.99999999999999289, 18.99999999999999645, 47.99999999999997868 ) ) ;
#2145 = DIRECTION ( 'NONE',  ( -1.239088197126291310E-16, 1.000000000000000000, -0.000000000000000000 ) ) ;
#2146 = EDGE_CURVE ( 'NONE', #5257, #1496, #4135, .T. ) ;
#2147 = EDGE_CURVE ( 'NONE', #2540, #1128, #1014, .T. ) ;
#2148 = CARTESIAN_POINT ( 'NONE',  ( 60.00000000000000000, -1.734723475976807094E-15, 14.40000000000000213 ) ) ;
#2149 = ORIENTED_EDGE ( 'NONE', *, *, #2708, .T. ) ;
#2150 = CARTESIAN_POINT ( 'NONE',  ( 59.50000000000000000, -1.500000000000000444, 5.000000000000000000 ) ) ;
#2151 = PRODUCT_DEFINITION_CONTEXT ( 'detailed design', #3692, 'design' ) ;
#2152 = EDGE_LOOP ( 'NONE', ( #2916, #934, #5112, #38 ) ) ;
#2153 = DIRECTION ( 'NONE',  ( -0.000000000000000000, 1.236370898448382630E-16, -1.000000000000000000 ) ) ;
#2154 = VECTOR ( 'NONE', #3380, 1000.000000000000000 ) ;
#2155 = VECTOR ( 'NONE', #4438, 1000.000000000000000 ) ;
#2156 = ORIENTED_EDGE ( 'NONE', *, *, #124, .T. ) ;
#2157 = CARTESIAN_POINT ( 'NONE',  ( 60.00000000000000000, -2.168404344971008868E-15, 14.40000000000000213 ) ) ;
#2158 = LINE ( 'NONE', #596, #912 ) ;
#2159 = DIRECTION ( 'NONE',  ( 1.000000000000000000, 0.000000000000000000, -0.000000000000000000 ) ) ;
#2160 = PLANE ( 'NONE',  #2703 ) ;
#2161 = FACE_OUTER_BOUND ( 'NONE', #476, .T. ) ;
#2162 = CIRCLE ( 'NONE', #444, 4.999999999999999112 ) ;
#2163 = ORIENTED_EDGE ( 'NONE', *, *, #3149, .T. ) ;
#2164 = DIRECTION ( 'NONE',  ( 0.000000000000000000, -1.000000000000000000, 0.000000000000000000 ) ) ;
#2165 = CYLINDRICAL_SURFACE ( 'NONE', #4998, 1.499999999999999556 ) ;
#2166 = VERTEX_POINT ( 'NONE', #1619 ) ;
#2167 = VECTOR ( 'NONE', #2853, 1000.000000000000000 ) ;
#2168 = LINE ( 'NONE', #3683, #3427 ) ;
#2169 = VECTOR ( 'NONE', #617, 1000.000000000000000 ) ;
#2170 = ORIENTED_EDGE ( 'NONE', *, *, #310, .F. ) ;
#2171 = CARTESIAN_POINT ( 'NONE',  ( 37.59999999999999432, -0.2999999999999999334, -3.673940397442058882E-17 ) ) ;
#2172 = LINE ( 'NONE', #44, #867 ) ;
#2173 = ADVANCED_FACE ( 'NONE', ( #4924 ), #33, .T. ) ;
#2174 = ORIENTED_EDGE ( 'NONE', *, *, #2532, .F. ) ;
#2175 = CARTESIAN_POINT ( 'NONE',  ( 59.50000000000000000, -8.673617379884037444E-16, 8.000000000000001776 ) ) ;
#2176 = EDGE_LOOP ( 'NONE', ( #3657, #5208, #1961, #1311 ) ) ;
#2177 = CARTESIAN_POINT ( 'NONE',  ( 75.00000000000000000, -1.836970198721029441E-17, -2.600000000000000089 ) ) ;
#2178 = VERTEX_POINT ( 'NONE', #1643 ) ;
#2179 = CARTESIAN_POINT ( 'NONE',  ( 52.75000000000000000, 30.99999999999999645, 7.249999999999999112 ) ) ;
#2180 = CARTESIAN_POINT ( 'NONE',  ( 72.00000000000000000, 2.600000000000000089, -8.000000000000000000 ) ) ;
#2181 = CARTESIAN_POINT ( 'NONE',  ( 37.39999999999999858, -0.2999999999999999334, -3.673940397442058882E-17 ) ) ;
#2182 = CARTESIAN_POINT ( 'NONE',  ( 0.000000000000000000, -3.000000000000000888, 5.000000000000000000 ) ) ;
#2183 = CARTESIAN_POINT ( 'NONE',  ( -1.999999999999999556, -1.000000000000000222, 55.00000000000000000 ) ) ;
#2184 = SURFACE_STYLE_FILL_AREA ( #1809 ) ;
#2185 = AXIS2_PLACEMENT_3D ( 'NONE', #643, #215, #1855 ) ;
#2186 = CARTESIAN_POINT ( 'NONE',  ( 5.250000000000000888, 0.000000000000000000, -3.250000000000000444 ) ) ;
#2187 = VERTEX_POINT ( 'NONE', #1255 ) ;
#2188 = VECTOR ( 'NONE', #548, 1000.000000000000000 ) ;
#2189 = CARTESIAN_POINT ( 'NONE',  ( 60.00000000000000000, 29.19999999999999218, -15.09999999999999964 ) ) ;
#2190 = CARTESIAN_POINT ( 'NONE',  ( 60.00000000000000000, -2.168404344971008868E-15, 14.40000000000000213 ) ) ;
#2191 = ORIENTED_EDGE ( 'NONE', *, *, #1101, .T. ) ;
#2192 = CIRCLE ( 'NONE', #1763, 1.500000000000001332 ) ;
#2193 = DIRECTION ( 'NONE',  ( 0.000000000000000000, 1.000000000000000000, 1.444447458290427328E-31 ) ) ;
#2194 = CIRCLE ( 'NONE', #308, 5.999999999999998224 ) ;
#2195 = ORIENTED_EDGE ( 'NONE', *, *, #726, .T. ) ;
#2196 = EDGE_LOOP ( 'NONE', ( #1136, #4309, #2673, #4244, #3147 ) ) ;
#2197 = LINE ( 'NONE', #1004, #313 ) ;
#2198 = ADVANCED_FACE ( 'NONE', ( #3272 ), #1669, .F. ) ;
#2199 = DIRECTION ( 'NONE',  ( -0.000000000000000000, 1.192622389734055124E-16, -1.000000000000000000 ) ) ;
#2200 = CARTESIAN_POINT ( 'NONE',  ( 5.250000000000004441, 1.199999999999997513, -2.999999999999999112 ) ) ;
#2201 = VERTEX_POINT ( 'NONE', #2878 ) ;
#2202 = CARTESIAN_POINT ( 'NONE',  ( 15.37500000000000000, 30.99999999999999645, 22.49999999999999289 ) ) ;
#2203 = ORIENTED_EDGE ( 'NONE', *, *, #5046, .T. ) ;
#2204 = DIRECTION ( 'NONE',  ( -1.000000000000000000, -1.239088197126290817E-16, -0.000000000000000000 ) ) ;
#2205 = EDGE_CURVE ( 'NONE', #4954, #3242, #4500, .T. ) ;
#2206 = VECTOR ( 'NONE', #3244, 1000.000000000000000 ) ;
#2207 = ORIENTED_EDGE ( 'NONE', *, *, #1335, .T. ) ;
#2208 = FACE_OUTER_BOUND ( 'NONE', #1164, .T. ) ;
#2209 = LINE ( 'NONE', #5004, #2552 ) ;
#2210 = CARTESIAN_POINT ( 'NONE',  ( 72.00000000000000000, 4.599999999999999645, -8.000000000000000000 ) ) ;
#2211 = DIRECTION ( 'NONE',  ( -0.000000000000000000, 1.000000000000000000, -0.000000000000000000 ) ) ;
#2212 = VECTOR ( 'NONE', #2054, 1000.000000000000000 ) ;
#2213 = CARTESIAN_POINT ( 'NONE',  ( 0.000000000000000000, -4.000000000000000888, 8.900000000000002132 ) ) ;
#2214 = SPHERICAL_SURFACE ( 'NONE', #1705, 1.500000000000000000 ) ;
#2215 = EDGE_LOOP ( 'NONE', ( #3492, #3561 ) ) ;
#2216 = ADVANCED_FACE ( 'NONE', ( #3969 ), #1393, .F. ) ;
#2217 = ADVANCED_FACE ( 'NONE', ( #2589 ), #2741, .F. ) ;
#2218 = DIRECTION ( 'NONE',  ( 0.000000000000000000, -1.236370898448383123E-16, 1.000000000000000000 ) ) ;
#2219 = CARTESIAN_POINT ( 'NONE',  ( 48.00000000000000000, 28.99999999999999645, 22.50000000000000711 ) ) ;
#2220 = ORIENTED_EDGE ( 'NONE', *, *, #1469, .F. ) ;
#2221 = CARTESIAN_POINT ( 'NONE',  ( 37.50000000000000711, 30.99999999999999645, 8.250000000000000000 ) ) ;
#2222 = VECTOR ( 'NONE', #1368, 1000.000000000000000 ) ;
#2223 = ORIENTED_EDGE ( 'NONE', *, *, #3950, .F. ) ;
#2224 = VECTOR ( 'NONE', #854, 1000.000000000000000 ) ;
#2225 = ORIENTED_EDGE ( 'NONE', *, *, #3048, .T. ) ;
#2226 = LINE ( 'NONE', #613, #792 ) ;
#2227 = ADVANCED_FACE ( 'NONE', ( #1524 ), #550, .F. ) ;
#2228 = LINE ( 'NONE', #5076, #5192 ) ;
#2229 = ORIENTED_EDGE ( 'NONE', *, *, #3363, .T. ) ;
#2230 = FACE_OUTER_BOUND ( 'NONE', #4089, .T. ) ;
#2231 = ORIENTED_EDGE ( 'NONE', *, *, #3384, .F. ) ;
#2232 = DIRECTION ( 'NONE',  ( 1.000000000000000000, 4.336808689942019708E-16, 0.000000000000000000 ) ) ;
#2233 = APPLICATION_CONTEXT ( 'automotive_design' ) ;
#2234 = EDGE_LOOP ( 'NONE', ( #2521, #665, #3175, #4701 ) ) ;
#2235 = EDGE_CURVE ( 'NONE', #4176, #2062, #3786, .T. ) ;
#2236 = DIRECTION ( 'NONE',  ( 0.000000000000000000, -1.000000000000000000, 0.000000000000000000 ) ) ;
#2237 = FACE_OUTER_BOUND ( 'NONE', #3410, .T. ) ;
#2238 = LINE ( 'NONE', #5134, #5052 ) ;
#2239 = FACE_OUTER_BOUND ( 'NONE', #2312, .T. ) ;
#2240 = DIRECTION ( 'NONE',  ( -0.000000000000000000, -0.000000000000000000, 1.000000000000000000 ) ) ;
#2241 = DIRECTION ( 'NONE',  ( 0.000000000000000000, 1.000000000000000000, 0.000000000000000000 ) ) ;
#2242 = ORIENTED_EDGE ( 'NONE', *, *, #2349, .T. ) ;
#2243 = EDGE_CURVE ( 'NONE', #1757, #2933, #76, .T. ) ;
#2244 = DIRECTION ( 'NONE',  ( -0.000000000000000000, 1.000000000000000000, -0.000000000000000000 ) ) ;
#2245 = ORIENTED_EDGE ( 'NONE', *, *, #2014, .F. ) ;
#2246 = DIRECTION ( 'NONE',  ( -0.000000000000000000, 1.000000000000000000, -7.228014483236692611E-16 ) ) ;
#2247 = ORIENTED_EDGE ( 'NONE', *, *, #4136, .F. ) ;
#2248 = EDGE_LOOP ( 'NONE', ( #1244, #175, #318, #3990 ) ) ;
#2249 = CARTESIAN_POINT ( 'NONE',  ( 22.49999999999998934, 30.99999999999999645, 51.75000000000000000 ) ) ;
#2250 = EDGE_CURVE ( 'NONE', #4717, #1450, #4655, .T. ) ;
#2251 = ORIENTED_EDGE ( 'NONE', *, *, #2755, .F. ) ;
#2252 = TOROIDAL_SURFACE ( 'NONE', #1286, 3.000000000000000000, 1.500000000000000000 ) ;
#2253 = ORIENTED_EDGE ( 'NONE', *, *, #3537, .F. ) ;
#2254 = CARTESIAN_POINT ( 'NONE',  ( 48.00000000000000000, 28.99999999999999645, 5.947623346206197105E-15 ) ) ;
#2255 = AXIS2_PLACEMENT_3D ( 'NONE', #104, #935, #4571 ) ;
#2256 = VECTOR ( 'NONE', #5239, 1000.000000000000000 ) ;
#2257 = VECTOR ( 'NONE', #2833, 1000.000000000000000 ) ;
#2258 = ORIENTED_EDGE ( 'NONE', *, *, #3088, .T. ) ;
#2259 = ORIENTED_EDGE ( 'NONE', *, *, #954, .T. ) ;
#2260 = CARTESIAN_POINT ( 'NONE',  ( -2.000000000000000000, -2.449293598294706907E-16, 0.000000000000000000 ) ) ;
#2261 = ORIENTED_EDGE ( 'NONE', *, *, #2785, .T. ) ;
#2262 = DIRECTION ( 'NONE',  ( 0.5773502691896360561, -0.5773502691896200689, -0.5773502691896210681 ) ) ;
#2263 = EDGE_CURVE ( 'NONE', #2394, #1249, #3132, .T. ) ;
#2264 = ORIENTED_EDGE ( 'NONE', *, *, #1574, .F. ) ;
#2265 = SHAPE_REPRESENTATION_RELATIONSHIP ( 'NONE' , 'NONE' ,  #1926, #3052 ) ;
#2266 = DIRECTION ( 'NONE',  ( 1.000000000000000000, -0.000000000000000000, -0.000000000000000000 ) ) ;
#2267 = CARTESIAN_POINT ( 'NONE',  ( 13.25000000000000000, -7.072334171290062423E-15, -2.000000000000000000 ) ) ;
#2268 = CARTESIAN_POINT ( 'NONE',  ( 0.4999999999999865663, 4.649999999999999467, -19.59999999999999787 ) ) ;
#2269 = CARTESIAN_POINT ( 'NONE',  ( 22.50000000000001066, 30.99999999999999645, 8.249999999999998224 ) ) ;
#2270 = VERTEX_POINT ( 'NONE', #4762 ) ;
#2271 = ADVANCED_FACE ( 'NONE', ( #941 ), #2214, .T. ) ;
#2272 = CARTESIAN_POINT ( 'NONE',  ( 31.50000000000000000, 4.099999999999999645, 53.00000000000000000 ) ) ;
#2273 = ORIENTED_EDGE ( 'NONE', *, *, #3178, .T. ) ;
#2274 = DIRECTION ( 'NONE',  ( -1.000000000000000000, 0.000000000000000000, -1.734723475976806108E-16 ) ) ;
#2275 = VECTOR ( 'NONE', #933, 1000.000000000000000 ) ;
#2276 = ORIENTED_EDGE ( 'NONE', *, *, #650, .T. ) ;
#2277 = ORIENTED_EDGE ( 'NONE', *, *, #4958, .F. ) ;
#2278 = DIRECTION ( 'NONE',  ( -1.000000000000000000, 5.337610695313255329E-16, 0.000000000000000000 ) ) ;
#2279 = ADVANCED_FACE ( 'NONE', ( #1340 ), #4390, .F. ) ;
#2280 = VECTOR ( 'NONE', #3893, 1000.000000000000000 ) ;
#2281 = VERTEX_POINT ( 'NONE', #113 ) ;
#2282 = VECTOR ( 'NONE', #3760, 1000.000000000000000 ) ;
#2283 = PRODUCT_DEFINITION ( 'UNKNOWN', '', #1793, #3803 ) ;
#2284 = ORIENTED_EDGE ( 'NONE', *, *, #4094, .F. ) ;
#2285 = DIRECTION ( 'NONE',  ( 1.000000000000000000, 0.000000000000000000, -0.000000000000000000 ) ) ;
#2286 = CARTESIAN_POINT ( 'NONE',  ( 22.49999999999998934, 28.99999999999999645, 51.75000000000000000 ) ) ;
#2287 = VECTOR ( 'NONE', #147, 1000.000000000000000 ) ;
#2288 = ORIENTED_EDGE ( 'NONE', *, *, #1677, .F. ) ;
#2289 = EDGE_CURVE ( 'NONE', #1962, #1057, #3034, .T. ) ;
#2290 = EDGE_CURVE ( 'NONE', #1986, #1867, #761, .T. ) ;
#2291 = ORIENTED_EDGE ( 'NONE', *, *, #3712, .T. ) ;
#2292 = DIRECTION ( 'NONE',  ( 0.000000000000000000, -1.000000000000000000, -5.782411586589356653E-16 ) ) ;
#2293 = ORIENTED_EDGE ( 'NONE', *, *, #124, .F. ) ;
#2294 = CARTESIAN_POINT ( 'NONE',  ( 15.75000000000000000, -1.000000000000001776, 40.00000000000000000 ) ) ;
#2295 = CARTESIAN_POINT ( 'NONE',  ( 1.000000000000000000, 1.000000000000000000, 2.000000000000000000 ) ) ;
#2296 = ORIENTED_EDGE ( 'NONE', *, *, #2856, .T. ) ;
#2297 =( NAMED_UNIT ( * ) SI_UNIT ( $, .STERADIAN. ) SOLID_ANGLE_UNIT ( ) );
#2298 = DIRECTION ( 'NONE',  ( 0.000000000000000000, 7.065269995080883413E-18, 1.000000000000000000 ) ) ;
#2299 = DIRECTION ( 'NONE',  ( 0.000000000000000000, 0.000000000000000000, 1.000000000000000000 ) ) ;
#2300 = VECTOR ( 'NONE', #2204, 1000.000000000000000 ) ;
#2301 = EDGE_CURVE ( 'NONE', #4913, #226, #1784, .T. ) ;
#2302 = DIRECTION ( 'NONE',  ( -1.000000000000000000, 0.000000000000000000, -3.469446951953613696E-16 ) ) ;
#2303 = VERTEX_POINT ( 'NONE', #1365 ) ;
#2304 = VECTOR ( 'NONE', #3498, 1000.000000000000000 ) ;
#2305 = CARTESIAN_POINT ( 'NONE',  ( 60.00000000000000000, -3.500000000000001776, 10.90000000000000213 ) ) ;
#2306 = ORIENTED_EDGE ( 'NONE', *, *, #378, .T. ) ;
#2307 = EDGE_LOOP ( 'NONE', ( #2903, #2694, #4852, #4366 ) ) ;
#2308 = LINE ( 'NONE', #2986, #5044 ) ;
#2309 = ADVANCED_FACE ( 'NONE', ( #996, #3006 ), #966, .T. ) ;
#2310 = VERTEX_POINT ( 'NONE', #572 ) ;
#2311 = EDGE_CURVE ( 'NONE', #341, #1848, #1263, .T. ) ;
#2312 = EDGE_LOOP ( 'NONE', ( #3710, #4142, #2829, #5066, #2331, #1431, #1493, #4661 ) ) ;
#2313 = PLANE ( 'NONE',  #4755 ) ;
#2314 = AXIS2_PLACEMENT_3D ( 'NONE', #535, #47, #4539 ) ;
#2315 = LINE ( 'NONE', #2684, #3529 ) ;
#2316 = VECTOR ( 'NONE', #1692, 1000.000000000000000 ) ;
#2317 = VERTEX_POINT ( 'NONE', #1838 ) ;
#2318 = ORIENTED_EDGE ( 'NONE', *, *, #3073, .T. ) ;
#2319 = DIRECTION ( 'NONE',  ( 1.000000000000000000, 0.000000000000000000, -0.000000000000000000 ) ) ;
#2320 = ORIENTED_EDGE ( 'NONE', *, *, #2982, .F. ) ;
#2321 = DIRECTION ( 'NONE',  ( 0.000000000000000000, 0.000000000000000000, -1.000000000000000000 ) ) ;
#2322 = EDGE_CURVE ( 'NONE', #1082, #1962, #1824, .T. ) ;
#2323 = EDGE_CURVE ( 'NONE', #5254, #4556, #1193, .T. ) ;
#2324 = VERTEX_POINT ( 'NONE', #4511 ) ;
#2325 = CARTESIAN_POINT ( 'NONE',  ( -1.999999999999999556, -2.168404344971008868E-16, 57.00000000000000000 ) ) ;
#2326 = DIRECTION ( 'NONE',  ( 0.000000000000000000, 0.000000000000000000, 1.000000000000000000 ) ) ;
#2327 = CARTESIAN_POINT ( 'NONE',  ( 11.99999999999999822, 1.999999999999993117, 57.99999999999997868 ) ) ;
#2328 = DIRECTION ( 'NONE',  ( 0.000000000000000000, 1.000000000000000000, 0.000000000000000000 ) ) ;
#2329 = ORIENTED_EDGE ( 'NONE', *, *, #3691, .F. ) ;
#2330 = LINE ( 'NONE', #3926, #985 ) ;
#2331 = ORIENTED_EDGE ( 'NONE', *, *, #135, .T. ) ;
#2332 = ORIENTED_EDGE ( 'NONE', *, *, #5190, .F. ) ;
#2333 = LINE ( 'NONE', #2389, #4994 ) ;
#2334 = ADVANCED_FACE ( 'NONE', ( #2401 ), #3282, .F. ) ;
#2335 = CIRCLE ( 'NONE', #263, 10.00000000000000178 ) ;
#2336 = ORIENTED_EDGE ( 'NONE', *, *, #4087, .T. ) ;
#2337 = ORIENTED_EDGE ( 'NONE', *, *, #2759, .F. ) ;
#2338 = DIRECTION ( 'NONE',  ( -1.000000000000000000, -1.084202172485504804E-16, 0.000000000000000000 ) ) ;
#2339 = LINE ( 'NONE', #4830, #4467 ) ;
#2340 =( GEOMETRIC_REPRESENTATION_CONTEXT ( 3 ) GLOBAL_UNCERTAINTY_ASSIGNED_CONTEXT ( ( #538 ) ) GLOBAL_UNIT_ASSIGNED_CONTEXT ( ( #3137, #1173, #2353 ) ) REPRESENTATION_CONTEXT ( 'NONE', 'WORKASPACE' ) );
#2341 = ORIENTED_EDGE ( 'NONE', *, *, #5153, .F. ) ;
#2342 = DIRECTION ( 'NONE',  ( 1.000000000000000000, 0.000000000000000000, 0.000000000000000000 ) ) ;
#2343 = APPLICATION_CONTEXT ( 'automotive_design' ) ;
#2344 = ORIENTED_EDGE ( 'NONE', *, *, #5067, .T. ) ;
#2345 = DIRECTION ( 'NONE',  ( 0.000000000000000000, 0.000000000000000000, -1.000000000000000000 ) ) ;
#2346 = AXIS2_PLACEMENT_3D ( 'NONE', #4209, #3294, #2102 ) ;
#2347 = DIRECTION ( 'NONE',  ( -0.000000000000000000, 0.000000000000000000, 1.000000000000000000 ) ) ;
#2348 = PRODUCT ( 'support capteur PV', 'support capteur PV', '', ( #799 ) ) ;
#2349 = EDGE_CURVE ( 'NONE', #229, #4439, #377, .T. ) ;
#2350 = VECTOR ( 'NONE', #458, 1000.000000000000000 ) ;
#2351 = DIRECTION ( 'NONE',  ( -0.000000000000000000, 1.000000000000000000, -0.000000000000000000 ) ) ;
#2352 = ORIENTED_EDGE ( 'NONE', *, *, #4250, .T. ) ;
#2353 =( NAMED_UNIT ( * ) SI_UNIT ( $, .STERADIAN. ) SOLID_ANGLE_UNIT ( ) );
#2354 = DIRECTION ( 'NONE',  ( 5.337610695313253357E-16, 1.000000000000000000, 0.000000000000000000 ) ) ;
#2355 = LINE ( 'NONE', #2269, #4583 ) ;
#2356 = CARTESIAN_POINT ( 'NONE',  ( 57.99999999999999289, 108.1959594928933086, 34.69999999999999574 ) ) ;
#2357 = CARTESIAN_POINT ( 'NONE',  ( 16.89999999999999858, 1.199999999999999956, -22.59999999999999432 ) ) ;
#2358 = CARTESIAN_POINT ( 'NONE',  ( 10.75000000000000178, 2.000000000000001776, -10.00000000000000000 ) ) ;
#2359 = DIRECTION ( 'NONE',  ( -1.000000000000000000, -1.239088197126291063E-16, 0.000000000000000000 ) ) ;
#2360 = ORIENTED_EDGE ( 'NONE', *, *, #885, .T. ) ;
#2361 = DIRECTION ( 'NONE',  ( 0.000000000000000000, 0.000000000000000000, 1.000000000000000000 ) ) ;
#2362 = EDGE_LOOP ( 'NONE', ( #18, #1906, #539, #680 ) ) ;
#2363 = ORIENTED_EDGE ( 'NONE', *, *, #3337, .T. ) ;
#2364 = DIRECTION ( 'NONE',  ( 0.000000000000000000, -1.734723475976804333E-15, -1.000000000000000000 ) ) ;
#2365 = DIRECTION ( 'NONE',  ( -0.000000000000000000, -0.000000000000000000, -1.000000000000000000 ) ) ;
#2366 = AXIS2_PLACEMENT_3D ( 'NONE', #375, #1547, #3665 ) ;
#2367 = ADVANCED_FACE ( 'NONE', ( #4416 ), #1239, .F. ) ;
#2368 = EDGE_LOOP ( 'NONE', ( #3416, #69, #1785, #2072 ) ) ;
#2369 = DIRECTION ( 'NONE',  ( 1.000000000000000000, 0.000000000000000000, 0.000000000000000000 ) ) ;
#2370 = ORIENTED_EDGE ( 'NONE', *, *, #4767, .F. ) ;
#2371 = DIRECTION ( 'NONE',  ( 1.000000000000000000, 1.387778780781445478E-15, 0.000000000000000000 ) ) ;
#2372 = AXIS2_PLACEMENT_3D ( 'NONE', #2373, #2889, #1170 ) ;
#2373 = CARTESIAN_POINT ( 'NONE',  ( 0.000000000000000000, 28.99999999999999645, 0.000000000000000000 ) ) ;
#2374 = ADVANCED_FACE ( 'NONE', ( #4049 ), #2841, .F. ) ;
#2375 =( NAMED_UNIT ( * ) SI_UNIT ( $, .STERADIAN. ) SOLID_ANGLE_UNIT ( ) );
#2376 = VERTEX_POINT ( 'NONE', #4070 ) ;
#2377 = FILL_AREA_STYLE ('',( #2771 ) ) ;
#2378 = DIRECTION ( 'NONE',  ( 0.000000000000000000, 1.301042606982605074E-16, -1.000000000000000000 ) ) ;
#2379 = ADVANCED_FACE ( 'NONE', ( #1144 ), #2070, .T. ) ;
#2380 = DIRECTION ( 'NONE',  ( 1.000000000000000000, 4.336808689942018229E-16, -0.000000000000000000 ) ) ;
#2381 = AXIS2_PLACEMENT_3D ( 'NONE', #5122, #261, #4640 ) ;
#2382 = DIRECTION ( 'NONE',  ( 0.000000000000000000, 0.000000000000000000, 1.000000000000000000 ) ) ;
#2383 = CARTESIAN_POINT ( 'NONE',  ( 0.4999999999999865663, 2.600000000000000089, 0.000000000000000000 ) ) ;
#2384 = ORIENTED_EDGE ( 'NONE', *, *, #1864, .F. ) ;
#2385 = LINE ( 'NONE', #4007, #3523 ) ;
#2386 = LINE ( 'NONE', #2079, #4748 ) ;
#2387 = EDGE_LOOP ( 'NONE', ( #948, #4508, #1843, #4374 ) ) ;
#2388 = AXIS2_PLACEMENT_3D ( 'NONE', #2213, #2644, #1725 ) ;
#2389 = CARTESIAN_POINT ( 'NONE',  ( 44.62500000000000000, 28.99999999999999645, 22.50000000000000711 ) ) ;
#2390 = ADVANCED_FACE ( 'NONE', ( #2448 ), #3213, .F. ) ;
#2391 = EDGE_CURVE ( 'NONE', #3184, #3567, #352, .T. ) ;
#2392 = VECTOR ( 'NONE', #5045, 1000.000000000000227 ) ;
#2393 = ORIENTED_EDGE ( 'NONE', *, *, #1694, .F. ) ;
#2394 = VERTEX_POINT ( 'NONE', #3689 ) ;
#2395 = DIRECTION ( 'NONE',  ( 0.000000000000000000, 0.000000000000000000, -1.000000000000000000 ) ) ;
#2396 = DIRECTION ( 'NONE',  ( -1.000000000000000000, -1.323094176592479975E-16, -0.000000000000000000 ) ) ;
#2397 = EDGE_LOOP ( 'NONE', ( #3577, #3121, #1956, #3637 ) ) ;
#2398 = ORIENTED_EDGE ( 'NONE', *, *, #268, .T. ) ;
#2399 = CARTESIAN_POINT ( 'NONE',  ( 10.75000000000000000, 2.000000000000001776, -9.999999999999998224 ) ) ;
#2400 = CARTESIAN_POINT ( 'NONE',  ( 0.000000000000000000, 33.99999999999999289, 59.99999999999998579 ) ) ;
#2401 = FACE_OUTER_BOUND ( 'NONE', #2632, .T. ) ;
#2402 = VECTOR ( 'NONE', #100, 1000.000000000000000 ) ;
#2403 = VERTEX_POINT ( 'NONE', #2019 ) ;
#2404 = CARTESIAN_POINT ( 'NONE',  ( 0.000000000000000000, 0.000000000000000000, -3.500000000000000444 ) ) ;
#2405 = DIRECTION ( 'NONE',  ( 0.000000000000000000, -1.734723475976805862E-16, 1.000000000000000000 ) ) ;
#2406 = AXIS2_PLACEMENT_3D ( 'NONE', #3165, #4606, #1756 ) ;
#2407 = ADVANCED_FACE ( 'NONE', ( #1579 ), #22, .F. ) ;
#2408 = ORIENTED_EDGE ( 'NONE', *, *, #682, .F. ) ;
#2409 = DIRECTION ( 'NONE',  ( 0.000000000000000000, -1.000000000000000000, -1.236370898448382630E-16 ) ) ;
#2410 = ORIENTED_EDGE ( 'NONE', *, *, #57, .T. ) ;
#2411 = DIRECTION ( 'NONE',  ( 0.000000000000000000, 0.000000000000000000, -1.000000000000000000 ) ) ;
#2412 = DIRECTION ( 'NONE',  ( -1.239088197126291063E-16, 1.000000000000000000, 0.000000000000000000 ) ) ;
#2413 = VERTEX_POINT ( 'NONE', #4021 ) ;
#2414 = DIRECTION ( 'NONE',  ( -0.000000000000000000, -0.000000000000000000, -1.000000000000000000 ) ) ;
#2415 = EDGE_CURVE ( 'NONE', #696, #3413, #825, .T. ) ;
#2416 = ORIENTED_EDGE ( 'NONE', *, *, #1946, .F. ) ;
#2417 = DIRECTION ( 'NONE',  ( -1.000000000000000000, 0.000000000000000000, -0.000000000000000000 ) ) ;
#2418 = ORIENTED_EDGE ( 'NONE', *, *, #3299, .T. ) ;
#2419 = EDGE_CURVE ( 'NONE', #94, #5257, #4858, .T. ) ;
#2420 = DIRECTION ( 'NONE',  ( -1.000000000000000000, 0.000000000000000000, 0.000000000000000000 ) ) ;
#2421 = DIRECTION ( 'NONE',  ( 0.7071067811865426878, 0.000000000000000000, 0.7071067811865524577 ) ) ;
#2422 = AXIS2_PLACEMENT_3D ( 'NONE', #2141, #3738, #2906 ) ;
#2423 = EDGE_LOOP ( 'NONE', ( #2570, #4930, #2650 ) ) ;
#2424 = DIRECTION ( 'NONE',  ( 0.000000000000000000, 0.000000000000000000, 1.000000000000000000 ) ) ;
#2425 = LINE ( 'NONE', #376, #4119 ) ;
#2426 = DIRECTION ( 'NONE',  ( 0.000000000000000000, -0.000000000000000000, -1.000000000000000000 ) ) ;
#2427 = ORIENTED_EDGE ( 'NONE', *, *, #778, .F. ) ;
#2428 = LINE ( 'NONE', #775, #3980 ) ;
#2429 = LINE ( 'NONE', #3647, #3477 ) ;
#2430 = VECTOR ( 'NONE', #4533, 1000.000000000000000 ) ;
#2431 = CARTESIAN_POINT ( 'NONE',  ( 11.89999999999999325, 2.299999999999999822, -3.500000000000000444 ) ) ;
#2432 = ORIENTED_EDGE ( 'NONE', *, *, #4087, .F. ) ;
#2433 = AXIS2_PLACEMENT_3D ( 'NONE', #3020, #262, #663 ) ;
#2434 = PLANE ( 'NONE',  #4461 ) ;
#2435 = DIRECTION ( 'NONE',  ( 0.000000000000000000, 0.000000000000000000, -1.000000000000000000 ) ) ;
#2436 = EDGE_CURVE ( 'NONE', #5050, #2143, #813, .T. ) ;
#2437 = LINE ( 'NONE', #1566, #5127 ) ;
#2438 = ORIENTED_EDGE ( 'NONE', *, *, #501, .T. ) ;
#2439 = LINE ( 'NONE', #4060, #1588 ) ;
#2440 = EDGE_LOOP ( 'NONE', ( #1272, #107, #1570, #3773 ) ) ;
#2441 = EDGE_CURVE ( 'NONE', #5246, #2600, #5212, .T. ) ;
#2442 = DIRECTION ( 'NONE',  ( -0.000000000000000000, 1.000000000000000000, -0.000000000000000000 ) ) ;
#2443 = EDGE_LOOP ( 'NONE', ( #3588, #3918, #3674, #5028 ) ) ;
#2444 = ORIENTED_EDGE ( 'NONE', *, *, #3463, .T. ) ;
#2445 = CARTESIAN_POINT ( 'NONE',  ( 0.000000000000000000, 28.99999999999999645, 0.000000000000000000 ) ) ;
#2446 = CIRCLE ( 'NONE', #36, 5.999999999999998224 ) ;
#2447 = DIRECTION ( 'NONE',  ( 0.7071067811865378028, 0.7071067811865573427, 0.000000000000000000 ) ) ;
#2448 = FACE_OUTER_BOUND ( 'NONE', #4036, .T. ) ;
#2449 = ADVANCED_FACE ( 'NONE', ( #429 ), #2817, .F. ) ;
#2450 = ADVANCED_FACE ( 'NONE', ( #5262 ), #46, .F. ) ;
#2451 = VECTOR ( 'NONE', #1253, 1000.000000000000000 ) ;
#2452 = ORIENTED_EDGE ( 'NONE', *, *, #555, .F. ) ;
#2453 = CIRCLE ( 'NONE', #302, 1.500000000000001332 ) ;
#2454 = DIRECTION ( 'NONE',  ( 0.000000000000000000, 0.000000000000000000, 1.000000000000000000 ) ) ;
#2455 = FACE_OUTER_BOUND ( 'NONE', #2788, .T. ) ;
#2456 = DIRECTION ( 'NONE',  ( 0.000000000000000000, 1.000000000000000000, 0.000000000000000000 ) ) ;
#2457 = AXIS2_PLACEMENT_3D ( 'NONE', #4104, #438, #1667 ) ;
#2458 = ORIENTED_EDGE ( 'NONE', *, *, #2664, .T. ) ;
#2459 = CARTESIAN_POINT ( 'NONE',  ( 2.000000000000000000, 19.00000000000000355, 57.99999999999999289 ) ) ;
#2460 = PLANE ( 'NONE',  #2723 ) ;
#2461 = CARTESIAN_POINT ( 'NONE',  ( 60.00000000000000000, 3.999999999999994671, 29.69999999999998863 ) ) ;
#2462 = DIRECTION ( 'NONE',  ( 1.000000000000000000, 1.445602896647339656E-16, 0.000000000000000000 ) ) ;
#2463 = CARTESIAN_POINT ( 'NONE',  ( 11.89999999999999325, 2.299999999999999822, -6.500000000000000888 ) ) ;
#2464 = EDGE_CURVE ( 'NONE', #1594, #2310, #4146, .T. ) ;
#2465 = VERTEX_POINT ( 'NONE', #72 ) ;
#2466 = AXIS2_PLACEMENT_3D ( 'NONE', #1875, #1460, #3880 ) ;
#2467 = LINE ( 'NONE', #3606, #2953 ) ;
#2468 = VERTEX_POINT ( 'NONE', #2497 ) ;
#2469 = DIRECTION ( 'NONE',  ( -1.000000000000000000, 0.000000000000000000, -4.869399230812089449E-16 ) ) ;
#2470 = EDGE_CURVE ( 'NONE', #1594, #4954, #3311, .T. ) ;
#2471 = VERTEX_POINT ( 'NONE', #3336 ) ;
#2472 = VECTOR ( 'NONE', #5170, 1000.000000000000000 ) ;
#2473 = DIRECTION ( 'NONE',  ( -1.000000000000000000, 0.000000000000000000, -6.938893903907227392E-16 ) ) ;
#2474 = DIRECTION ( 'NONE',  ( 0.000000000000000000, 0.000000000000000000, -1.000000000000000000 ) ) ;
#2475 = DIRECTION ( 'NONE',  ( -1.000000000000000000, -0.000000000000000000, -0.000000000000000000 ) ) ;
#2476 = ORIENTED_EDGE ( 'NONE', *, *, #4944, .F. ) ;
#2477 = FACE_OUTER_BOUND ( 'NONE', #4388, .T. ) ;
#2478 = DIRECTION ( 'NONE',  ( 0.000000000000000000, -1.084202172485504311E-16, 1.000000000000000000 ) ) ;
#2479 = EDGE_CURVE ( 'NONE', #2874, #2728, #1685, .T. ) ;
#2480 = VECTOR ( 'NONE', #4643, 1000.000000000000000 ) ;
#2481 = PRODUCT_DEFINITION_FORMATION_WITH_SPECIFIED_SOURCE ( 'ANY', '', #5138, .NOT_KNOWN. ) ;
#2482 = AXIS2_PLACEMENT_3D ( 'NONE', #3835, #164, #907 ) ;
#2483 = VERTEX_POINT ( 'NONE', #1065 ) ;
#2484 = CARTESIAN_POINT ( 'NONE',  ( 0.000000000000000000, 0.000000000000000000, 55.00000000000000000 ) ) ;
#2485 = CARTESIAN_POINT ( 'NONE',  ( 75.00000000000000000, -1.836970198721029441E-17, -2.600000000000000089 ) ) ;
#2486 = LINE ( 'NONE', #110, #3265 ) ;
#2487 = CYLINDRICAL_SURFACE ( 'NONE', #2457, 1.500000000000001332 ) ;
#2488 = CARTESIAN_POINT ( 'NONE',  ( 21.24999999999999645, 3.500000000000002665, 55.00000000000000000 ) ) ;
#2489 = EDGE_LOOP ( 'NONE', ( #3158, #362, #2961, #4699 ) ) ;
#2490 = CARTESIAN_POINT ( 'NONE',  ( 5.000000000000000000, 2.600000000000000089, -3.500000000000000444 ) ) ;
#2491 = ORIENTED_EDGE ( 'NONE', *, *, #4866, .T. ) ;
#2492 = CARTESIAN_POINT ( 'NONE',  ( 18.19999999999999929, 5.949999999999999289, 2.000000000000000000 ) ) ;
#2493 = EDGE_CURVE ( 'NONE', #4528, #4433, #4534, .T. ) ;
#2494 = VERTEX_POINT ( 'NONE', #4564 ) ;
#2495 = DIRECTION ( 'NONE',  ( 0.000000000000000000, -0.000000000000000000, 1.000000000000000000 ) ) ;
#2496 = CARTESIAN_POINT ( 'NONE',  ( 33.50000000000000000, 4.102566777143633774E-15, 0.000000000000000000 ) ) ;
#2497 = CARTESIAN_POINT ( 'NONE',  ( 0.000000000000000000, 1.700000000000001954, -22.59999999999999432 ) ) ;
#2498 = EDGE_CURVE ( 'NONE', #3087, #4750, #1295, .T. ) ;
#2499 =( NAMED_UNIT ( * ) PLANE_ANGLE_UNIT ( ) SI_UNIT ( $, .RADIAN. ) );
#2500 = ORIENTED_EDGE ( 'NONE', *, *, #2525, .T. ) ;
#2501 = FACE_OUTER_BOUND ( 'NONE', #3720, .T. ) ;
#2502 = ORIENTED_EDGE ( 'NONE', *, *, #1901, .F. ) ;
#2503 = PLANE ( 'NONE',  #2255 ) ;
#2504 = EDGE_CURVE ( 'NONE', #1482, #4799, #452, .T. ) ;
#2505 = AXIS2_PLACEMENT_3D ( 'NONE', #5209, #3186, #4992 ) ;
#2506 = LINE ( 'NONE', #3651, #422 ) ;
#2507 = DIRECTION ( 'NONE',  ( -0.000000000000000000, -7.065269995080883413E-18, -1.000000000000000000 ) ) ;
#2508 = LINE ( 'NONE', #1338, #3958 ) ;
#2509 = DIRECTION ( 'NONE',  ( -1.000000000000000000, -1.084202172485504804E-16, 0.000000000000000000 ) ) ;
#2510 = CIRCLE ( 'NONE', #190, 10.00000000000000000 ) ;
#2511 = CARTESIAN_POINT ( 'NONE',  ( 49.99999999999999289, 33.99999999999999289, 59.99999999999998579 ) ) ;
#2512 = FACE_OUTER_BOUND ( 'NONE', #4845, .T. ) ;
#2513 = CIRCLE ( 'NONE', #5137, 10.00000000000000178 ) ;
#2514 = VECTOR ( 'NONE', #3254, 1000.000000000000000 ) ;
#2515 = EDGE_LOOP ( 'NONE', ( #3794, #1545, #1140, #223, #4733, #3043, #4988 ) ) ;
#2516 = ADVANCED_FACE ( 'NONE', ( #2551 ), #2093, .T. ) ;
#2517 = CARTESIAN_POINT ( 'NONE',  ( 51.75000000000000000, 28.27024810886958051, 22.50000000000001066 ) ) ;
#2518 = ORIENTED_EDGE ( 'NONE', *, *, #4301, .F. ) ;
#2519 = DIRECTION ( 'NONE',  ( 1.000000000000000000, 0.000000000000000000, 0.000000000000000000 ) ) ;
#2520 = ORIENTED_EDGE ( 'NONE', *, *, #5098, .F. ) ;
#2521 = ORIENTED_EDGE ( 'NONE', *, *, #843, .T. ) ;
#2522 = SURFACE_STYLE_FILL_AREA ( #872 ) ;
#2523 = CARTESIAN_POINT ( 'NONE',  ( 8.250000000000000000, 30.99999999999999645, 37.49999999999998579 ) ) ;
#2524 = CARTESIAN_POINT ( 'NONE',  ( 19.75000000000000000, 7.000000000000006217, -0.5000000000000000000 ) ) ;
#2525 = EDGE_CURVE ( 'NONE', #3087, #1848, #980, .T. ) ;
#2526 = PLANE ( 'NONE',  #1008 ) ;
#2527 = ORIENTED_EDGE ( 'NONE', *, *, #3932, .F. ) ;
#2528 = FACE_OUTER_BOUND ( 'NONE', #3216, .T. ) ;
#2529 = EDGE_LOOP ( 'NONE', ( #1745, #2432, #3420, #5176 ) ) ;
#2530 = CARTESIAN_POINT ( 'NONE',  ( 15.75000000000000000, -1.000000000000001776, 40.00000000000000000 ) ) ;
#2531 = AXIS2_PLACEMENT_3D ( 'NONE', #1529, #2772, #3193 ) ;
#2532 = EDGE_CURVE ( 'NONE', #4083, #3071, #1674, .T. ) ;
#2533 = DIRECTION ( 'NONE',  ( 0.000000000000000000, 1.000000000000000000, 0.000000000000000000 ) ) ;
#2534 = CARTESIAN_POINT ( 'NONE',  ( 60.00000000000000000, -8.673617379884035472E-16, 8.000000000000001776 ) ) ;
#2535 = LINE ( 'NONE', #4154, #3695 ) ;
#2536 = PLANE ( 'NONE',  #4318 ) ;
#2537 = LINE ( 'NONE', #4628, #2118 ) ;
#2538 = CARTESIAN_POINT ( 'NONE',  ( 74.31693931741914128, 4.860229299387031077, 0.000000000000000000 ) ) ;
#2539 = VECTOR ( 'NONE', #2086, 1000.000000000000000 ) ;
#2540 = VERTEX_POINT ( 'NONE', #1232 ) ;
#2541 = CARTESIAN_POINT ( 'NONE',  ( 75.00000000000000000, 2.600000000000000089, -8.000000000000000000 ) ) ;
#2542 = ORIENTED_EDGE ( 'NONE', *, *, #2047, .F. ) ;
#2543 = CARTESIAN_POINT ( 'NONE',  ( 8.250000000000000000, 30.99999999999999645, 22.49999999999998934 ) ) ;
#2544 = EDGE_CURVE ( 'NONE', #3496, #5254, #3275, .T. ) ;
#2545 = EDGE_CURVE ( 'NONE', #1565, #4729, #3252, .T. ) ;
#2546 = ORIENTED_EDGE ( 'NONE', *, *, #5111, .F. ) ;
#2547 = ORIENTED_EDGE ( 'NONE', *, *, #4257, .F. ) ;
#2548 = CARTESIAN_POINT ( 'NONE',  ( 60.00000000000000000, 31.99999999999999289, 4.622231866529366047E-30 ) ) ;
#2549 = AXIS2_PLACEMENT_3D ( 'NONE', #86, #3351, #549 ) ;
#2550 = CARTESIAN_POINT ( 'NONE',  ( 0.000000000000000000, 2.099999999999999645, -8.000000000000000000 ) ) ;
#2551 = FACE_OUTER_BOUND ( 'NONE', #878, .T. ) ;
#2552 = VECTOR ( 'NONE', #3029, 1000.000000000000000 ) ;
#2553 = CARTESIAN_POINT ( 'NONE',  ( 13.29999999999999893, 4.049999999999999822, 0.000000000000000000 ) ) ;
#2554 = ORIENTED_EDGE ( 'NONE', *, *, #1313, .T. ) ;
#2555 = DIRECTION ( 'NONE',  ( 0.000000000000000000, 0.000000000000000000, 1.000000000000000000 ) ) ;
#2556 = ORIENTED_EDGE ( 'NONE', *, *, #3170, .T. ) ;
#2557 = CARTESIAN_POINT ( 'NONE',  ( 0.000000000000000000, 28.99999999999999645, 12.00000000000000000 ) ) ;
#2558 = EDGE_CURVE ( 'NONE', #2797, #3532, #5228, .T. ) ;
#2559 = ORIENTED_EDGE ( 'NONE', *, *, #1051, .T. ) ;
#2560 = CARTESIAN_POINT ( 'NONE',  ( 5.250000000000000888, 0.000000000000000000, -3.500000000000000444 ) ) ;
#2561 = CARTESIAN_POINT ( 'NONE',  ( 31.50000000000000000, 4.000000000000004441, 53.00000000000000000 ) ) ;
#2562 = DIRECTION ( 'NONE',  ( 1.000000000000000000, 0.000000000000000000, 0.000000000000000000 ) ) ;
#2563 = VECTOR ( 'NONE', #2164, 1000.000000000000000 ) ;
#2564 = FACE_OUTER_BOUND ( 'NONE', #1799, .T. ) ;
#2565 = DIRECTION ( 'NONE',  ( 1.000000000000000000, 0.000000000000000000, -0.000000000000000000 ) ) ;
#2566 = VECTOR ( 'NONE', #4632, 1000.000000000000000 ) ;
#2567 = ORIENTED_EDGE ( 'NONE', *, *, #3571, .T. ) ;
#2568 = PLANE ( 'NONE',  #4088 ) ;
#2569 = CARTESIAN_POINT ( 'NONE',  ( -1.999999999999999556, -1.000000000000000222, 0.000000000000000000 ) ) ;
#2570 = ORIENTED_EDGE ( 'NONE', *, *, #1241, .T. ) ;
#2571 = CARTESIAN_POINT ( 'NONE',  ( 37.50000000000000711, 30.99999999999999645, 15.37500000000000000 ) ) ;
#2572 = EDGE_CURVE ( 'NONE', #1679, #1326, #4826, .T. ) ;
#2573 = VERTEX_POINT ( 'NONE', #343 ) ;
#2574 = EDGE_CURVE ( 'NONE', #1841, #1818, #4503, .T. ) ;
#2575 = VERTEX_POINT ( 'NONE', #762 ) ;
#2576 = DIRECTION ( 'NONE',  ( -6.938893903907227392E-16, -0.000000000000000000, 1.000000000000000000 ) ) ;
#2577 = LINE ( 'NONE', #478, #3785 ) ;
#2578 = ORIENTED_EDGE ( 'NONE', *, *, #2441, .F. ) ;
#2579 = DIRECTION ( 'NONE',  ( 1.000000000000000000, 1.239088197126291310E-16, 0.000000000000000000 ) ) ;
#2580 = ORIENTED_EDGE ( 'NONE', *, *, #4364, .F. ) ;
#2581 = VERTEX_POINT ( 'NONE', #816 ) ;
#2582 = DIRECTION ( 'NONE',  ( 0.000000000000000000, 0.000000000000000000, -1.000000000000000000 ) ) ;
#2583 = VECTOR ( 'NONE', #3875, 1000.000000000000000 ) ;
#2584 = ORIENTED_EDGE ( 'NONE', *, *, #4501, .T. ) ;
#2585 = CARTESIAN_POINT ( 'NONE',  ( 36.01774279923060362, 2.100000000000000089, 57.00000000000000000 ) ) ;
#2586 = CARTESIAN_POINT ( 'NONE',  ( 5.749999999999994671, 2.000000000000000888, 0.000000000000000000 ) ) ;
#2587 = DIRECTION ( 'NONE',  ( 0.5773502691896360561, -0.5773502691896200689, -0.5773502691896210681 ) ) ;
#2588 = DIRECTION ( 'NONE',  ( -1.000000000000000000, -0.000000000000000000, -0.000000000000000000 ) ) ;
#2589 = FACE_OUTER_BOUND ( 'NONE', #2869, .T. ) ;
#2590 = EDGE_CURVE ( 'NONE', #443, #4799, #4109, .T. ) ;
#2591 = CARTESIAN_POINT ( 'NONE',  ( 10.00000000000000178, -7.372574772901430151E-15, 49.99999999999997868 ) ) ;
#2592 = CYLINDRICAL_SURFACE ( 'NONE', #4995, 10.00000000000000178 ) ;
#2593 = ORIENTED_EDGE ( 'NONE', *, *, #4721, .F. ) ;
#2594 = AXIS2_PLACEMENT_3D ( 'NONE', #1750, #5005, #1666 ) ;
#2595 = DIRECTION ( 'NONE',  ( -1.000000000000000000, -0.000000000000000000, -0.000000000000000000 ) ) ;
#2596 = EDGE_CURVE ( 'NONE', #656, #1450, #2467, .T. ) ;
#2597 = CIRCLE ( 'NONE', #1470, 10.00000000000000178 ) ;
#2598 = ORIENTED_EDGE ( 'NONE', *, *, #1175, .F. ) ;
#2599 = EDGE_CURVE ( 'NONE', #1708, #4258, #218, .T. ) ;
#2600 = VERTEX_POINT ( 'NONE', #3631 ) ;
#2601 = CARTESIAN_POINT ( 'NONE',  ( 13.29999999999999893, 5.949999999999999289, 2.000000000000000000 ) ) ;
#2602 = LINE ( 'NONE', #1712, #332 ) ;
#2603 = ORIENTED_EDGE ( 'NONE', *, *, #4311, .T. ) ;
#2604 = DIRECTION ( 'NONE',  ( 0.000000000000000000, 0.000000000000000000, -1.000000000000000000 ) ) ;
#2605 = ORIENTED_EDGE ( 'NONE', *, *, #4027, .F. ) ;
#2606 = CARTESIAN_POINT ( 'NONE',  ( 0.000000000000000000, -3.500000000000001776, 10.90000000000000213 ) ) ;
#2607 = ADVANCED_FACE ( 'NONE', ( #4874 ), #4037, .T. ) ;
#2608 = EDGE_CURVE ( 'NONE', #1496, #2062, #1259, .T. ) ;
#2609 = APPLICATION_CONTEXT ( 'automotive_design' ) ;
#2610 = VERTEX_POINT ( 'NONE', #4827 ) ;
#2611 = ITEM_DEFINED_TRANSFORMATION ( 'NONE', 'NONE', #503,  #3931 ) ;
#2612 = LINE ( 'NONE', #4973, #840 ) ;
#2613 = CARTESIAN_POINT ( 'NONE',  ( 51.75000000000000000, 30.99999999999999645, 37.50000000000000711 ) ) ;
#2614 = DIRECTION ( 'NONE',  ( 1.000000000000000000, 0.000000000000000000, 0.000000000000000000 ) ) ;
#2615 = CARTESIAN_POINT ( 'NONE',  ( 47.99999999999999289, 108.1959594928933086, 47.99999999999999289 ) ) ;
#2616 = AXIS2_PLACEMENT_3D ( 'NONE', #4888, #1218, #2378 ) ;
#2617 = CARTESIAN_POINT ( 'NONE',  ( 0.000000000000000000, 0.000000000000000000, 0.000000000000000000 ) ) ;
#2618 = ORIENTED_EDGE ( 'NONE', *, *, #3149, .F. ) ;
#2619 = DIRECTION ( 'NONE',  ( 0.000000000000000000, 0.000000000000000000, -1.000000000000000000 ) ) ;
#2620 = CARTESIAN_POINT ( 'NONE',  ( 12.00000000000000178, 108.1959594928933086, 47.99999999999999289 ) ) ;
#2621 = ORIENTED_EDGE ( 'NONE', *, *, #2545, .F. ) ;
#2622 = AXIS2_PLACEMENT_3D ( 'NONE', #442, #2036, #5279 ) ;
#2623 = LINE ( 'NONE', #3414, #2583 ) ;
#2624 = EDGE_CURVE ( 'NONE', #4651, #1539, #4527, .T. ) ;
#2625 = VECTOR ( 'NONE', #4498, 1000.000000000000227 ) ;
#2626 = VERTEX_POINT ( 'NONE', #2517 ) ;
#2627 = ORIENTED_EDGE ( 'NONE', *, *, #1270, .F. ) ;
#2628 = CARTESIAN_POINT ( 'NONE',  ( 0.000000000000000000, 28.99999999999999645, 47.99999999999997868 ) ) ;
#2629 = CARTESIAN_POINT ( 'NONE',  ( 37.59999999999999432, -0.2999999999999999334, -3.673940397442058882E-17 ) ) ;
#2630 = EDGE_CURVE ( 'NONE', #3179, #3532, #2192, .T. ) ;
#2631 = FACE_OUTER_BOUND ( 'NONE', #4006, .T. ) ;
#2632 = EDGE_LOOP ( 'NONE', ( #3470, #3104, #3766, #2635, #5022 ) ) ;
#2633 = AXIS2_PLACEMENT_3D ( 'NONE', #3111, #1069, #1447 ) ;
#2634 = FACE_OUTER_BOUND ( 'NONE', #763, .T. ) ;
#2635 = ORIENTED_EDGE ( 'NONE', *, *, #1767, .T. ) ;
#2636 = CARTESIAN_POINT ( 'NONE',  ( 49.99999999999999289, 33.99999999999999289, 49.99999999999997868 ) ) ;
#2637 = EDGE_CURVE ( 'NONE', #4651, #4067, #1160, .T. ) ;
#2638 = VECTOR ( 'NONE', #2507, 1000.000000000000000 ) ;
#2639 = ORIENTED_EDGE ( 'NONE', *, *, #3239, .F. ) ;
#2640 = CARTESIAN_POINT ( 'NONE',  ( 12.39999999999999503, -1.836970198721029441E-17, -2.600000000000000089 ) ) ;
#2641 = EDGE_CURVE ( 'NONE', #3697, #4012, #1596, .T. ) ;
#2642 = DIRECTION ( 'NONE',  ( 0.000000000000000000, -1.000000000000000000, 0.000000000000000000 ) ) ;
#2643 = VECTOR ( 'NONE', #3320, 1000.000000000000000 ) ;
#2644 = DIRECTION ( 'NONE',  ( 1.000000000000000000, 0.000000000000000000, -0.000000000000000000 ) ) ;
#2645 = DIRECTION ( 'NONE',  ( -5.782411586589351722E-16, -1.000000000000000000, -0.000000000000000000 ) ) ;
#2646 = CARTESIAN_POINT ( 'NONE',  ( 16.89999999999999858, 2.600000000000000089, -3.000000000000000000 ) ) ;
#2647 = CARTESIAN_POINT ( 'NONE',  ( 37.59999999999999432, -0.2999999999999999334, -3.673940397442058882E-17 ) ) ;
#2648 = CARTESIAN_POINT ( 'NONE',  ( 5.000000000000000888, 1.199999999999997513, -3.250000000000000444 ) ) ;
#2649 = ORIENTED_EDGE ( 'NONE', *, *, #3778, .T. ) ;
#2650 = ORIENTED_EDGE ( 'NONE', *, *, #2290, .F. ) ;
#2651 = CARTESIAN_POINT ( 'NONE',  ( 60.00000000000000000, -4.000000000000000888, 10.90000000000000213 ) ) ;
#2652 = AXIS2_PLACEMENT_3D ( 'NONE', #28, #3623, #4425 ) ;
#2653 = ORIENTED_EDGE ( 'NONE', *, *, #1183, .T. ) ;
#2654 = VERTEX_POINT ( 'NONE', #789 ) ;
#2655 = EDGE_CURVE ( 'NONE', #2930, #5146, #2439, .T. ) ;
#2656 = DIRECTION ( 'NONE',  ( 0.000000000000000000, 0.000000000000000000, 1.000000000000000000 ) ) ;
#2657 = CARTESIAN_POINT ( 'NONE',  ( 75.00000000000000000, 1.199999999999999956, -22.59999999999999432 ) ) ;
#2658 = VECTOR ( 'NONE', #4785, 1000.000000000000000 ) ;
#2659 = ORIENTED_EDGE ( 'NONE', *, *, #635, .F. ) ;
#2660 = ORIENTED_EDGE ( 'NONE', *, *, #1234, .T. ) ;
#2661 = PLANE ( 'NONE',  #2185 ) ;
#2662 = ORIENTED_EDGE ( 'NONE', *, *, #4767, .T. ) ;
#2663 = FACE_BOUND ( 'NONE', #3884, .T. ) ;
#2664 = EDGE_CURVE ( 'NONE', #226, #1482, #890, .T. ) ;
#2665 = EDGE_LOOP ( 'NONE', ( #381, #314, #1439, #1608, #3467, #1020, #683, #475, #3487, #2593, #2675, #1706, #4203, #1394, #1185, #1870, #2452, #2220, #1625 ) ) ;
#2666 = CYLINDRICAL_SURFACE ( 'NONE', #1248, 2.000000000000000000 ) ;
#2667 = LINE ( 'NONE', #2325, #1122 ) ;
#2668 = SPHERICAL_SURFACE ( 'NONE', #5166, 10.00000000000000000 ) ;
#2669 = ADVANCED_FACE ( 'NONE', ( #4240 ), #3038, .F. ) ;
#2670 = AXIS2_PLACEMENT_3D ( 'NONE', #2931, #2469, #1649 ) ;
#2671 = ORIENTED_EDGE ( 'NONE', *, *, #4741, .F. ) ;
#2672 = CARTESIAN_POINT ( 'NONE',  ( 35.26538908328470256, 0.000000000000000000, 0.000000000000000000 ) ) ;
#2673 = ORIENTED_EDGE ( 'NONE', *, *, #2752, .T. ) ;
#2674 = DIRECTION ( 'NONE',  ( 6.938893903907232322E-16, 0.000000000000000000, 1.000000000000000000 ) ) ;
#2675 = ORIENTED_EDGE ( 'NONE', *, *, #3968, .F. ) ;
#2676 = VERTEX_POINT ( 'NONE', #3412 ) ;
#2677 = CARTESIAN_POINT ( 'NONE',  ( 0.000000000000000000, 29.19999999999999218, -10.09999999999999787 ) ) ;
#2678 = EDGE_CURVE ( 'NONE', #4806, #2303, #1342, .T. ) ;
#2679 = EDGE_CURVE ( 'NONE', #304, #457, #5255, .T. ) ;
#2680 = ORIENTED_EDGE ( 'NONE', *, *, #1013, .T. ) ;
#2681 = MECHANICAL_DESIGN_GEOMETRIC_PRESENTATION_REPRESENTATION (  '', ( #949 ), #2340 ) ;
#2682 = ORIENTED_EDGE ( 'NONE', *, *, #2493, .T. ) ;
#2683 = LINE ( 'NONE', #4328, #2392 ) ;
#2684 = CARTESIAN_POINT ( 'NONE',  ( 2.000000000000007105, 18.99999999999998934, 1.999999999999999112 ) ) ;
#2685 = VECTOR ( 'NONE', #1012, 1000.000000000000000 ) ;
#2686 = VECTOR ( 'NONE', #2199, 1000.000000000000000 ) ;
#2687 = ORIENTED_EDGE ( 'NONE', *, *, #2679, .F. ) ;
#2688 = CARTESIAN_POINT ( 'NONE',  ( 75.00000000000000000, 8.199999999999999289, -19.59999999999999787 ) ) ;
#2689 = ORIENTED_EDGE ( 'NONE', *, *, #61, .T. ) ;
#2690 = DIRECTION ( 'NONE',  ( 0.000000000000000000, -0.000000000000000000, -1.000000000000000000 ) ) ;
#2691 = EDGE_CURVE ( 'NONE', #319, #4786, #496, .T. ) ;
#2692 = ORIENTED_EDGE ( 'NONE', *, *, #2922, .F. ) ;
#2693 = CARTESIAN_POINT ( 'NONE',  ( 0.000000000000000000, 2.000000000000000000, 0.000000000000000000 ) ) ;
#2694 = ORIENTED_EDGE ( 'NONE', *, *, #3075, .F. ) ;
#2695 = ADVANCED_FACE ( 'NONE', ( #1317 ), #2165, .F. ) ;
#2696 = DIRECTION ( 'NONE',  ( 1.000000000000000000, 0.000000000000000000, 0.000000000000000000 ) ) ;
#2697 = ADVANCED_FACE ( 'NONE', ( #4584, #3011 ), #970, .T. ) ;
#2698 = LINE ( 'NONE', #2746, #4437 ) ;
#2699 = ORIENTED_EDGE ( 'NONE', *, *, #1811, .T. ) ;
#2700 = DIRECTION ( 'NONE',  ( -1.000000000000000000, 0.000000000000000000, -3.469446951953614189E-16 ) ) ;
#2701 = ORIENTED_EDGE ( 'NONE', *, *, #73, .F. ) ;
#2702 = CARTESIAN_POINT ( 'NONE',  ( 33.50000000000000000, -2.168404344971008868E-16, 57.00000000000000000 ) ) ;
#2703 = AXIS2_PLACEMENT_3D ( 'NONE', #111, #1724, #1363 ) ;
#2704 = EDGE_LOOP ( 'NONE', ( #2231, #1382, #5063, #1424 ) ) ;
#2705 = AXIS2_PLACEMENT_3D ( 'NONE', #1077, #4010, #759 ) ;
#2706 = VECTOR ( 'NONE', #2984, 1000.000000000000000 ) ;
#2707 = ORIENTED_EDGE ( 'NONE', *, *, #1183, .F. ) ;
#2708 = EDGE_CURVE ( 'NONE', #4439, #2575, #173, .T. ) ;
#2709 = CARTESIAN_POINT ( 'NONE',  ( -1.999999999999999556, -2.168404344971008868E-16, 57.00000000000000000 ) ) ;
#2710 = ADVANCED_FACE ( 'NONE', ( #3790 ), #2592, .F. ) ;
#2711 = DIRECTION ( 'NONE',  ( 0.000000000000000000, -1.000000000000000000, 0.000000000000000000 ) ) ;
#2712 = AXIS2_PLACEMENT_3D ( 'NONE', #1814, #63, #3845 ) ;
#2713 = VERTEX_POINT ( 'NONE', #5065 ) ;
#2714 = CARTESIAN_POINT ( 'NONE',  ( 31.50000000000000000, 2.000000000000003997, 55.00000000000000000 ) ) ;
#2715 = ORIENTED_EDGE ( 'NONE', *, *, #1707, .F. ) ;
#2716 = FACE_OUTER_BOUND ( 'NONE', #5069, .T. ) ;
#2717 = VERTEX_POINT ( 'NONE', #577 ) ;
#2718 = CARTESIAN_POINT ( 'NONE',  ( 33.50000000000000000, -2.168404344971008868E-16, 57.00000000000000000 ) ) ;
#2719 = CARTESIAN_POINT ( 'NONE',  ( 4.999999999999997335, 3.999999999999994227, 34.69999999999999574 ) ) ;
#2720 = CIRCLE ( 'NONE', #1334, 1.499999999999999556 ) ;
#2721 = CARTESIAN_POINT ( 'NONE',  ( 60.00000000000000000, -3.499999999999987566, 8.000000000000000000 ) ) ;
#2722 = ORIENTED_EDGE ( 'NONE', *, *, #5046, .F. ) ;
#2723 = AXIS2_PLACEMENT_3D ( 'NONE', #4868, #1201, #2851 ) ;
#2724 = PLANE ( 'NONE',  #3690 ) ;
#2725 = DIRECTION ( 'NONE',  ( -4.336808689942021680E-16, 1.000000000000000000, 0.000000000000000000 ) ) ;
#2726 = VERTEX_POINT ( 'NONE', #2219 ) ;
#2727 = CARTESIAN_POINT ( 'NONE',  ( 15.37500000000000000, 30.99999999999999645, 22.49999999999999289 ) ) ;
#2728 = VERTEX_POINT ( 'NONE', #553 ) ;
#2729 = ORIENTED_EDGE ( 'NONE', *, *, #2419, .F. ) ;
#2730 = DIRECTION ( 'NONE',  ( 1.000000000000000000, 0.000000000000000000, -0.000000000000000000 ) ) ;
#2731 = CIRCLE ( 'NONE', #2978, 10.00000000000000178 ) ;
#2732 = ADVANCED_FACE ( 'NONE', ( #1398 ), #2138, .F. ) ;
#2733 = LINE ( 'NONE', #4854, #2514 ) ;
#2734 = PRODUCT_DEFINITION ( 'UNKNOWN', '', #333, #2151 ) ;
#2735 = VECTOR ( 'NONE', #1858, 1000.000000000000000 ) ;
#2736 = ORIENTED_EDGE ( 'NONE', *, *, #4991, .T. ) ;
#2737 = ORIENTED_EDGE ( 'NONE', *, *, #3779, .F. ) ;
#2738 = DIRECTION ( 'NONE',  ( 0.000000000000000000, -1.000000000000000000, 0.000000000000000000 ) ) ;
#2739 = ORIENTED_EDGE ( 'NONE', *, *, #1719, .F. ) ;
#2740 = CARTESIAN_POINT ( 'NONE',  ( 7.249999999999999112, 33.99999999999999289, 52.75000000000000000 ) ) ;
#2741 = CYLINDRICAL_SURFACE ( 'NONE', #3768, 0.2500000000000002220 ) ;
#2742 = LINE ( 'NONE', #4365, #3585 ) ;
#2743 = EDGE_LOOP ( 'NONE', ( #3897, #3501, #510, #338 ) ) ;
#2744 = DIRECTION ( 'NONE',  ( -0.000000000000000000, 0.000000000000000000, -1.000000000000000000 ) ) ;
#2745 = CARTESIAN_POINT ( 'NONE',  ( 75.00000000000000000, 4.649999999999999467, -19.59999999999999787 ) ) ;
#2746 = CARTESIAN_POINT ( 'NONE',  ( 33.50000000000000000, -1.000000000000000222, 0.000000000000000000 ) ) ;
#2747 = ORIENTED_EDGE ( 'NONE', *, *, #3021, .T. ) ;
#2748 = PLANE ( 'NONE',  #3127 ) ;
#2749 = ORIENTED_EDGE ( 'NONE', *, *, #4588, .T. ) ;
#2750 = DIRECTION ( 'NONE',  ( 0.000000000000000000, 0.000000000000000000, 1.000000000000000000 ) ) ;
#2751 = VECTOR ( 'NONE', #3469, 1000.000000000000000 ) ;
#2752 = EDGE_CURVE ( 'NONE', #1867, #2726, #4216, .T. ) ;
#2753 = ORIENTED_EDGE ( 'NONE', *, *, #1022, .F. ) ;
#2754 = ORIENTED_EDGE ( 'NONE', *, *, #3393, .T. ) ;
#2755 = EDGE_CURVE ( 'NONE', #152, #4850, #3763, .T. ) ;
#2756 = PLANE ( 'NONE',  #823 ) ;
#2757 = LINE ( 'NONE', #713, #3255 ) ;
#2758 = AXIS2_PLACEMENT_3D ( 'NONE', #2210, #2614, #1473 ) ;
#2759 = EDGE_CURVE ( 'NONE', #2610, #4253, #1729, .T. ) ;
#2760 = EDGE_LOOP ( 'NONE', ( #1026, #4450, #4530, #4674 ) ) ;
#2761 = VERTEX_POINT ( 'NONE', #2190 ) ;
#2762 = DIRECTION ( 'NONE',  ( -1.156482317317871331E-15, 0.000000000000000000, 1.000000000000000000 ) ) ;
#2763 = EDGE_LOOP ( 'NONE', ( #742, #660, #2699, #3096 ) ) ;
#2764 = PLANE ( 'NONE',  #3008 ) ;
#2765 = FACE_OUTER_BOUND ( 'NONE', #837, .T. ) ;
#2766 = AXIS2_PLACEMENT_3D ( 'NONE', #2647, #5115, #1048 ) ;
#2767 = CARTESIAN_POINT ( 'NONE',  ( 22.49999999999999289, 19.00000000000000355, 47.99999999999997868 ) ) ;
#2768 = AXIS2_PLACEMENT_3D ( 'NONE', #351, #1605, #1995 ) ;
#2769 = SHAPE_REPRESENTATION_RELATIONSHIP ( 'NONE' , 'NONE' ,  #2064, #810 ) ;
#2770 = ORIENTED_EDGE ( 'NONE', *, *, #4708, .F. ) ;
#2771 = FILL_AREA_STYLE_COLOUR ( '', #272 ) ;
#2772 = DIRECTION ( 'NONE',  ( -0.000000000000000000, 0.000000000000000000, 1.000000000000000000 ) ) ;
#2773 = DIRECTION ( 'NONE',  ( 1.000000000000000000, 0.000000000000000000, 0.000000000000000000 ) ) ;
#2774 = EDGE_CURVE ( 'NONE', #4997, #1925, #2453, .T. ) ;
#2775 = ADVANCED_FACE ( 'NONE', ( #2110 ), #2929, .F. ) ;
#2776 = DIRECTION ( 'NONE',  ( -0.7071067811865469066, -0.000000000000000000, -0.7071067811865482389 ) ) ;
#2777 = VERTEX_POINT ( 'NONE', #3066 ) ;
#2778 = DIRECTION ( 'NONE',  ( -1.000000000000000000, -0.000000000000000000, -0.000000000000000000 ) ) ;
#2779 = CARTESIAN_POINT ( 'NONE',  ( 15.74999999999999645, -1.000000000000002220, 15.00000000000000000 ) ) ;
#2780 = VERTEX_POINT ( 'NONE', #4688 ) ;
#2781 = PLANE ( 'NONE',  #520 ) ;
#2782 = VERTEX_POINT ( 'NONE', #1105 ) ;
#2783 = EDGE_LOOP ( 'NONE', ( #2547, #2293, #1652, #4113 ) ) ;
#2784 = DIRECTION ( 'NONE',  ( 0.000000000000000000, 0.000000000000000000, 1.000000000000000000 ) ) ;
#2785 = EDGE_CURVE ( 'NONE', #3192, #3567, #4650, .T. ) ;
#2786 = LINE ( 'NONE', #1519, #106 ) ;
#2787 = VECTOR ( 'NONE', #4047, 1000.000000000000000 ) ;
#2788 = EDGE_LOOP ( 'NONE', ( #4361, #1354, #3417, #4029, #1011 ) ) ;
#2789 = ORIENTED_EDGE ( 'NONE', *, *, #4958, .T. ) ;
#2790 = CARTESIAN_POINT ( 'NONE',  ( 0.000000000000000000, 0.000000000000000000, 55.00000000000000000 ) ) ;
#2791 = EDGE_LOOP ( 'NONE', ( #4873, #1080, #4832, #1928 ) ) ;
#2792 = DIRECTION ( 'NONE',  ( -0.000000000000000000, -1.000000000000000000, -0.000000000000000000 ) ) ;
#2793 = VECTOR ( 'NONE', #2913, 1000.000000000000000 ) ;
#2794 = EDGE_CURVE ( 'NONE', #5236, #4013, #280, .T. ) ;
#2795 = DIRECTION ( 'NONE',  ( -1.239088197126291063E-16, 1.000000000000000000, 0.000000000000000000 ) ) ;
#2796 = DIRECTION ( 'NONE',  ( 0.000000000000000000, 0.000000000000000000, 1.000000000000000000 ) ) ;
#2797 = VERTEX_POINT ( 'NONE', #4271 ) ;
#2798 = LINE ( 'NONE', #3217, #213 ) ;
#2799 = CARTESIAN_POINT ( 'NONE',  ( 75.00000000000000000, 4.649999999999999467, -19.59999999999999787 ) ) ;
#2800 = ADVANCED_FACE ( 'NONE', ( #5172 ), #1923, .T. ) ;
#2801 = ADVANCED_FACE ( 'NONE', ( #4793 ), #2748, .F. ) ;
#2802 = FACE_OUTER_BOUND ( 'NONE', #3199, .T. ) ;
#2803 = ORIENTED_EDGE ( 'NONE', *, *, #5263, .T. ) ;
#2804 = CARTESIAN_POINT ( 'NONE',  ( 51.75000000000000000, 28.27024810886958051, 37.50000000000000711 ) ) ;
#2805 = FACE_OUTER_BOUND ( 'NONE', #4838, .T. ) ;
#2806 = ORIENTED_EDGE ( 'NONE', *, *, #143, .T. ) ;
#2807 = AXIS2_PLACEMENT_3D ( 'NONE', #2075, #1556, #1198 ) ;
#2808 = LINE ( 'NONE', #1927, #3635 ) ;
#2809 = EDGE_LOOP ( 'NONE', ( #500, #3830, #3054, #5187 ) ) ;
#2810 = CARTESIAN_POINT ( 'NONE',  ( 74.23037428026788120, -5.476171543750222526, 0.000000000000000000 ) ) ;
#2811 = ORIENTED_EDGE ( 'NONE', *, *, #1850, .T. ) ;
#2812 = FACE_OUTER_BOUND ( 'NONE', #2763, .T. ) ;
#2813 = PLANE ( 'NONE',  #195 ) ;
#2814 = ORIENTED_EDGE ( 'NONE', *, *, #1844, .F. ) ;
#2815 = CARTESIAN_POINT ( 'NONE',  ( 13.25000000000000178, 5.500000000000003553, -0.5000000000000000000 ) ) ;
#2816 = CARTESIAN_POINT ( 'NONE',  ( 44.62500000000000000, 28.99999999999999645, 22.50000000000000711 ) ) ;
#2817 = PLANE ( 'NONE',  #646 ) ;
#2818 = VECTOR ( 'NONE', #1277, 1000.000000000000000 ) ;
#2819 = VERTEX_POINT ( 'NONE', #1049 ) ;
#2820 = DIRECTION ( 'NONE',  ( 0.000000000000000000, 0.000000000000000000, 1.000000000000000000 ) ) ;
#2821 = DIRECTION ( 'NONE',  ( -1.239088197126291063E-16, 1.000000000000000000, -0.000000000000000000 ) ) ;
#2822 = EDGE_CURVE ( 'NONE', #1249, #4439, #1510, .T. ) ;
#2823 = EDGE_CURVE ( 'NONE', #4194, #900, #3872, .T. ) ;
#2824 = DIRECTION ( 'NONE',  ( -4.869399230812090436E-16, 0.000000000000000000, 1.000000000000000000 ) ) ;
#2825 = ORIENTED_EDGE ( 'NONE', *, *, #3633, .T. ) ;
#2826 = PLANE ( 'NONE',  #785 ) ;
#2827 = CARTESIAN_POINT ( 'NONE',  ( 72.00000000000000000, 4.599999999999999645, -8.000000000000000000 ) ) ;
#2828 = FACE_OUTER_BOUND ( 'NONE', #1590, .T. ) ;
#2829 = ORIENTED_EDGE ( 'NONE', *, *, #2205, .F. ) ;
#2830 = DIRECTION ( 'NONE',  ( -0.000000000000000000, -0.000000000000000000, -1.000000000000000000 ) ) ;
#2831 = ORIENTED_EDGE ( 'NONE', *, *, #4731, .T. ) ;
#2832 = VECTOR ( 'NONE', #5034, 1000.000000000000000 ) ;
#2833 = DIRECTION ( 'NONE',  ( 0.000000000000000000, 1.192622389734055124E-16, -1.000000000000000000 ) ) ;
#2834 = ADVANCED_FACE ( 'NONE', ( #4348 ), #632, .T. ) ;
#2835 = VECTOR ( 'NONE', #4773, 1000.000000000000000 ) ;
#2836 = EDGE_CURVE ( 'NONE', #2780, #3530, #202, .T. ) ;
#2837 = ORIENTED_EDGE ( 'NONE', *, *, #4481, .T. ) ;
#2838 = EDGE_LOOP ( 'NONE', ( #3818, #5000, #3177, #4644 ) ) ;
#2839 = CARTESIAN_POINT ( 'NONE',  ( 60.00000000000000000, -6.071532165918824830E-15, 47.99999999999997868 ) ) ;
#2840 = CARTESIAN_POINT ( 'NONE',  ( 9.750000000000001776, 1.000000000000001332, 40.00000000000000000 ) ) ;
#2841 = CYLINDRICAL_SURFACE ( 'NONE', #1150, 10.00000000000000178 ) ;
#2842 = PRESENTATION_LAYER_ASSIGNMENT (  '', '', ( #949 ) ) ;
#2843 = CARTESIAN_POINT ( 'NONE',  ( 1.177199472721615514, -2.650000000000000799, 7.950000000000000178 ) ) ;
#2844 = ORIENTED_EDGE ( 'NONE', *, *, #4631, .F. ) ;
#2845 = VECTOR ( 'NONE', #5272, 1000.000000000000000 ) ;
#2846 = DIRECTION ( 'NONE',  ( 0.000000000000000000, 0.000000000000000000, 1.000000000000000000 ) ) ;
#2847 = FACE_OUTER_BOUND ( 'NONE', #2489, .T. ) ;
#2848 = EDGE_CURVE ( 'NONE', #3039, #930, #3900, .T. ) ;
#2849 = VECTOR ( 'NONE', #4048, 1000.000000000000000 ) ;
#2850 = CARTESIAN_POINT ( 'NONE',  ( 5.250000000000000000, -7.400000000000000355, -7.000000000000000000 ) ) ;
#2851 = DIRECTION ( 'NONE',  ( 0.000000000000000000, -1.000000000000000000, 7.228014483236692611E-16 ) ) ;
#2852 = AXIS2_PLACEMENT_3D ( 'NONE', #3909, #3047, #3827 ) ;
#2853 = DIRECTION ( 'NONE',  ( -0.000000000000000000, 1.000000000000000000, -0.000000000000000000 ) ) ;
#2854 = CARTESIAN_POINT ( 'NONE',  ( 60.00000000000000000, -6.000000000000000000, 1.999999999999999556 ) ) ;
#2855 = FACE_OUTER_BOUND ( 'NONE', #2368, .T. ) ;
#2856 = EDGE_CURVE ( 'NONE', #2573, #257, #1481, .T. ) ;
#2857 = EDGE_LOOP ( 'NONE', ( #1884, #2814, #1076, #3804 ) ) ;
#2858 = DIRECTION ( 'NONE',  ( -0.000000000000000000, -0.000000000000000000, -1.000000000000000000 ) ) ;
#2859 = EDGE_LOOP ( 'NONE', ( #4166, #4280, #208, #1515 ) ) ;
#2860 = CARTESIAN_POINT ( 'NONE',  ( 0.000000000000000000, 2.000000000000000000, 51.00000000000000000 ) ) ;
#2861 = EDGE_CURVE ( 'NONE', #4957, #2494, #2330, .T. ) ;
#2862 = EDGE_LOOP ( 'NONE', ( #419, #3602, #4307, #3959 ) ) ;
#2863 = FACE_OUTER_BOUND ( 'NONE', #4150, .T. ) ;
#2864 = AXIS2_PLACEMENT_3D ( 'NONE', #3614, #1994, #290 ) ;
#2865 = LINE ( 'NONE', #2018, #1379 ) ;
#2866 = DIRECTION ( 'NONE',  ( -1.000000000000000000, 0.000000000000000000, 0.000000000000000000 ) ) ;
#2867 = VECTOR ( 'NONE', #273, 1000.000000000000000 ) ;
#2868 = CARTESIAN_POINT ( 'NONE',  ( 0.000000000000000000, 0.000000000000000000, 0.000000000000000000 ) ) ;
#2869 = EDGE_LOOP ( 'NONE', ( #4238, #2837, #242, #3522 ) ) ;
#2870 = VECTOR ( 'NONE', #3439, 1000.000000000000000 ) ;
#2871 = CARTESIAN_POINT ( 'NONE',  ( 11.75000000000000178, 3.499999999999999556, 0.000000000000000000 ) ) ;
#2872 = FACE_OUTER_BOUND ( 'NONE', #2958, .T. ) ;
#2873 = VECTOR ( 'NONE', #2674, 1000.000000000000000 ) ;
#2874 = VERTEX_POINT ( 'NONE', #1428 ) ;
#2875 = LINE ( 'NONE', #3292, #1346 ) ;
#2876 = CARTESIAN_POINT ( 'NONE',  ( 0.000000000000000000, 4.099999999999999645, 53.00000000000000000 ) ) ;
#2877 = FACE_OUTER_BOUND ( 'NONE', #1142, .T. ) ;
#2878 = CARTESIAN_POINT ( 'NONE',  ( 37.59999999999999432, -0.2999999999999999334, -2.899999999999999911 ) ) ;
#2879 = EDGE_LOOP ( 'NONE', ( #367, #721, #4531, #3906, #282, #2598, #4760, #3278 ) ) ;
#2880 = DIRECTION ( 'NONE',  ( 1.000000000000000000, 0.000000000000000000, -0.000000000000000000 ) ) ;
#2881 = EDGE_LOOP ( 'NONE', ( #3172, #4038, #374, #2438 ) ) ;
#2882 = CARTESIAN_POINT ( 'NONE',  ( -1.999999999999999556, -2.168404344971008868E-16, 57.00000000000000000 ) ) ;
#2883 = AXIS2_PLACEMENT_3D ( 'NONE', #4494, #829, #2478 ) ;
#2884 = ADVANCED_FACE ( 'NONE', ( #706 ), #1842, .F. ) ;
#2885 = VERTEX_POINT ( 'NONE', #306 ) ;
#2886 = AXIS2_PLACEMENT_3D ( 'NONE', #1278, #4974, #2920 ) ;
#2887 = CARTESIAN_POINT ( 'NONE',  ( 15.37500000000000000, 28.99999999999999645, 22.49999999999999289 ) ) ;
#2888 = DIRECTION ( 'NONE',  ( 1.000000000000000000, 0.000000000000000000, 0.000000000000000000 ) ) ;
#2889 = DIRECTION ( 'NONE',  ( 0.000000000000000000, -1.000000000000000000, 0.000000000000000000 ) ) ;
#2890 =( LENGTH_UNIT ( ) NAMED_UNIT ( * ) SI_UNIT ( .MILLI., .METRE. ) );
#2891 = VERTEX_POINT ( 'NONE', #2648 ) ;
#2892 = CARTESIAN_POINT ( 'NONE',  ( 0.000000000000000000, -3.500000000000001776, 14.40000000000000213 ) ) ;
#2893 = VERTEX_POINT ( 'NONE', #1950 ) ;
#2894 = CARTESIAN_POINT ( 'NONE',  ( 33.50000000000000000, -1.000000000000000222, 55.00000000000000000 ) ) ;
#2895 = AXIS2_PLACEMENT_3D ( 'NONE', #3318, #4072, #1631 ) ;
#2896 = CIRCLE ( 'NONE', #4512, 2.999999999999999112 ) ;
#2897 = DIRECTION ( 'NONE',  ( -1.000000000000000000, -0.000000000000000000, -0.000000000000000000 ) ) ;
#2898 = LINE ( 'NONE', #4130, #3574 ) ;
#2899 = PLANE ( 'NONE',  #4881 ) ;
#2900 = DIRECTION ( 'NONE',  ( 0.000000000000000000, -0.000000000000000000, 1.000000000000000000 ) ) ;
#2901 = CARTESIAN_POINT ( 'NONE',  ( 0.000000000000000000, 0.000000000000000000, -2.000000000000000000 ) ) ;
#2902 = CARTESIAN_POINT ( 'NONE',  ( 31.50000000000000000, 4.102566777143633774E-15, 55.00000000000000000 ) ) ;
#2903 = ORIENTED_EDGE ( 'NONE', *, *, #3582, .T. ) ;
#2904 = CARTESIAN_POINT ( 'NONE',  ( 19.74999999999999645, 3.500000000000003553, -2.000000000000001776 ) ) ;
#2905 = ORIENTED_EDGE ( 'NONE', *, *, #1704, .T. ) ;
#2906 = DIRECTION ( 'NONE',  ( 0.000000000000000000, 0.000000000000000000, -1.000000000000000000 ) ) ;
#2907 = EDGE_CURVE ( 'NONE', #4304, #467, #564, .T. ) ;
#2908 = ORIENTED_EDGE ( 'NONE', *, *, #2322, .T. ) ;
#2909 = EDGE_CURVE ( 'NONE', #768, #1208, #1673, .T. ) ;
#2910 = ORIENTED_EDGE ( 'NONE', *, *, #3224, .T. ) ;
#2911 = AXIS2_PLACEMENT_3D ( 'NONE', #525, #3792, #1318 ) ;
#2912 = DIRECTION ( 'NONE',  ( -1.239088197126291063E-16, 1.000000000000000000, -0.000000000000000000 ) ) ;
#2913 = DIRECTION ( 'NONE',  ( -1.000000000000000000, -0.000000000000000000, -0.000000000000000000 ) ) ;
#2914 = EDGE_CURVE ( 'NONE', #1762, #894, #4321, .T. ) ;
#2915 = CARTESIAN_POINT ( 'NONE',  ( 60.00000000000000000, 5.999999999999994671, 29.69999999999998863 ) ) ;
#2916 = ORIENTED_EDGE ( 'NONE', *, *, #1165, .F. ) ;
#2917 = CARTESIAN_POINT ( 'NONE',  ( 47.99999999999999289, 19.00000000000000355, 47.99999999999997868 ) ) ;
#2918 = EDGE_LOOP ( 'NONE', ( #2273, #4097, #2692, #5118 ) ) ;
#2919 = LINE ( 'NONE', #191, #1349 ) ;
#2920 = DIRECTION ( 'NONE',  ( 0.000000000000000000, -0.000000000000000000, -1.000000000000000000 ) ) ;
#2921 = PLANE ( 'NONE',  #2594 ) ;
#2922 = EDGE_CURVE ( 'NONE', #3179, #2782, #1501, .T. ) ;
#2923 = CARTESIAN_POINT ( 'NONE',  ( 0.000000000000000000, 4.099999999999999645, 57.00000000000000000 ) ) ;
#2924 = EDGE_CURVE ( 'NONE', #1437, #1841, #4237, .T. ) ;
#2925 = VECTOR ( 'NONE', #5211, 1000.000000000000000 ) ;
#2926 = DIRECTION ( 'NONE',  ( 0.000000000000000000, 0.000000000000000000, -1.000000000000000000 ) ) ;
#2927 = VECTOR ( 'NONE', #3474, 1000.000000000000000 ) ;
#2928 = ORIENTED_EDGE ( 'NONE', *, *, #1405, .T. ) ;
#2929 = PLANE ( 'NONE',  #3984 ) ;
#2930 = VERTEX_POINT ( 'NONE', #2827 ) ;
#2931 = CARTESIAN_POINT ( 'NONE',  ( 22.50000000000000711, 28.99999999999999645, 15.37500000000000000 ) ) ;
#2932 = ORIENTED_EDGE ( 'NONE', *, *, #542, .T. ) ;
#2933 = VERTEX_POINT ( 'NONE', #783 ) ;
#2934 = PLANE ( 'NONE',  #3866 ) ;
#2935 = FACE_OUTER_BOUND ( 'NONE', #642, .T. ) ;
#2936 = CARTESIAN_POINT ( 'NONE',  ( 60.00000000000000000, 5.999999999999993783, 34.69999999999999574 ) ) ;
#2937 = CIRCLE ( 'NONE', #1577, 2.000000000000001776 ) ;
#2938 = PLANE ( 'NONE',  #245 ) ;
#2939 = ORIENTED_EDGE ( 'NONE', *, *, #701, .T. ) ;
#2940 = LINE ( 'NONE', #1744, #5245 ) ;
#2941 = ORIENTED_EDGE ( 'NONE', *, *, #5263, .F. ) ;
#2942 = CARTESIAN_POINT ( 'NONE',  ( 60.00000000000000000, -1.734723475976807094E-15, 14.40000000000000213 ) ) ;
#2943 = CIRCLE ( 'NONE', #4738, 1.500000000000001332 ) ;
#2944 = AXIS2_PLACEMENT_3D ( 'NONE', #4057, #3955, #1157 ) ;
#2945 = CONTEXT_DEPENDENT_SHAPE_REPRESENTATION ( #5226, #4959 ) ;
#2946 = LINE ( 'NONE', #4575, #162 ) ;
#2947 = LINE ( 'NONE', #2534, #4424 ) ;
#2948 = CARTESIAN_POINT ( 'NONE',  ( 0.000000000000000000, 0.000000000000000000, 0.000000000000000000 ) ) ;
#2949 = CARTESIAN_POINT ( 'NONE',  ( 0.4999999999999865663, 8.199999999999999289, -19.59999999999999787 ) ) ;
#2950 = ADVANCED_FACE ( 'NONE', ( #3678 ), #5250, .F. ) ;
#2951 = CARTESIAN_POINT ( 'NONE',  ( 20.75000000000000355, -1.000000000000000222, -9.999999999999998224 ) ) ;
#2952 = CYLINDRICAL_SURFACE ( 'NONE', #3122, 4.999999999999998224 ) ;
#2953 = VECTOR ( 'NONE', #3709, 1000.000000000000000 ) ;
#2954 = ADVANCED_FACE ( 'NONE', ( #2805 ), #4079, .F. ) ;
#2955 = ORIENTED_EDGE ( 'NONE', *, *, #1889, .F. ) ;
#2956 = CYLINDRICAL_SURFACE ( 'NONE', #418, 1.499999999999999556 ) ;
#2957 = CARTESIAN_POINT ( 'NONE',  ( 0.000000000000000000, -3.500000000000001776, 14.40000000000000213 ) ) ;
#2958 = EDGE_LOOP ( 'NONE', ( #4456, #3927, #4381, #3094 ) ) ;
#2959 = FACE_OUTER_BOUND ( 'NONE', #3017, .T. ) ;
#2960 = AXIS2_PLACEMENT_3D ( 'NONE', #1987, #3608, #1572 ) ;
#2961 = ORIENTED_EDGE ( 'NONE', *, *, #750, .F. ) ;
#2962 = EDGE_LOOP ( 'NONE', ( #3018, #3742, #285, #4809, #1646 ) ) ;
#2963 = DIRECTION ( 'NONE',  ( -1.734723475976806848E-16, 0.000000000000000000, 1.000000000000000000 ) ) ;
#2964 = AXIS2_PLACEMENT_3D ( 'NONE', #2894, #4544, #3833 ) ;
#2965 = DIRECTION ( 'NONE',  ( 2.736911063134408342E-48, 1.000000000000000000, 1.187392209762482313E-16 ) ) ;
#2966 = VECTOR ( 'NONE', #4372, 1000.000000000000000 ) ;
#2967 = DIRECTION ( 'NONE',  ( 4.869399230812090436E-16, 0.000000000000000000, -1.000000000000000000 ) ) ;
#2968 = EDGE_LOOP ( 'NONE', ( #1817, #3801, #2737, #2360 ) ) ;
#2969 = DIRECTION ( 'NONE',  ( 0.000000000000000000, -1.000000000000000000, 0.000000000000000000 ) ) ;
#2970 = VERTEX_POINT ( 'NONE', #2006 ) ;
#2971 = CYLINDRICAL_SURFACE ( 'NONE', #4537, 5.999999999999998224 ) ;
#2972 = ADVANCED_FACE ( 'NONE', ( #4847 ), #4453, .F. ) ;
#2973 = ORIENTED_EDGE ( 'NONE', *, *, #4422, .F. ) ;
#2974 = DIRECTION ( 'NONE',  ( 0.7071067811865524577, -0.7071067811865426878, -0.000000000000000000 ) ) ;
#2975 = DIRECTION ( 'NONE',  ( 0.000000000000000000, 0.000000000000000000, 1.000000000000000000 ) ) ;
#2976 = LINE ( 'NONE', #4920, #3013 ) ;
#2977 = EDGE_CURVE ( 'NONE', #2126, #94, #1980, .T. ) ;
#2978 = AXIS2_PLACEMENT_3D ( 'NONE', #1478, #630, #2302 ) ;
#2979 = CYLINDRICAL_SURFACE ( 'NONE', #3120, 10.00000000000000178 ) ;
#2980 = CARTESIAN_POINT ( 'NONE',  ( -1.999999999999999112, -2.168404344971008868E-16, 55.00000000000000000 ) ) ;
#2981 = AXIS2_PLACEMENT_3D ( 'NONE', #1200, #1250, #4448 ) ;
#2982 = EDGE_CURVE ( 'NONE', #2819, #536, #31, .T. ) ;
#2983 = CARTESIAN_POINT ( 'NONE',  ( 4.999999999999997335, -6.136203874453046338E-15, 16.40000000000000568 ) ) ;
#2984 = DIRECTION ( 'NONE',  ( -0.000000000000000000, -1.734723475976805615E-16, 1.000000000000000000 ) ) ;
#2985 = ORIENTED_EDGE ( 'NONE', *, *, #1229, .T. ) ;
#2986 = CARTESIAN_POINT ( 'NONE',  ( 60.00000000000000000, -3.000000000000000888, 8.000000000000000000 ) ) ;
#2987 = ORIENTED_EDGE ( 'NONE', *, *, #4163, .F. ) ;
#2988 = EDGE_LOOP ( 'NONE', ( #730, #4458, #1715, #4621 ) ) ;
#2989 = EDGE_CURVE ( 'NONE', #1050, #3436, #2194, .T. ) ;
#2990 = CARTESIAN_POINT ( 'NONE',  ( 4.999999999999997335, 5.999999999999993783, 34.69999999999999574 ) ) ;
#2991 = EDGE_CURVE ( 'NONE', #4358, #467, #3225, .T. ) ;
#2992 = CARTESIAN_POINT ( 'NONE',  ( 0.000000000000000000, 2.000000000000000000, 55.00000000000000000 ) ) ;
#2993 = FACE_OUTER_BOUND ( 'NONE', #1675, .T. ) ;
#2994 = ORIENTED_EDGE ( 'NONE', *, *, #3767, .T. ) ;
#2995 = FACE_OUTER_BOUND ( 'NONE', #3024, .T. ) ;
#2996 = UNCERTAINTY_MEASURE_WITH_UNIT (LENGTH_MEASURE( 1.000000000000000082E-05 ), #2890, 'distance_accuracy_value', 'NONE');
#2997 = ORIENTED_EDGE ( 'NONE', *, *, #5110, .F. ) ;
#2998 = LINE ( 'NONE', #880, #3963 ) ;
#2999 = ORIENTED_EDGE ( 'NONE', *, *, #1045, .T. ) ;
#3000 = DIRECTION ( 'NONE',  ( -0.000000000000000000, -1.000000000000000000, -0.000000000000000000 ) ) ;
#3001 = CARTESIAN_POINT ( 'NONE',  ( 7.249999999999999112, 30.99999999999999645, 52.75000000000000000 ) ) ;
#3002 = LINE ( 'NONE', #4102, #1126 ) ;
#3003 = CARTESIAN_POINT ( 'NONE',  ( 10.00000000000000178, -7.372574772901430151E-15, 59.99999999999998579 ) ) ;
#3004 = EDGE_CURVE ( 'NONE', #2143, #5050, #4656, .T. ) ;
#3005 = DIRECTION ( 'NONE',  ( 0.000000000000000000, 0.000000000000000000, -1.000000000000000000 ) ) ;
#3006 = FACE_BOUND ( 'NONE', #2176, .T. ) ;
#3007 =( BOUNDED_CURVE ( )  B_SPLINE_CURVE ( 3, ( #3861, #249, #4261, #4315 ),
 .UNSPECIFIED., .F., .T. ) 
 B_SPLINE_CURVE_WITH_KNOTS ( ( 4, 4 ),
 ( 1.570796326794896558, 3.141592653589793116 ),
 .UNSPECIFIED. ) 
 CURVE ( )  GEOMETRIC_REPRESENTATION_ITEM ( )  RATIONAL_B_SPLINE_CURVE ( ( 1.000000000000000000, 0.8047378541243649375, 0.8047378541243649375, 1.000000000000000000 ) ) 
 REPRESENTATION_ITEM ( '' )  );
#3008 = AXIS2_PLACEMENT_3D ( 'NONE', #1448, #2382, #3821 ) ;
#3009 = VERTEX_POINT ( 'NONE', #3295 ) ;
#3010 = CARTESIAN_POINT ( 'NONE',  ( 43.54999999999947846, 4.649999999999999467, 23.45000000000008811 ) ) ;
#3011 = FACE_BOUND ( 'NONE', #4033, .T. ) ;
#3012 = VERTEX_POINT ( 'NONE', #361 ) ;
#3013 = VECTOR ( 'NONE', #938, 1000.000000000000000 ) ;
#3014 = EDGE_CURVE ( 'NONE', #1135, #4406, #1592, .T. ) ;
#3015 = CARTESIAN_POINT ( 'NONE',  ( 48.00000000000000000, 28.99999999999999645, 12.00000000000000000 ) ) ;
#3016 = CIRCLE ( 'NONE', #705, 5.999999999999998224 ) ;
#3017 = EDGE_LOOP ( 'NONE', ( #4939, #3842, #1258, #519 ) ) ;
#3018 = ORIENTED_EDGE ( 'NONE', *, *, #5111, .T. ) ;
#3019 = CARTESIAN_POINT ( 'NONE',  ( 10.25000000000000178, 3.500000000000001332, 0.000000000000000000 ) ) ;
#3020 = CARTESIAN_POINT ( 'NONE',  ( 75.00000000000000000, 2.600000000000000089, 0.000000000000000000 ) ) ;
#3021 = EDGE_CURVE ( 'NONE', #768, #1743, #732, .T. ) ;
#3022 = ORIENTED_EDGE ( 'NONE', *, *, #5207, .F. ) ;
#3023 = DIRECTION ( 'NONE',  ( 0.000000000000000000, -1.000000000000000000, 0.000000000000000000 ) ) ;
#3024 = EDGE_LOOP ( 'NONE', ( #2739, #950, #3694, #606 ) ) ;
#3025 = DIRECTION ( 'NONE',  ( -1.000000000000000000, 0.000000000000000000, -1.387778780781445676E-15 ) ) ;
#3026 = VERTEX_POINT ( 'NONE', #1618 ) ;
#3027 = FACE_OUTER_BOUND ( 'NONE', #4333, .T. ) ;
#3028 = CARTESIAN_POINT ( 'NONE',  ( 1.000000000000000000, 1.000000000000000000, 51.00000000000000000 ) ) ;
#3029 = DIRECTION ( 'NONE',  ( -0.7071067811865469066, -0.000000000000000000, -0.7071067811865482389 ) ) ;
#3030 = LINE ( 'NONE', #5085, #4876 ) ;
#3031 = CARTESIAN_POINT ( 'NONE',  ( 13.29999999999999893, 5.949999999999999289, 0.000000000000000000 ) ) ;
#3032 = CARTESIAN_POINT ( 'NONE',  ( 60.00000000000000000, 29.19999999999999218, -10.09999999999999787 ) ) ;
#3033 = AXIS2_PLACEMENT_3D ( 'NONE', #1772, #2604, #1355 ) ;
#3034 = LINE ( 'NONE', #1940, #4689 ) ;
#3035 = ADVANCED_FACE ( 'NONE', ( #4894, #3654 ), #4871, .F. ) ;
#3036 = ORIENTED_EDGE ( 'NONE', *, *, #2785, .F. ) ;
#3037 = CARTESIAN_POINT ( 'NONE',  ( 1.000000000000000000, 1.000000000000000000, 51.00000000000000000 ) ) ;
#3038 = PLANE ( 'NONE',  #4568 ) ;
#3039 = VERTEX_POINT ( 'NONE', #833 ) ;
#3040 = VECTOR ( 'NONE', #4296, 1000.000000000000000 ) ;
#3041 = DIRECTION ( 'NONE',  ( 1.000000000000000000, 0.000000000000000000, 0.000000000000000000 ) ) ;
#3042 = VECTOR ( 'NONE', #3601, 1000.000000000000000 ) ;
#3043 = ORIENTED_EDGE ( 'NONE', *, *, #1226, .T. ) ;
#3044 = VERTEX_POINT ( 'NONE', #3271 ) ;
#3045 = ADVANCED_FACE ( 'NONE', ( #2877 ), #2487, .T. ) ;
#3046 = CARTESIAN_POINT ( 'NONE',  ( 39.73461091671529033, 1.199999999999997513, -2.600000000000000089 ) ) ;
#3047 = DIRECTION ( 'NONE',  ( -0.000000000000000000, 1.000000000000000000, 1.192622389734055124E-16 ) ) ;
#3048 = EDGE_CURVE ( 'NONE', #4691, #2317, #2386, .T. ) ;
#3049 = ORIENTED_EDGE ( 'NONE', *, *, #156, .T. ) ;
#3050 = ORIENTED_EDGE ( 'NONE', *, *, #3505, .T. ) ;
#3051 = VECTOR ( 'NONE', #2299, 1000.000000000000000 ) ;
#3052 = ADVANCED_BREP_SHAPE_REPRESENTATION ( '', ( #586, #3931 ), #3155 ) ;
#3053 = DIRECTION ( 'NONE',  ( -0.000000000000000000, 1.257045997084642611E-16, -1.000000000000000000 ) ) ;
#3054 = ORIENTED_EDGE ( 'NONE', *, *, #599, .F. ) ;
#3055 = CARTESIAN_POINT ( 'NONE',  ( 5.103553390593273953, 2.595497678669858477, -6.500000000000001776 ) ) ;
#3056 = VERTEX_POINT ( 'NONE', #2949 ) ;
#3057 = DIRECTION ( 'NONE',  ( -0.000000000000000000, -0.000000000000000000, -1.000000000000000000 ) ) ;
#3058 = DIRECTION ( 'NONE',  ( -0.000000000000000000, 1.000000000000000000, 1.192622389734055124E-16 ) ) ;
#3059 = DIRECTION ( 'NONE',  ( -0.000000000000000000, -1.000000000000000000, -0.000000000000000000 ) ) ;
#3060 = CARTESIAN_POINT ( 'NONE',  ( 75.00000000000000000, 8.199999999999999289, -22.59999999999999787 ) ) ;
#3061 = CARTESIAN_POINT ( 'NONE',  ( 18.19999999999999929, 5.949999999999999289, 2.000000000000000000 ) ) ;
#3062 = ADVANCED_FACE ( 'NONE', ( #4626 ), #4921, .F. ) ;
#3063 = VERTEX_POINT ( 'NONE', #3378 ) ;
#3064 = LINE ( 'NONE', #171, #5277 ) ;
#3065 = ORIENTED_EDGE ( 'NONE', *, *, #4292, .T. ) ;
#3066 = CARTESIAN_POINT ( 'NONE',  ( 75.00000000000000000, 4.599999999999999645, -8.000000000000000000 ) ) ;
#3067 = ORIENTED_EDGE ( 'NONE', *, *, #4191, .F. ) ;
#3068 = CARTESIAN_POINT ( 'NONE',  ( 19.75000000000000000, 5.500000000000005329, -0.5000000000000000000 ) ) ;
#3069 = VECTOR ( 'NONE', #997, 1000.000000000000000 ) ;
#3070 = ORIENTED_EDGE ( 'NONE', *, *, #1155, .F. ) ;
#3071 = VERTEX_POINT ( 'NONE', #939 ) ;
#3072 = CARTESIAN_POINT ( 'NONE',  ( 37.49999999999999289, 28.99999999999999645, 47.99999999999997868 ) ) ;
#3073 = EDGE_CURVE ( 'NONE', #3039, #1895, #3730, .T. ) ;
#3074 = LINE ( 'NONE', #154, #541 ) ;
#3075 = EDGE_CURVE ( 'NONE', #80, #2003, #858, .T. ) ;
#3076 = ORIENTED_EDGE ( 'NONE', *, *, #411, .T. ) ;
#3077 = VERTEX_POINT ( 'NONE', #884 ) ;
#3078 = DIRECTION ( 'NONE',  ( 0.000000000000000000, 1.000000000000000000, 0.000000000000000000 ) ) ;
#3079 = ORIENTED_EDGE ( 'NONE', *, *, #5098, .T. ) ;
#3080 = CARTESIAN_POINT ( 'NONE',  ( 10.00000000000000178, 33.99999999999999289, 49.99999999999997868 ) ) ;
#3081 = EDGE_CURVE ( 'NONE', #3462, #121, #964, .T. ) ;
#3082 = DIRECTION ( 'NONE',  ( -0.000000000000000000, -1.097926250618233136E-16, 1.000000000000000000 ) ) ;
#3083 = CARTESIAN_POINT ( 'NONE',  ( 18.25000000000000000, 5.500000000000005329, -2.000000000000000000 ) ) ;
#3084 = FACE_OUTER_BOUND ( 'NONE', #1955, .T. ) ;
#3085 = CARTESIAN_POINT ( 'NONE',  ( 10.25000000000000178, 3.500000000000001332, -0.5000000000000000000 ) ) ;
#3086 = VECTOR ( 'NONE', #657, 1000.000000000000000 ) ;
#3087 = VERTEX_POINT ( 'NONE', #4578 ) ;
#3088 = EDGE_CURVE ( 'NONE', #1681, #982, #3322, .T. ) ;
#3089 = EDGE_CURVE ( 'NONE', #876, #4611, #56, .T. ) ;
#3090 = DIRECTION ( 'NONE',  ( 0.000000000000000000, -1.097926250618233259E-16, 1.000000000000000000 ) ) ;
#3091 = ORIENTED_EDGE ( 'NONE', *, *, #2205, .T. ) ;
#3092 = FACE_OUTER_BOUND ( 'NONE', #4217, .T. ) ;
#3093 = DIRECTION ( 'NONE',  ( -5.337610695313254343E-16, -1.000000000000000000, -0.000000000000000000 ) ) ;
#3094 = ORIENTED_EDGE ( 'NONE', *, *, #4519, .F. ) ;
#3095 = CARTESIAN_POINT ( 'NONE',  ( 12.00000000000000178, 18.99999999999999645, 47.99999999999997868 ) ) ;
#3096 = ORIENTED_EDGE ( 'NONE', *, *, #1567, .T. ) ;
#3097 = ORIENTED_EDGE ( 'NONE', *, *, #2664, .F. ) ;
#3098 = DIRECTION ( 'NONE',  ( -0.1391731009600624958, 0.000000000000000000, -0.9902680687415708061 ) ) ;
#3099 = DIRECTION ( 'NONE',  ( -1.000000000000000000, -0.000000000000000000, -0.000000000000000000 ) ) ;
#3100 = VECTOR ( 'NONE', #1301, 1000.000000000000000 ) ;
#3101 = VECTOR ( 'NONE', #2965, 1000.000000000000000 ) ;
#3102 = EDGE_CURVE ( 'NONE', #1128, #185, #4550, .T. ) ;
#3103 = ORIENTED_EDGE ( 'NONE', *, *, #2691, .T. ) ;
#3104 = ORIENTED_EDGE ( 'NONE', *, *, #34, .F. ) ;
#3105 = DIRECTION ( 'NONE',  ( -0.1391731009600624958, 0.000000000000000000, 0.9902680687415708061 ) ) ;
#3106 = EDGE_LOOP ( 'NONE', ( #3256, #5130, #3388, #2015 ) ) ;
#3107 = DIRECTION ( 'NONE',  ( -0.000000000000000000, -0.000000000000000000, 1.000000000000000000 ) ) ;
#3108 = ORIENTED_EDGE ( 'NONE', *, *, #5011, .T. ) ;
#3109 = CARTESIAN_POINT ( 'NONE',  ( 0.000000000000000000, 4.649999999999999467, -20.09999999999999432 ) ) ;
#3110 = CARTESIAN_POINT ( 'NONE',  ( 18.24999999999999645, 3.500000000000002220, -2.000000000000000000 ) ) ;
#3111 = CARTESIAN_POINT ( 'NONE',  ( 51.75000000000000000, 28.99999999999999645, 37.50000000000000711 ) ) ;
#3112 = ADVANCED_FACE ( 'NONE', ( #4523, #464, #3349 ), #2536, .F. ) ;
#3113 = DIRECTION ( 'NONE',  ( -1.239088197126291310E-16, 1.000000000000000000, -0.000000000000000000 ) ) ;
#3114 = ORIENTED_EDGE ( 'NONE', *, *, #1395, .F. ) ;
#3115 = FACE_OUTER_BOUND ( 'NONE', #976, .T. ) ;
#3116 = CARTESIAN_POINT ( 'NONE',  ( -1.858632295689436595E-16, 3.500000000000000000, -3.500000000000003109 ) ) ;
#3117 = AXIS2_PLACEMENT_3D ( 'NONE', #667, #2319, #184 ) ;
#3118 = ORIENTED_EDGE ( 'NONE', *, *, #3183, .T. ) ;
#3119 = PLANE ( 'NONE',  #2944 ) ;
#3120 = AXIS2_PLACEMENT_3D ( 'NONE', #2615, #4235, #571 ) ;
#3121 = ORIENTED_EDGE ( 'NONE', *, *, #786, .F. ) ;
#3122 = AXIS2_PLACEMENT_3D ( 'NONE', #60, #87, #517 ) ;
#3123 = VECTOR ( 'NONE', #2475, 1000.000000000000000 ) ;
#3124 = ORIENTED_EDGE ( 'NONE', *, *, #5285, .T. ) ;
#3125 = FACE_OUTER_BOUND ( 'NONE', #4775, .T. ) ;
#3126 = DIRECTION ( 'NONE',  ( 0.000000000000000000, -1.000000000000000000, 0.000000000000000000 ) ) ;
#3127 = AXIS2_PLACEMENT_3D ( 'NONE', #4373, #3174, #1075 ) ;
#3128 = ORIENTED_EDGE ( 'NONE', *, *, #4991, .F. ) ;
#3129 = DIRECTION ( 'NONE',  ( 0.000000000000000000, 0.000000000000000000, 1.000000000000000000 ) ) ;
#3130 = EDGE_LOOP ( 'NONE', ( #42, #3331, #1059, #4855 ) ) ;
#3131 = LINE ( 'NONE', #4675, #4627 ) ;
#3132 = LINE ( 'NONE', #5159, #2154 ) ;
#3133 = ADVANCED_FACE ( 'NONE', ( #2104 ), #2130, .F. ) ;
#3134 = AXIS2_PLACEMENT_3D ( 'NONE', #1351, #2656, #3447 ) ;
#3135 = DIRECTION ( 'NONE',  ( 0.000000000000000000, 0.000000000000000000, -1.000000000000000000 ) ) ;
#3136 = ORIENTED_EDGE ( 'NONE', *, *, #2243, .T. ) ;
#3137 =( LENGTH_UNIT ( ) NAMED_UNIT ( * ) SI_UNIT ( .MILLI., .METRE. ) );
#3138 = LINE ( 'NONE', #2268, #2021 ) ;
#3139 = CARTESIAN_POINT ( 'NONE',  ( 10.75000000000000000, 24.36067977499790871, -9.999999999999998224 ) ) ;
#3140 = ADVANCED_FACE ( 'NONE', ( #2564 ), #85, .F. ) ;
#3141 = VECTOR ( 'NONE', #1422, 1000.000000000000000 ) ;
#3142 = ADVANCED_FACE ( 'NONE', ( #5032 ), #2160, .F. ) ;
#3143 = CARTESIAN_POINT ( 'NONE',  ( 75.00000000000000000, -1.836970198721029441E-17, -2.600000000000000089 ) ) ;
#3144 = LINE ( 'NONE', #4770, #2966 ) ;
#3145 = CLOSED_SHELL ( 'NONE', ( #3481, #4896, #1485, #2732, #3035, #1753, #2227, #3214, #3673, #570, #3552, #4170, #3140, #4186, #1372, #1919, #3725, #3142, #459, #2407, #3343, #4133, #4035, #4223, #4638, #624, #460, #3531, #3062, #3313, #3312, #2279, #2217, #4159, #4331, #2173, #398, #3699, #3566 ) ) ;
#3146 = CARTESIAN_POINT ( 'NONE',  ( -2.385244779468110149E-15, 5.499999999999998224, -0.5000000000000000000 ) ) ;
#3147 = ORIENTED_EDGE ( 'NONE', *, *, #4859, .T. ) ;
#3148 = PLANE ( 'NONE',  #3334 ) ;
#3149 = EDGE_CURVE ( 'NONE', #930, #1366, #4977, .T. ) ;
#3150 = ORIENTED_EDGE ( 'NONE', *, *, #2596, .T. ) ;
#3151 =( REPRESENTATION_RELATIONSHIP ('NONE','NONE', #1324, #2064 ) REPRESENTATION_RELATIONSHIP_WITH_TRANSFORMATION ( #4860 )SHAPE_REPRESENTATION_RELATIONSHIP( ) );
#3152 = VERTEX_POINT ( 'NONE', #3003 ) ;
#3153 = DIRECTION ( 'NONE',  ( 0.000000000000000000, -1.000000000000000000, 0.000000000000000000 ) ) ;
#3154 = VECTOR ( 'NONE', #4769, 1000.000000000000000 ) ;
#3155 =( GEOMETRIC_REPRESENTATION_CONTEXT ( 3 ) GLOBAL_UNCERTAINTY_ASSIGNED_CONTEXT ( ( #5023 ) ) GLOBAL_UNIT_ASSIGNED_CONTEXT ( ( #1914, #1015, #4339 ) ) REPRESENTATION_CONTEXT ( 'NONE', 'WORKASPACE' ) );
#3156 = CARTESIAN_POINT ( 'NONE',  ( 37.49999999999999289, 30.99999999999999645, 51.75000000000000000 ) ) ;
#3157 = VECTOR ( 'NONE', #53, 1000.000000000000000 ) ;
#3158 = ORIENTED_EDGE ( 'NONE', *, *, #4391, .T. ) ;
#3159 = EDGE_CURVE ( 'NONE', #4540, #1437, #1752, .T. ) ;
#3160 = ADVANCED_FACE ( 'NONE', ( #1339 ), #2979, .F. ) ;
#3161 = ORIENTED_EDGE ( 'NONE', *, *, #391, .F. ) ;
#3162 = CARTESIAN_POINT ( 'NONE',  ( 19.74999999999999645, 0.5000000000000056621, 0.000000000000000000 ) ) ;
#3163 = ORIENTED_EDGE ( 'NONE', *, *, #4269, .T. ) ;
#3164 = LINE ( 'NONE', #3640, #4046 ) ;
#3165 = CARTESIAN_POINT ( 'NONE',  ( 75.00000000000000000, 1.199999999999997513, -2.600000000000000089 ) ) ;
#3166 = ORIENTED_EDGE ( 'NONE', *, *, #4519, .T. ) ;
#3167 = ORIENTED_EDGE ( 'NONE', *, *, #1313, .F. ) ;
#3168 = CYLINDRICAL_SURFACE ( 'NONE', #639, 0.2500000000000002220 ) ;
#3169 = PLANE ( 'NONE',  #2633 ) ;
#3170 = EDGE_CURVE ( 'NONE', #1366, #900, #3838, .T. ) ;
#3171 = PLANE ( 'NONE',  #4931 ) ;
#3172 = ORIENTED_EDGE ( 'NONE', *, *, #224, .F. ) ;
#3173 = DIRECTION ( 'NONE',  ( 0.000000000000000000, 0.000000000000000000, 1.000000000000000000 ) ) ;
#3174 = DIRECTION ( 'NONE',  ( -0.000000000000000000, 0.000000000000000000, 1.000000000000000000 ) ) ;
#3175 = ORIENTED_EDGE ( 'NONE', *, *, #2590, .F. ) ;
#3176 = CARTESIAN_POINT ( 'NONE',  ( 75.00000000000000000, 8.199999999999999289, -22.59999999999999787 ) ) ;
#3177 = ORIENTED_EDGE ( 'NONE', *, *, #1901, .T. ) ;
#3178 = EDGE_CURVE ( 'NONE', #3532, #289, #2943, .T. ) ;
#3179 = VERTEX_POINT ( 'NONE', #3110 ) ;
#3180 = FACE_OUTER_BOUND ( 'NONE', #4677, .T. ) ;
#3181 = CARTESIAN_POINT ( 'NONE',  ( 0.000000000000000000, 2.000000000000000000, 51.00000000000000000 ) ) ;
#3182 = AXIS2_PLACEMENT_3D ( 'NONE', #895, #2963, #1768 ) ;
#3183 = EDGE_CURVE ( 'NONE', #1540, #4278, #5108, .T. ) ;
#3184 = VERTEX_POINT ( 'NONE', #649 ) ;
#3185 = AXIS2_PLACEMENT_3D ( 'NONE', #1965, #2474, #3591 ) ;
#3186 = DIRECTION ( 'NONE',  ( 0.000000000000000000, -1.000000000000000000, 0.000000000000000000 ) ) ;
#3187 = VERTEX_POINT ( 'NONE', #5086 ) ;
#3188 = CARTESIAN_POINT ( 'NONE',  ( 0.000000000000000000, -4.000000000000000000, 0.000000000000000000 ) ) ;
#3189 = CARTESIAN_POINT ( 'NONE',  ( 60.00000000000000000, -3.000000000000000888, 8.000000000000000000 ) ) ;
#3190 = ADVANCED_FACE ( 'NONE', ( #674 ), #1886, .T. ) ;
#3191 = VECTOR ( 'NONE', #1543, 1000.000000000000000 ) ;
#3192 = VERTEX_POINT ( 'NONE', #4736 ) ;
#3193 = DIRECTION ( 'NONE',  ( 1.000000000000000000, 0.000000000000000000, 0.000000000000000000 ) ) ;
#3194 = CARTESIAN_POINT ( 'NONE',  ( 18.25000000000000000, 2.000000000000002220, -0.5000000000000000000 ) ) ;
#3195 = DIRECTION ( 'NONE',  ( 0.000000000000000000, -1.000000000000000000, 0.000000000000000000 ) ) ;
#3196 = EDGE_LOOP ( 'NONE', ( #4385, #4756, #130, #1935 ) ) ;
#3197 = DIRECTION ( 'NONE',  ( -0.000000000000000000, 1.000000000000000000, 1.187392209762482313E-16 ) ) ;
#3198 = DIRECTION ( 'NONE',  ( 0.000000000000000000, 0.000000000000000000, -1.000000000000000000 ) ) ;
#3199 = EDGE_LOOP ( 'NONE', ( #655, #4515, #3957, #5150, #821 ) ) ;
#3200 = DIRECTION ( 'NONE',  ( 0.7071067811865469066, -0.000000000000000000, 0.7071067811865482389 ) ) ;
#3201 = EDGE_CURVE ( 'NONE', #1236, #4913, #3946, .T. ) ;
#3202 = ORIENTED_EDGE ( 'NONE', *, *, #1022, .T. ) ;
#3203 = DIRECTION ( 'NONE',  ( 1.000000000000000000, 0.000000000000000000, 0.000000000000000000 ) ) ;
#3204 = ORIENTED_EDGE ( 'NONE', *, *, #4978, .F. ) ;
#3205 = DIRECTION ( 'NONE',  ( 1.000000000000000000, 1.323094176592479975E-16, 0.000000000000000000 ) ) ;
#3206 = LINE ( 'NONE', #3586, #871 ) ;
#3207 = AXIS2_PLACEMENT_3D ( 'NONE', #4394, #724, #2820 ) ;
#3208 = ORIENTED_EDGE ( 'NONE', *, *, #3363, .F. ) ;
#3209 = VERTEX_POINT ( 'NONE', #221 ) ;
#3210 = LINE ( 'NONE', #3236, #3435 ) ;
#3211 = DIRECTION ( 'NONE',  ( 4.163336342344337027E-15, 1.301042606982605321E-16, -1.000000000000000000 ) ) ;
#3212 = AXIS2_PLACEMENT_3D ( 'NONE', #1186, #2417, #1985 ) ;
#3213 = CYLINDRICAL_SURFACE ( 'NONE', #4148, 9.999999999999998224 ) ;
#3214 = ADVANCED_FACE ( 'NONE', ( #1421 ), #1917, .F. ) ;
#3215 = SHAPE_REPRESENTATION_RELATIONSHIP ( 'NONE' , 'NONE' ,  #3693, #40 ) ;
#3216 = EDGE_LOOP ( 'NONE', ( #4619, #5266, #3446, #1905 ) ) ;
#3217 = CARTESIAN_POINT ( 'NONE',  ( 12.00000000000000711, 28.99999999999999645, 1.486905836551550262E-15 ) ) ;
#3218 = LINE ( 'NONE', #4840, #317 ) ;
#3219 = VECTOR ( 'NONE', #4436, 1000.000000000000000 ) ;
#3220 = EDGE_LOOP ( 'NONE', ( #3682, #2320, #666, #1602 ) ) ;
#3221 = CARTESIAN_POINT ( 'NONE',  ( 60.00000000000000000, 1.999999999999994005, 47.99999999999997868 ) ) ;
#3222 = EDGE_LOOP ( 'NONE', ( #4573, #3326, #1880, #2729, #2007, #3375 ) ) ;
#3223 = LINE ( 'NONE', #2005, #4206 ) ;
#3224 = EDGE_CURVE ( 'NONE', #3056, #1399, #3138, .T. ) ;
#3225 = LINE ( 'NONE', #4474, #3290 ) ;
#3226 = EDGE_CURVE ( 'NONE', #1458, #1565, #4316, .T. ) ;
#3227 = VECTOR ( 'NONE', #5109, 1000.000000000000000 ) ;
#3228 = DIRECTION ( 'NONE',  ( -0.000000000000000000, 1.000000000000000000, 0.000000000000000000 ) ) ;
#3229 = ORIENTED_EDGE ( 'NONE', *, *, #3449, .T. ) ;
#3230 = CARTESIAN_POINT ( 'NONE',  ( 0.000000000000000000, 0.000000000000000000, 0.000000000000000000 ) ) ;
#3231 = ORIENTED_EDGE ( 'NONE', *, *, #4354, .T. ) ;
#3232 = DIRECTION ( 'NONE',  ( 0.7071067811865469066, -0.000000000000000000, 0.7071067811865482389 ) ) ;
#3233 = CIRCLE ( 'NONE', #4178, 10.00000000000000178 ) ;
#3234 = ADVANCED_FACE ( 'NONE', ( #251 ), #4766, .F. ) ;
#3235 = ORIENTED_EDGE ( 'NONE', *, *, #3004, .T. ) ;
#3236 = CARTESIAN_POINT ( 'NONE',  ( 7.249999999999999112, 30.99999999999999645, 52.75000000000000000 ) ) ;
#3237 = CARTESIAN_POINT ( 'NONE',  ( 12.00000000000000355, 28.99999999999999645, 22.49999999999999289 ) ) ;
#3238 = CARTESIAN_POINT ( 'NONE',  ( 75.00000000000000000, -1.836970198721029441E-17, -2.600000000000000089 ) ) ;
#3239 = EDGE_CURVE ( 'NONE', #3344, #3063, #1504, .T. ) ;
#3240 = VECTOR ( 'NONE', #1418, 1000.000000000000000 ) ;
#3241 = APPLICATION_PROTOCOL_DEFINITION ( 'draft international standard', 'automotive_design', 1998, #3797 ) ;
#3242 = VERTEX_POINT ( 'NONE', #4682 ) ;
#3243 = ADVANCED_FACE ( 'NONE', ( #3084 ), #2668, .F. ) ;
#3244 = DIRECTION ( 'NONE',  ( -0.000000000000000000, -0.000000000000000000, -1.000000000000000000 ) ) ;
#3245 = CARTESIAN_POINT ( 'NONE',  ( 36.01774279923060362, 4.099999999999999645, 53.00000000000000000 ) ) ;
#3246 = DIRECTION ( 'NONE',  ( 1.000000000000000000, 1.239088197126291063E-16, -0.000000000000000000 ) ) ;
#3247 = CARTESIAN_POINT ( 'NONE',  ( 13.29999999999999893, 4.049999999999999822, 2.000000000000000000 ) ) ;
#3248 = CARTESIAN_POINT ( 'NONE',  ( 35.26538908328470256, -1.836970198721029441E-17, -2.600000000000000089 ) ) ;
#3249 = EDGE_CURVE ( 'NONE', #790, #3877, #978, .T. ) ;
#3250 = EDGE_CURVE ( 'NONE', #4801, #2097, #4653, .T. ) ;
#3251 = VERTEX_POINT ( 'NONE', #3031 ) ;
#3252 = LINE ( 'NONE', #1621, #4484 ) ;
#3253 = ORIENTED_EDGE ( 'NONE', *, *, #4864, .T. ) ;
#3254 = DIRECTION ( 'NONE',  ( 1.000000000000000000, 4.336808689942019708E-16, -0.000000000000000000 ) ) ;
#3255 = VECTOR ( 'NONE', #2442, 1000.000000000000000 ) ;
#3256 = ORIENTED_EDGE ( 'NONE', *, *, #1226, .F. ) ;
#3257 = ORIENTED_EDGE ( 'NONE', *, *, #3633, .F. ) ;
#3258 = DIRECTION ( 'NONE',  ( 0.000000000000000000, 0.000000000000000000, -1.000000000000000000 ) ) ;
#3259 = LINE ( 'NONE', #4091, #1129 ) ;
#3260 = CARTESIAN_POINT ( 'NONE',  ( 75.00000000000000000, 1.199999999999997513, -2.600000000000000089 ) ) ;
#3261 = VECTOR ( 'NONE', #1860, 1000.000000000000000 ) ;
#3262 = ADVANCED_FACE ( 'NONE', ( #2239 ), #992, .F. ) ;
#3263 =( LENGTH_UNIT ( ) NAMED_UNIT ( * ) SI_UNIT ( .MILLI., .METRE. ) );
#3264 = EDGE_LOOP ( 'NONE', ( #1152, #4429, #2024, #611 ) ) ;
#3265 = VECTOR ( 'NONE', #2078, 1000.000000000000000 ) ;
#3266 = CARTESIAN_POINT ( 'NONE',  ( 75.00000000000000000, 8.199999999999999289, -19.59999999999999787 ) ) ;
#3267 = CIRCLE ( 'NONE', #1207, 10.00000000000000178 ) ;
#3268 = LINE ( 'NONE', #4891, #1967 ) ;
#3269 = DIRECTION ( 'NONE',  ( 0.000000000000000000, 1.187392209762482313E-16, -1.000000000000000000 ) ) ;
#3270 = CARTESIAN_POINT ( 'NONE',  ( 39.73461091671529033, -1.836970198721029441E-17, -2.600000000000000089 ) ) ;
#3271 = CARTESIAN_POINT ( 'NONE',  ( 22.50000000000000711, 28.99999999999999645, 15.37500000000000000 ) ) ;
#3272 = FACE_OUTER_BOUND ( 'NONE', #4791, .T. ) ;
#3273 = EDGE_CURVE ( 'NONE', #266, #3009, #3459, .T. ) ;
#3274 = ORIENTED_EDGE ( 'NONE', *, *, #232, .F. ) ;
#3275 = LINE ( 'NONE', #4084, #3555 ) ;
#3276 = ORIENTED_EDGE ( 'NONE', *, *, #294, .F. ) ;
#3277 = LINE ( 'NONE', #2113, #4196 ) ;
#3278 = ORIENTED_EDGE ( 'NONE', *, *, #379, .F. ) ;
#3279 = FACE_OUTER_BOUND ( 'NONE', #604, .T. ) ;
#3280 = AXIS2_PLACEMENT_3D ( 'NONE', #2177, #3802, #4569 ) ;
#3281 = LINE ( 'NONE', #506, #3353 ) ;
#3282 = PLANE ( 'NONE',  #4538 ) ;
#3283 = VECTOR ( 'NONE', #2354, 1000.000000000000000 ) ;
#3284 = PRODUCT_CONTEXT ( 'NONE', #2233, 'mechanical' ) ;
#3285 = ORIENTED_EDGE ( 'NONE', *, *, #4703, .T. ) ;
#3286 = VECTOR ( 'NONE', #324, 1000.000000000000000 ) ;
#3287 = CARTESIAN_POINT ( 'NONE',  ( 31.50000000000000000, 2.100000000000000089, 57.00000000000000000 ) ) ;
#3288 = ORIENTED_EDGE ( 'NONE', *, *, #4610, .F. ) ;
#3289 = DIRECTION ( 'NONE',  ( -1.000000000000000000, -0.000000000000000000, -0.000000000000000000 ) ) ;
#3290 = VECTOR ( 'NONE', #2032, 1000.000000000000000 ) ;
#3291 = EDGE_LOOP ( 'NONE', ( #1053, #4187 ) ) ;
#3292 = CARTESIAN_POINT ( 'NONE',  ( 22.49999999999999289, 28.99999999999999645, 44.62500000000000000 ) ) ;
#3293 = LINE ( 'NONE', #3652, #2643 ) ;
#3294 = DIRECTION ( 'NONE',  ( -5.782411586589357639E-16, -1.000000000000000000, -0.000000000000000000 ) ) ;
#3295 = CARTESIAN_POINT ( 'NONE',  ( 5.749999999999994671, -1.000000000000000222, 0.000000000000000000 ) ) ;
#3296 = EDGE_CURVE ( 'NONE', #3044, #2471, #1861, .T. ) ;
#3297 = CARTESIAN_POINT ( 'NONE',  ( 57.99999999999999289, 108.1959594928933086, 57.99999999999999289 ) ) ;
#3298 = CARTESIAN_POINT ( 'NONE',  ( 8.250000000000000000, 28.99999999999999645, 22.49999999999998934 ) ) ;
#3299 = EDGE_CURVE ( 'NONE', #4023, #3573, #4839, .T. ) ;
#3300 = VERTEX_POINT ( 'NONE', #748 ) ;
#3301 = VECTOR ( 'NONE', #1668, 1000.000000000000000 ) ;
#3302 = DIRECTION ( 'NONE',  ( -0.000000000000000000, 0.000000000000000000, -1.000000000000000000 ) ) ;
#3303 = ORIENTED_EDGE ( 'NONE', *, *, #340, .F. ) ;
#3304 = ADVANCED_FACE ( 'NONE', ( #1197 ), #3568, .F. ) ;
#3305 = DIRECTION ( 'NONE',  ( -1.000000000000000000, -0.000000000000000000, -0.000000000000000000 ) ) ;
#3306 = VECTOR ( 'NONE', #219, 1000.000000000000000 ) ;
#3307 = ORIENTED_EDGE ( 'NONE', *, *, #2470, .T. ) ;
#3308 = ORIENTED_EDGE ( 'NONE', *, *, #1463, .F. ) ;
#3309 = DIRECTION ( 'NONE',  ( -0.7071067811865481278, 0.000000000000000000, 0.7071067811865469066 ) ) ;
#3310 = CARTESIAN_POINT ( 'NONE',  ( 20.75000000000000000, 2.000000000000005329, -4.999999999999998224 ) ) ;
#3311 = LINE ( 'NONE', #1711, #1939 ) ;
#3312 = ADVANCED_FACE ( 'NONE', ( #3595 ), #1972, .F. ) ;
#3313 = ADVANCED_FACE ( 'NONE', ( #4469 ), #3168, .F. ) ;
#3314 = DIRECTION ( 'NONE',  ( -1.239088197126291063E-16, 1.000000000000000000, -0.000000000000000000 ) ) ;
#3315 = CARTESIAN_POINT ( 'NONE',  ( 52.75000000000000000, 33.99999999999999289, 52.75000000000000000 ) ) ;
#3316 = EDGE_LOOP ( 'NONE', ( #2502, #4468, #2682, #4559 ) ) ;
#3317 = DIRECTION ( 'NONE',  ( 1.000000000000000000, 0.000000000000000000, 0.000000000000000000 ) ) ;
#3318 = CARTESIAN_POINT ( 'NONE',  ( 0.000000000000000000, 0.000000000000000000, 0.000000000000000000 ) ) ;
#3319 = LINE ( 'NONE', #2053, #5281 ) ;
#3320 = DIRECTION ( 'NONE',  ( -1.000000000000000000, -0.000000000000000000, -0.000000000000000000 ) ) ;
#3321 = LINE ( 'NONE', #138, #702 ) ;
#3322 = LINE ( 'NONE', #4948, #1492 ) ;
#3323 = CARTESIAN_POINT ( 'NONE',  ( 60.00000000000000000, -6.071532165918824830E-15, 47.99999999999997868 ) ) ;
#3324 = VECTOR ( 'NONE', #4580, 1000.000000000000000 ) ;
#3325 = DIRECTION ( 'NONE',  ( 0.000000000000000000, 0.000000000000000000, -1.000000000000000000 ) ) ;
#3326 = ORIENTED_EDGE ( 'NONE', *, *, #1844, .T. ) ;
#3327 = DIRECTION ( 'NONE',  ( -0.000000000000000000, 0.000000000000000000, 1.000000000000000000 ) ) ;
#3328 = ORIENTED_EDGE ( 'NONE', *, *, #915, .T. ) ;
#3329 = DIRECTION ( 'NONE',  ( 1.239088197126291063E-16, 1.187392209762482313E-16, -1.000000000000000000 ) ) ;
#3330 = EDGE_CURVE ( 'NONE', #602, #1565, #1584, .T. ) ;
#3331 = ORIENTED_EDGE ( 'NONE', *, *, #1045, .F. ) ;
#3332 = ORIENTED_EDGE ( 'NONE', *, *, #412, .T. ) ;
#3334 = AXIS2_PLACEMENT_3D ( 'NONE', #5175, #1484, #2361 ) ;
#3333 = CARTESIAN_POINT ( 'NONE',  ( 5.250000000000004441, 1.199999999999997957, -6.999999999999999112 ) ) ;
#3335 = DIRECTION ( 'NONE',  ( -0.7071067811865481278, 0.000000000000000000, 0.7071067811865469066 ) ) ;
#3336 = CARTESIAN_POINT ( 'NONE',  ( 22.50000000000000711, 30.99999999999999645, 15.37500000000000000 ) ) ;
#3337 = EDGE_CURVE ( 'NONE', #3012, #4327, #2798, .T. ) ;
#3338 = CARTESIAN_POINT ( 'NONE',  ( 39.73461091671529033, 1.199999999999997513, -2.600000000000000089 ) ) ;
#3339 = ORIENTED_EDGE ( 'NONE', *, *, #1836, .T. ) ;
#3340 = PLANE ( 'NONE',  #1580 ) ;
#3341 = EDGE_LOOP ( 'NONE', ( #5259, #4601, #26, #2207 ) ) ;
#3342 = CARTESIAN_POINT ( 'NONE',  ( 10.25000000000000178, 2.000000000000001332, -0.5000000000000000000 ) ) ;
#3343 = ADVANCED_FACE ( 'NONE', ( #3621 ), #2026, .T. ) ;
#3344 = VERTEX_POINT ( 'NONE', #2871 ) ;
#3345 = VECTOR ( 'NONE', #530, 1000.000000000000000 ) ;
#3346 = DIRECTION ( 'NONE',  ( -1.000000000000000000, -0.000000000000000000, -0.000000000000000000 ) ) ;
#3347 = CARTESIAN_POINT ( 'NONE',  ( 31.50000000000000000, 2.100000000000000089, 55.00000000000000000 ) ) ;
#3348 = DIRECTION ( 'NONE',  ( 0.7071067811865378028, 0.7071067811865573427, 0.000000000000000000 ) ) ;
#3349 = FACE_OUTER_BOUND ( 'NONE', #1066, .T. ) ;
#3350 = AXIS2_PLACEMENT_3D ( 'NONE', #4283, #4310, #2690 ) ;
#3351 = DIRECTION ( 'NONE',  ( 1.239088197126291063E-16, -1.000000000000000000, 0.000000000000000000 ) ) ;
#3352 = CARTESIAN_POINT ( 'NONE',  ( 21.74999999999999645, -1.000000000000001554, 15.00000000000000000 ) ) ;
#3353 = VECTOR ( 'NONE', #2145, 1000.000000000000000 ) ;
#3354 = ORIENTED_EDGE ( 'NONE', *, *, #1571, .F. ) ;
#3355 = LINE ( 'NONE', #3010, #921 ) ;
#3356 = DIRECTION ( 'NONE',  ( 1.000000000000000000, 0.000000000000000000, 0.000000000000000000 ) ) ;
#3357 = VERTEX_POINT ( 'NONE', #1555 ) ;
#3358 = DIRECTION ( 'NONE',  ( -1.000000000000000000, -1.239088197126290817E-16, -0.000000000000000000 ) ) ;
#3359 = ORIENTED_EDGE ( 'NONE', *, *, #4676, .T. ) ;
#3360 = ORIENTED_EDGE ( 'NONE', *, *, #1736, .T. ) ;
#3361 = CARTESIAN_POINT ( 'NONE',  ( 10.75000000000000000, -1.000000000000000222, -9.999999999999998224 ) ) ;
#3362 = DIRECTION ( 'NONE',  ( -0.000000000000000000, 1.000000000000000000, 0.000000000000000000 ) ) ;
#3363 = EDGE_CURVE ( 'NONE', #64, #48, #2937, .T. ) ;
#3364 = ORIENTED_EDGE ( 'NONE', *, *, #1567, .F. ) ;
#3365 = AXIS2_PLACEMENT_3D ( 'NONE', #2917, #851, #2555 ) ;
#3366 = LINE ( 'NONE', #2915, #4507 ) ;
#3367 = ORIENTED_EDGE ( 'NONE', *, *, #3384, .T. ) ;
#3368 = CARTESIAN_POINT ( 'NONE',  ( 5.250000000000000000, 2.600000000000000089, -6.750000000000000000 ) ) ;
#3369 = ORIENTED_EDGE ( 'NONE', *, *, #994, .F. ) ;
#3370 = CARTESIAN_POINT ( 'NONE',  ( 7.249999999999999112, 30.99999999999999645, 52.75000000000000000 ) ) ;
#3371 = ADVANCED_FACE ( 'NONE', ( #2455 ), #4051, .F. ) ;
#3372 = VECTOR ( 'NONE', #4368, 1000.000000000000000 ) ;
#3373 = CIRCLE ( 'NONE', #1061, 2.000000000000001776 ) ;
#3374 = AXIS2_PLACEMENT_3D ( 'NONE', #2541, #4138, #116 ) ;
#3375 = ORIENTED_EDGE ( 'NONE', *, *, #4017, .T. ) ;
#3376 = DIRECTION ( 'NONE',  ( 1.000000000000000000, 1.445602896647339656E-16, 0.000000000000000000 ) ) ;
#3377 = LINE ( 'NONE', #2640, #58 ) ;
#3378 = CARTESIAN_POINT ( 'NONE',  ( 11.75000000000000355, 5.500000000000003553, 0.000000000000000000 ) ) ;
#3379 = LINE ( 'NONE', #1308, #1423 ) ;
#3380 = DIRECTION ( 'NONE',  ( 0.000000000000000000, -1.000000000000000000, 0.000000000000000000 ) ) ;
#3381 = AXIS2_PLACEMENT_3D ( 'NONE', #2779, #2412, #1642 ) ;
#3382 = ORIENTED_EDGE ( 'NONE', *, *, #778, .T. ) ;
#3383 = EDGE_CURVE ( 'NONE', #443, #1236, #2428, .T. ) ;
#3384 = EDGE_CURVE ( 'NONE', #75, #3063, #1056, .T. ) ;
#3385 = CARTESIAN_POINT ( 'NONE',  ( 18.25000000000000000, 5.500000000000005329, 0.000000000000000000 ) ) ;
#3386 = VERTEX_POINT ( 'NONE', #2049 ) ;
#3387 = LINE ( 'NONE', #1676, #7 ) ;
#3388 = ORIENTED_EDGE ( 'NONE', *, *, #806, .F. ) ;
#3389 = EDGE_LOOP ( 'NONE', ( #3303, #3878, #2276, #916 ) ) ;
#3390 = DIRECTION ( 'NONE',  ( -0.000000000000000000, -0.000000000000000000, 1.000000000000000000 ) ) ;
#3391 = AXIS2_PLACEMENT_3D ( 'NONE', #675, #699, #1124 ) ;
#3392 = DIRECTION ( 'NONE',  ( -0.000000000000000000, 0.000000000000000000, 1.000000000000000000 ) ) ;
#3393 = EDGE_CURVE ( 'NONE', #259, #3848, #1148, .T. ) ;
#3394 = CIRCLE ( 'NONE', #830, 0.2500000000000002220 ) ;
#3395 = FACE_OUTER_BOUND ( 'NONE', #3915, .T. ) ;
#3396 = EDGE_LOOP ( 'NONE', ( #3065, #5142, #736, #1132 ) ) ;
#3397 = DIRECTION ( 'NONE',  ( 1.000000000000000000, 1.239088197126291063E-16, -0.000000000000000000 ) ) ;
#3398 = ORIENTED_EDGE ( 'NONE', *, *, #3582, .F. ) ;
#3399 = DIRECTION ( 'NONE',  ( -1.000000000000000000, 0.000000000000000000, -0.000000000000000000 ) ) ;
#3400 = ORIENTED_EDGE ( 'NONE', *, *, #1542, .F. ) ;
#3401 = EDGE_CURVE ( 'NONE', #257, #3056, #3671, .T. ) ;
#3402 = PLANE ( 'NONE',  #5026 ) ;
#3403 = DIRECTION ( 'NONE',  ( 0.000000000000000000, 0.000000000000000000, -1.000000000000000000 ) ) ;
#3404 = CARTESIAN_POINT ( 'NONE',  ( 37.59999999999999432, -0.2999999999999999334, -2.899999999999999911 ) ) ;
#3405 = VECTOR ( 'NONE', #4742, 1000.000000000000000 ) ;
#3406 = DIRECTION ( 'NONE',  ( 0.000000000000000000, 0.000000000000000000, 1.000000000000000000 ) ) ;
#3407 = CARTESIAN_POINT ( 'NONE',  ( 25.75000000000000355, 2.000000000000005329, -4.999999999999995559 ) ) ;
#3408 = CARTESIAN_POINT ( 'NONE',  ( 5.250000000000000888, -7.400000000000000355, -3.250000000000000444 ) ) ;
#3409 = AXIS2_PLACEMENT_3D ( 'NONE', #4076, #414, #2100 ) ;
#3410 = EDGE_LOOP ( 'NONE', ( #5162, #2011, #2370, #3507, #1727, #3428 ) ) ;
#3411 = CARTESIAN_POINT ( 'NONE',  ( 13.25000000000000178, 5.500000000000004441, -2.000000000000000000 ) ) ;
#3412 = CARTESIAN_POINT ( 'NONE',  ( 0.000000000000000000, -3.000000000000000888, 8.000000000000000000 ) ) ;
#3413 = VERTEX_POINT ( 'NONE', #1123 ) ;
#3414 = CARTESIAN_POINT ( 'NONE',  ( 0.000000000000000000, -6.000000000000000000, 1.999999999999999556 ) ) ;
#3415 = ADVANCED_FACE ( 'NONE', ( #2477 ), #3646, .T. ) ;
#3416 = ORIENTED_EDGE ( 'NONE', *, *, #4103, .F. ) ;
#3417 = ORIENTED_EDGE ( 'NONE', *, *, #494, .F. ) ;
#3418 = DIRECTION ( 'NONE',  ( -1.000000000000000000, -0.000000000000000000, -0.000000000000000000 ) ) ;
#3419 = DIRECTION ( 'NONE',  ( -1.000000000000000000, -1.084202172485504804E-16, 0.000000000000000000 ) ) ;
#3420 = ORIENTED_EDGE ( 'NONE', *, *, #543, .F. ) ;
#3421 = CYLINDRICAL_SURFACE ( 'NONE', #1699, 2.000000000000000000 ) ;
#3422 = EDGE_LOOP ( 'NONE', ( #1009, #5230, #3136, #4970, #2789 ) ) ;
#3423 = LINE ( 'NONE', #1829, #4732 ) ;
#3424 = VERTEX_POINT ( 'NONE', #1 ) ;
#3425 = DIRECTION ( 'NONE',  ( 0.000000000000000000, 1.000000000000000000, 0.000000000000000000 ) ) ;
#3426 = EDGE_CURVE ( 'NONE', #1872, #2403, #4558, .T. ) ;
#3427 = VECTOR ( 'NONE', #471, 1000.000000000000000 ) ;
#3428 = ORIENTED_EDGE ( 'NONE', *, *, #2708, .F. ) ;
#3429 = CARTESIAN_POINT ( 'NONE',  ( 8.250000000000000000, 28.27024810886958051, 37.49999999999998579 ) ) ;
#3430 = CARTESIAN_POINT ( 'NONE',  ( 0.000000000000000000, 4.649999999999999467, -8.000000000000000000 ) ) ;
#3431 = PLANE ( 'NONE',  #2758 ) ;
#3432 = DIRECTION ( 'NONE',  ( 0.000000000000000000, -1.000000000000000000, 6.938893903907228378E-16 ) ) ;
#3433 = DIRECTION ( 'NONE',  ( 0.000000000000000000, 0.000000000000000000, -1.000000000000000000 ) ) ;
#3434 = CARTESIAN_POINT ( 'NONE',  ( 60.00000000000000000, -3.000000000000000888, 5.000000000000000000 ) ) ;
#3435 = VECTOR ( 'NONE', #2369, 1000.000000000000000 ) ;
#3436 = VERTEX_POINT ( 'NONE', #4202 ) ;
#3437 = EDGE_CURVE ( 'NONE', #1818, #1681, #556, .T. ) ;
#3438 = LINE ( 'NONE', #1840, #2563 ) ;
#3439 = DIRECTION ( 'NONE',  ( 1.000000000000000000, 0.000000000000000000, 0.000000000000000000 ) ) ;
#3440 = ORIENTED_EDGE ( 'NONE', *, *, #224, .T. ) ;
#3441 = VECTOR ( 'NONE', #2411, 1000.000000000000000 ) ;
#3442 = CYLINDRICAL_SURFACE ( 'NONE', #4279, 9.999999999999998224 ) ;
#3443 = EDGE_CURVE ( 'NONE', #4594, #2782, #132, .T. ) ;
#3444 = VECTOR ( 'NONE', #1214, 1000.000000000000000 ) ;
#3445 = ORIENTED_EDGE ( 'NONE', *, *, #4163, .T. ) ;
#3446 = ORIENTED_EDGE ( 'NONE', *, *, #2624, .T. ) ;
#3447 = DIRECTION ( 'NONE',  ( -1.000000000000000000, -1.156482317317871725E-15, 0.000000000000000000 ) ) ;
#3448 = CARTESIAN_POINT ( 'NONE',  ( 60.00000000000000000, 5.999999999999993783, 34.69999999999999574 ) ) ;
#3449 = EDGE_CURVE ( 'NONE', #2893, #582, #2940, .T. ) ;
#3450 = CARTESIAN_POINT ( 'NONE',  ( 49.99999999999999289, -6.071532165918824830E-15, 49.99999999999997868 ) ) ;
#3451 = ORIENTED_EDGE ( 'NONE', *, *, #2464, .F. ) ;
#3452 = DIRECTION ( 'NONE',  ( -5.337610695313253357E-16, -1.000000000000000000, 0.000000000000000000 ) ) ;
#3453 = EDGE_LOOP ( 'NONE', ( #2444, #2722, #1003, #2067 ) ) ;
#3454 = LINE ( 'NONE', #1909, #5224 ) ;
#3455 = ORIENTED_EDGE ( 'NONE', *, *, #1119, .F. ) ;
#3456 = DIRECTION ( 'NONE',  ( -1.000000000000000000, -0.000000000000000000, -0.000000000000000000 ) ) ;
#3457 = DIRECTION ( 'NONE',  ( -1.000000000000000000, 0.000000000000000000, -0.000000000000000000 ) ) ;
#3458 = DIRECTION ( 'NONE',  ( -1.000000000000000000, -0.000000000000000000, -0.000000000000000000 ) ) ;
#3459 = LINE ( 'NONE', #625, #2280 ) ;
#3460 = FACE_OUTER_BOUND ( 'NONE', #4697, .T. ) ;
#3461 = CIRCLE ( 'NONE', #1146, 1.500000000000000000 ) ;
#3462 = VERTEX_POINT ( 'NONE', #2150 ) ;
#3463 = EDGE_CURVE ( 'NONE', #4813, #3424, #1330, .T. ) ;
#3464 = CARTESIAN_POINT ( 'NONE',  ( -1.999999999999999556, -1.000000000000000222, 0.000000000000000000 ) ) ;
#3465 = ORIENTED_EDGE ( 'NONE', *, *, #2558, .F. ) ;
#3466 = DIRECTION ( 'NONE',  ( 1.239088197126291063E-16, -1.000000000000000000, 0.000000000000000000 ) ) ;
#3467 = ORIENTED_EDGE ( 'NONE', *, *, #425, .F. ) ;
#3468 = VECTOR ( 'NONE', #2858, 1000.000000000000000 ) ;
#3469 = DIRECTION ( 'NONE',  ( -4.869399230812090436E-16, -0.000000000000000000, 1.000000000000000000 ) ) ;
#3470 = ORIENTED_EDGE ( 'NONE', *, *, #2545, .T. ) ;
#3471 = EDGE_CURVE ( 'NONE', #2303, #958, #25, .T. ) ;
#3472 = ORIENTED_EDGE ( 'NONE', *, *, #2991, .T. ) ;
#3473 = DIRECTION ( 'NONE',  ( 1.000000000000000000, -8.673617379884038430E-16, 0.000000000000000000 ) ) ;
#3474 = DIRECTION ( 'NONE',  ( -4.869399230812090436E-16, -0.000000000000000000, 1.000000000000000000 ) ) ;
#3475 = ORIENTED_EDGE ( 'NONE', *, *, #2574, .F. ) ;
#3476 = ORIENTED_EDGE ( 'NONE', *, *, #4741, .T. ) ;
#3477 = VECTOR ( 'NONE', #383, 1000.000000000000000 ) ;
#3478 = LINE ( 'NONE', #3831, #1309 ) ;
#3479 = EDGE_LOOP ( 'NONE', ( #3231, #1978, #4831, #5234 ) ) ;
#3480 = CARTESIAN_POINT ( 'NONE',  ( 0.000000000000000000, 2.000000000000000000, 55.00000000000000000 ) ) ;
#3481 = ADVANCED_FACE ( 'NONE', ( #2528 ), #537, .F. ) ;
#3482 = EDGE_CURVE ( 'NONE', #3436, #1050, #2446, .T. ) ;
#3483 = CARTESIAN_POINT ( 'NONE',  ( 0.000000000000000000, -1.500000000000000444, 5.000000000000000000 ) ) ;
#3484 = FACE_OUTER_BOUND ( 'NONE', #2234, .T. ) ;
#3485 = CARTESIAN_POINT ( 'NONE',  ( 22.50000000000000711, 28.99999999999999645, 15.37500000000000000 ) ) ;
#3486 = DIRECTION ( 'NONE',  ( 1.000000000000000000, 0.000000000000000000, 0.000000000000000000 ) ) ;
#3487 = ORIENTED_EDGE ( 'NONE', *, *, #4506, .F. ) ;
#3488 = CARTESIAN_POINT ( 'NONE',  ( 75.00000000000000000, 1.199999999999997513, -2.600000000000000089 ) ) ;
#3489 = ORIENTED_EDGE ( 'NONE', *, *, #2140, .T. ) ;
#3490 = DIRECTION ( 'NONE',  ( 1.000000000000000000, 0.000000000000000000, -0.000000000000000000 ) ) ;
#3491 = CARTESIAN_POINT ( 'NONE',  ( 60.00000000000000000, 29.19999999999999218, -10.09999999999999787 ) ) ;
#3492 = ORIENTED_EDGE ( 'NONE', *, *, #2989, .T. ) ;
#3493 = CARTESIAN_POINT ( 'NONE',  ( 60.00000000000000000, 0.000000000000000000, 0.000000000000000000 ) ) ;
#3494 = TOROIDAL_SURFACE ( 'NONE', #3837, 3.000000000000000000, 1.500000000000000000 ) ;
#3495 = ADVANCED_FACE ( 'NONE', ( #2501 ), #456, .F. ) ;
#3496 = VERTEX_POINT ( 'NONE', #1245 ) ;
#3497 = ORIENTED_EDGE ( 'NONE', *, *, #2572, .T. ) ;
#3498 = DIRECTION ( 'NONE',  ( 0.7071067811865482389, -0.000000000000000000, -0.7071067811865469066 ) ) ;
#3499 = DIRECTION ( 'NONE',  ( -1.000000000000000000, -0.000000000000000000, -4.869399230812090436E-16 ) ) ;
#3500 = ORIENTED_EDGE ( 'NONE', *, *, #1650, .F. ) ;
#3501 = ORIENTED_EDGE ( 'NONE', *, *, #4027, .T. ) ;
#3502 = DIRECTION ( 'NONE',  ( 0.000000000000000000, 1.084202172485504311E-16, -1.000000000000000000 ) ) ;
#3503 = ORIENTED_EDGE ( 'NONE', *, *, #1933, .T. ) ;
#3504 = CARTESIAN_POINT ( 'NONE',  ( 18.25000000000000000, 7.000000000000005329, -2.000000000000000000 ) ) ;
#3505 = EDGE_CURVE ( 'NONE', #982, #4684, #3722, .T. ) ;
#3506 =( NAMED_UNIT ( * ) PLANE_ANGLE_UNIT ( ) SI_UNIT ( $, .RADIAN. ) );
#3507 = ORIENTED_EDGE ( 'NONE', *, *, #1359, .F. ) ;
#3508 = LINE ( 'NONE', #166, #1462 ) ;
#3509 = EDGE_CURVE ( 'NONE', #78, #3077, #4478, .T. ) ;
#3510 = DIRECTION ( 'NONE',  ( -0.000000000000000000, 4.956352788505163268E-16, 1.000000000000000000 ) ) ;
#3511 = AXIS2_PLACEMENT_3D ( 'NONE', #2186, #5062, #293 ) ;
#3512 = CARTESIAN_POINT ( 'NONE',  ( 0.000000000000000000, 8.199999999999999289, -19.59999999999999787 ) ) ;
#3513 = AXIS2_PLACEMENT_3D ( 'NONE', #5283, #3558, #687 ) ;
#3514 = CARTESIAN_POINT ( 'NONE',  ( 31.50000000000000000, 4.102566777143633774E-15, 0.000000000000000000 ) ) ;
#3515 = DIRECTION ( 'NONE',  ( 0.7071067811865481278, 0.000000000000000000, -0.7071067811865469066 ) ) ;
#3516 = PLANE ( 'NONE',  #4380 ) ;
#3517 = CARTESIAN_POINT ( 'NONE',  ( 75.00000000000000000, 8.199999999999999289, -19.59999999999999787 ) ) ;
#3518 = ORIENTED_EDGE ( 'NONE', *, *, #1638, .T. ) ;
#3519 = ORIENTED_EDGE ( 'NONE', *, *, #163, .F. ) ;
#3520 = DIRECTION ( 'NONE',  ( 1.000000000000000000, 0.000000000000000000, -0.000000000000000000 ) ) ;
#3521 = VECTOR ( 'NONE', #4487, 1000.000000000000000 ) ;
#3522 = ORIENTED_EDGE ( 'NONE', *, *, #3159, .F. ) ;
#3523 = VECTOR ( 'NONE', #756, 1000.000000000000000 ) ;
#3524 = PRODUCT ( 'support capteur PV assembl\X2\00e9\X0\', 'support capteur PV assembl\X2\00e9\X0\', '', ( #23 ) ) ;
#3525 = ORIENTED_EDGE ( 'NONE', *, *, #2117, .T. ) ;
#3526 = PLANE ( 'NONE',  #1512 ) ;
#3527 = DIRECTION ( 'NONE',  ( 0.000000000000000000, 1.000000000000000000, 0.000000000000000000 ) ) ;
#3528 = VECTOR ( 'NONE', #4620, 1000.000000000000000 ) ;
#3529 = VECTOR ( 'NONE', #4306, 1000.000000000000000 ) ;
#3530 = VERTEX_POINT ( 'NONE', #509 ) ;
#3531 = ADVANCED_FACE ( 'NONE', ( #2995 ), #3340, .T. ) ;
#3532 = VERTEX_POINT ( 'NONE', #3774 ) ;
#3533 = CARTESIAN_POINT ( 'NONE',  ( 5.749999999999994671, 24.36067977499790871, -1.974742963625110575E-15 ) ) ;
#3534 = ORIENTED_EDGE ( 'NONE', *, *, #786, .T. ) ;
#3535 = LINE ( 'NONE', #4337, #2169 ) ;
#3536 = CARTESIAN_POINT ( 'NONE',  ( 15.75000000000000000, -1.000000000000001776, 40.00000000000000000 ) ) ;
#3537 = EDGE_CURVE ( 'NONE', #971, #696, #49, .T. ) ;
#3538 = CARTESIAN_POINT ( 'NONE',  ( 11.89999999999999325, 0.8999999999999980238, -6.500000000000000888 ) ) ;
#3539 = ORIENTED_EDGE ( 'NONE', *, *, #1165, .T. ) ;
#3540 = FACE_OUTER_BOUND ( 'NONE', #4282, .T. ) ;
#3541 = CARTESIAN_POINT ( 'NONE',  ( 37.49999999999999289, 30.99999999999999645, 51.75000000000000000 ) ) ;
#3542 = EDGE_CURVE ( 'NONE', #3883, #894, #4059, .T. ) ;
#3543 = PLANE ( 'NONE',  #4080 ) ;
#3544 = DIRECTION ( 'NONE',  ( 0.000000000000000000, 0.000000000000000000, 1.000000000000000000 ) ) ;
#3545 = LINE ( 'NONE', #3977, #2472 ) ;
#3546 = CARTESIAN_POINT ( 'NONE',  ( 4.999999999999997335, -6.071532165918824830E-15, 47.99999999999997868 ) ) ;
#3547 = CARTESIAN_POINT ( 'NONE',  ( 25.75000000000000355, -1.000000000000000222, -4.999999999999995559 ) ) ;
#3548 = AXIS2_PLACEMENT_3D ( 'NONE', #4808, #2424, #1115 ) ;
#3549 = ORIENTED_EDGE ( 'NONE', *, *, #5131, .T. ) ;
#3550 = DIRECTION ( 'NONE',  ( -9.738798461624180871E-16, 0.000000000000000000, 1.000000000000000000 ) ) ;
#3551 = EDGE_CURVE ( 'NONE', #4397, #781, #1689, .T. ) ;
#3552 = ADVANCED_FACE ( 'NONE', ( #4969 ), #4940, .F. ) ;
#3553 = VECTOR ( 'NONE', #1391, 1000.000000000000000 ) ;
#3554 = ORIENTED_EDGE ( 'NONE', *, *, #1551, .T. ) ;
#3555 = VECTOR ( 'NONE', #4479, 1000.000000000000000 ) ;
#3556 = ORIENTED_EDGE ( 'NONE', *, *, #1500, .F. ) ;
#3557 = CARTESIAN_POINT ( 'NONE',  ( 22.50000000000001066, 28.27024810886956629, 8.249999999999998224 ) ) ;
#3558 = DIRECTION ( 'NONE',  ( 0.000000000000000000, 0.000000000000000000, -1.000000000000000000 ) ) ;
#3559 = AXIS2_PLACEMENT_3D ( 'NONE', #3116, #2359, #3466 ) ;
#3560 = ORIENTED_EDGE ( 'NONE', *, *, #2599, .T. ) ;
#3561 = ORIENTED_EDGE ( 'NONE', *, *, #3482, .T. ) ;
#3562 = LINE ( 'NONE', #1963, #4290 ) ;
#3563 = VERTEX_POINT ( 'NONE', #102 ) ;
#3564 = CARTESIAN_POINT ( 'NONE',  ( 13.29999999999999893, 5.949999999999999289, 2.000000000000000000 ) ) ;
#3565 = DIRECTION ( 'NONE',  ( -3.469446951953613696E-16, 0.000000000000000000, 1.000000000000000000 ) ) ;
#3566 = ADVANCED_FACE ( 'NONE', ( #483 ), #2125, .F. ) ;
#3567 = VERTEX_POINT ( 'NONE', #4254 ) ;
#3568 = PLANE ( 'NONE',  #4902 ) ;
#3569 = PLANE ( 'NONE',  #3391 ) ;
#3570 = AXIS2_PLACEMENT_3D ( 'NONE', #4025, #2456, #1247 ) ;
#3571 = EDGE_CURVE ( 'NONE', #1366, #152, #3478, .T. ) ;
#3572 = CARTESIAN_POINT ( 'NONE',  ( 13.25000000000000355, 5.500000000000004441, -2.000000000000000000 ) ) ;
#3573 = VERTEX_POINT ( 'NONE', #241 ) ;
#3574 = VECTOR ( 'NONE', #3728, 1000.000000000000000 ) ;
#3575 = FACE_OUTER_BOUND ( 'NONE', #2440, .T. ) ;
#3576 = DIRECTION ( 'NONE',  ( 1.000000000000000000, 0.000000000000000000, 0.000000000000000000 ) ) ;
#3577 = ORIENTED_EDGE ( 'NONE', *, *, #205, .T. ) ;
#3578 = CARTESIAN_POINT ( 'NONE',  ( 21.75000000000000000, -1.000000000000001110, 40.00000000000000000 ) ) ;
#3579 = EDGE_CURVE ( 'NONE', #2310, #876, #986, .T. ) ;
#3580 = ORIENTED_EDGE ( 'NONE', *, *, #4214, .T. ) ;
#3581 = ORIENTED_EDGE ( 'NONE', *, *, #1635, .T. ) ;
#3582 = EDGE_CURVE ( 'NONE', #2471, #2003, #5100, .T. ) ;
#3583 = DIRECTION ( 'NONE',  ( 1.323094176592479975E-16, -1.000000000000000000, 0.000000000000000000 ) ) ;
#3584 = CIRCLE ( 'NONE', #2652, 1.500000000000000000 ) ;
#3585 = VECTOR ( 'NONE', #3057, 1000.000000000000000 ) ;
#3586 = CARTESIAN_POINT ( 'NONE',  ( 1.000000000000000000, 1.000000000000000000, 2.000000000000000000 ) ) ;
#3587 = VECTOR ( 'NONE', #2351, 1000.000000000000000 ) ;
#3588 = ORIENTED_EDGE ( 'NONE', *, *, #718, .T. ) ;
#3589 = CYLINDRICAL_SURFACE ( 'NONE', #2505, 5.000000000000000000 ) ;
#3590 = ORIENTED_EDGE ( 'NONE', *, *, #843, .F. ) ;
#3591 = DIRECTION ( 'NONE',  ( -1.000000000000000000, 0.000000000000000000, -0.000000000000000000 ) ) ;
#3592 = DIRECTION ( 'NONE',  ( -1.000000000000000000, -0.000000000000000000, -0.000000000000000000 ) ) ;
#3593 = CARTESIAN_POINT ( 'NONE',  ( 0.000000000000000000, 0.000000000000000000, 0.000000000000000000 ) ) ;
#3594 = VERTEX_POINT ( 'NONE', #1438 ) ;
#3595 = FACE_OUTER_BOUND ( 'NONE', #2881, .T. ) ;
#3596 = DIRECTION ( 'NONE',  ( 1.000000000000000000, 0.000000000000000000, -0.000000000000000000 ) ) ;
#3597 = CARTESIAN_POINT ( 'NONE',  ( 8.250000000000000000, 28.99999999999999645, 22.49999999999998934 ) ) ;
#3598 = EDGE_LOOP ( 'NONE', ( #1116, #4058, #3167, #2139 ) ) ;
#3599 = LINE ( 'NONE', #1563, #2082 ) ;
#3600 = VECTOR ( 'NONE', #4243, 1000.000000000000000 ) ;
#3601 = DIRECTION ( 'NONE',  ( -0.000000000000000000, 1.000000000000000000, -0.000000000000000000 ) ) ;
#3602 = ORIENTED_EDGE ( 'NONE', *, *, #2056, .T. ) ;
#3603 = CARTESIAN_POINT ( 'NONE',  ( 2.000000000000001332, 1.999999999999994449, 47.99999999999997868 ) ) ;
#3604 = EDGE_CURVE ( 'NONE', #1848, #4997, #3423, .T. ) ;
#3605 = VERTEX_POINT ( 'NONE', #2260 ) ;
#3606 = CARTESIAN_POINT ( 'NONE',  ( 57.99999999999999289, 1.999999999999993117, 57.99999999999997868 ) ) ;
#3607 = EDGE_LOOP ( 'NONE', ( #2955, #3163, #648, #1002, #407 ) ) ;
#3608 = DIRECTION ( 'NONE',  ( -0.7071067811865573427, 0.7071067811865378028, 0.000000000000000000 ) ) ;
#3609 = EDGE_CURVE ( 'NONE', #563, #264, #1881, .T. ) ;
#3610 = LINE ( 'NONE', #1573, #1456 ) ;
#3611 = AXIS2_PLACEMENT_3D ( 'NONE', #3083, #1834, #1390 ) ;
#3612 = ORIENTED_EDGE ( 'NONE', *, *, #1983, .T. ) ;
#3613 = VECTOR ( 'NONE', #2153, 1000.000000000000000 ) ;
#3614 = CARTESIAN_POINT ( 'NONE',  ( 5.000000000000000888, -7.400000000000000355, -3.000000000000000000 ) ) ;
#3615 = DIRECTION ( 'NONE',  ( -1.239088197126291063E-16, 1.000000000000000000, -0.000000000000000000 ) ) ;
#3616 = DIRECTION ( 'NONE',  ( 0.9990561583550594538, -0.04343722427630694605, 0.000000000000000000 ) ) ;
#3617 = VECTOR ( 'NONE', #3126, 1000.000000000000000 ) ;
#3618 = ADVANCED_FACE ( 'NONE', ( #5129 ), #5049, .F. ) ;
#3619 = DIRECTION ( 'NONE',  ( 0.000000000000000000, 0.000000000000000000, 1.000000000000000000 ) ) ;
#3620 = ORIENTED_EDGE ( 'NONE', *, *, #4191, .T. ) ;
#3621 = FACE_OUTER_BOUND ( 'NONE', #2443, .T. ) ;
#3622 = CARTESIAN_POINT ( 'NONE',  ( 4.999999999999997335, 5.999999999999993783, 34.69999999999999574 ) ) ;
#3623 = DIRECTION ( 'NONE',  ( -1.000000000000000000, 0.000000000000000000, -0.000000000000000000 ) ) ;
#3624 = ORIENTED_EDGE ( 'NONE', *, *, #3648, .T. ) ;
#3625 = DIRECTION ( 'NONE',  ( -0.000000000000000000, -0.000000000000000000, -1.000000000000000000 ) ) ;
#3626 = CARTESIAN_POINT ( 'NONE',  ( 7.249999999999999112, 30.99999999999999645, 7.249999999999999112 ) ) ;
#3627 = LINE ( 'NONE', #5253, #2022 ) ;
#3628 = EDGE_CURVE ( 'NONE', #3026, #1679, #1036, .T. ) ;
#3629 = ORIENTED_EDGE ( 'NONE', *, *, #3950, .T. ) ;
#3630 = AXIS2_PLACEMENT_3D ( 'NONE', #5267, #1943, #409 ) ;
#3631 = CARTESIAN_POINT ( 'NONE',  ( 0.4999999999999865663, 1.199999999999999956, -22.59999999999999432 ) ) ;
#3632 = EDGE_LOOP ( 'NONE', ( #203, #4201, #529, #103 ) ) ;
#3633 = EDGE_CURVE ( 'NONE', #64, #2324, #1800, .T. ) ;
#3634 = CARTESIAN_POINT ( 'NONE',  ( 0.4999999999999865663, 8.199999999999999289, -19.59999999999999787 ) ) ;
#3635 = VECTOR ( 'NONE', #2414, 1000.000000000000000 ) ;
#3636 = EDGE_CURVE ( 'NONE', #3357, #5024, #3914, .T. ) ;
#3637 = ORIENTED_EDGE ( 'NONE', *, *, #1459, .T. ) ;
#3638 = ORIENTED_EDGE ( 'NONE', *, *, #1021, .F. ) ;
#3639 = PLANE ( 'NONE',  #2864 ) ;
#3640 = CARTESIAN_POINT ( 'NONE',  ( 37.49999999999999289, 28.27024810886957340, 51.75000000000000000 ) ) ;
#3641 = VECTOR ( 'NONE', #368, 999.9999999999998863 ) ;
#3642 = DIRECTION ( 'NONE',  ( -0.000000000000000000, -0.000000000000000000, -1.000000000000000000 ) ) ;
#3643 = APPLICATION_PROTOCOL_DEFINITION ( 'draft international standard', 'automotive_design', 1998, #4880 ) ;
#3644 = ORIENTED_EDGE ( 'NONE', *, *, #1888, .F. ) ;
#3645 = PRESENTATION_STYLE_ASSIGNMENT (( #2025 ) ) ;
#3646 = CYLINDRICAL_SURFACE ( 'NONE', #3207, 2.000000000000000000 ) ;
#3647 = CARTESIAN_POINT ( 'NONE',  ( 4.999999999999997335, 5.999999999999993783, 34.69999999999999574 ) ) ;
#3648 = EDGE_CURVE ( 'NONE', #2713, #1986, #4335, .T. ) ;
#3649 = ADVANCED_FACE ( 'NONE', ( #2634 ), #589, .T. ) ;
#3650 = ORIENTED_EDGE ( 'NONE', *, *, #685, .F. ) ;
#3651 = CARTESIAN_POINT ( 'NONE',  ( 0.000000000000000000, 2.099999999999999645, -8.000000000000000000 ) ) ;
#3652 = CARTESIAN_POINT ( 'NONE',  ( 60.00000000000000000, 0.000000000000000000, 0.000000000000000000 ) ) ;
#3653 = CARTESIAN_POINT ( 'NONE',  ( 0.000000000000000000, 0.000000000000000000, 0.000000000000000000 ) ) ;
#3654 = FACE_OUTER_BOUND ( 'NONE', #4727, .T. ) ;
#3655 = LINE ( 'NONE', #4403, #1760 ) ;
#3656 = VECTOR ( 'NONE', #1433, 1000.000000000000000 ) ;
#3657 = ORIENTED_EDGE ( 'NONE', *, *, #4536, .F. ) ;
#3658 = DIRECTION ( 'NONE',  ( -0.000000000000000000, -1.000000000000000000, -0.000000000000000000 ) ) ;
#3659 = ORIENTED_EDGE ( 'NONE', *, *, #4554, .F. ) ;
#3660 = DIRECTION ( 'NONE',  ( -0.000000000000000000, 1.000000000000000000, -0.000000000000000000 ) ) ;
#3661 = ADVANCED_FACE ( 'NONE', ( #2230 ), #3854, .F. ) ;
#3662 = ORIENTED_EDGE ( 'NONE', *, *, #793, .F. ) ;
#3663 = CIRCLE ( 'NONE', #1877, 10.00000000000000178 ) ;
#3664 = ORIENTED_EDGE ( 'NONE', *, *, #1574, .T. ) ;
#3665 = DIRECTION ( 'NONE',  ( 0.000000000000000000, 0.000000000000000000, -1.000000000000000000 ) ) ;
#3666 = CARTESIAN_POINT ( 'NONE',  ( 18.19999999999999929, 5.949999999999999289, 2.000000000000000000 ) ) ;
#3667 = CARTESIAN_POINT ( 'NONE',  ( 0.000000000000000000, 0.000000000000000000, 55.00000000000000000 ) ) ;
#3668 = VECTOR ( 'NONE', #2974, 1000.000000000000000 ) ;
#3669 = EDGE_LOOP ( 'NONE', ( #3944, #3124, #574, #211 ) ) ;
#3670 = SURFACE_SIDE_STYLE ('',( #1970 ) ) ;
#3671 = LINE ( 'NONE', #3266, #3716 ) ;
#3672 = CARTESIAN_POINT ( 'NONE',  ( -2.000000000000000000, -2.449293598294706907E-16, 55.00000000000000000 ) ) ;
#3673 = ADVANCED_FACE ( 'NONE', ( #3940 ), #4700, .F. ) ;
#3674 = ORIENTED_EDGE ( 'NONE', *, *, #2977, .T. ) ;
#3675 = DIRECTION ( 'NONE',  ( -1.239088197126291310E-16, 1.000000000000000000, -0.000000000000000000 ) ) ;
#3676 = LINE ( 'NONE', #5, #2043 ) ;
#3677 = DIRECTION ( 'NONE',  ( -0.7071067811865578978, -0.7071067811865372477, -1.021378592824819534E-31 ) ) ;
#3678 = FACE_OUTER_BOUND ( 'NONE', #1411, .T. ) ;
#3679 = DIRECTION ( 'NONE',  ( -0.1391731009600624958, -0.9902680687415708061, 6.996511273166514407E-18 ) ) ;
#3680 = ORIENTED_EDGE ( 'NONE', *, *, #3463, .F. ) ;
#3681 = CARTESIAN_POINT ( 'NONE',  ( 75.00000000000000000, 0.000000000000000000, 0.000000000000000000 ) ) ;
#3682 = ORIENTED_EDGE ( 'NONE', *, *, #1538, .T. ) ;
#3683 = CARTESIAN_POINT ( 'NONE',  ( 35.26538908328470256, 0.000000000000000000, -3.761581922631320025E-34 ) ) ;
#3684 = VECTOR ( 'NONE', #1001, 1000.000000000000000 ) ;
#3685 = ORIENTED_EDGE ( 'NONE', *, *, #1312, .T. ) ;
#3686 = VERTEX_POINT ( 'NONE', #1907 ) ;
#3687 = LINE ( 'NONE', #122, #1554 ) ;
#3688 = DIRECTION ( 'NONE',  ( 1.323094176592479975E-16, -1.000000000000000000, 0.000000000000000000 ) ) ;
#3689 = CARTESIAN_POINT ( 'NONE',  ( 25.75000000000000355, 2.000000000000005773, -4.999999999999998224 ) ) ;
#3690 = AXIS2_PLACEMENT_3D ( 'NONE', #3546, #1892, #3490 ) ;
#3691 = EDGE_CURVE ( 'NONE', #5146, #1321, #5156, .T. ) ;
#3692 = APPLICATION_CONTEXT ( 'automotive_design' ) ;
#3693 = SHAPE_REPRESENTATION ( 'trappe de maintenance', ( #3931 ), #1099 ) ;
#3694 = ORIENTED_EDGE ( 'NONE', *, *, #4703, .F. ) ;
#3695 = VECTOR ( 'NONE', #983, 1000.000000000000000 ) ;
#3696 = CARTESIAN_POINT ( 'NONE',  ( 35.26538908328470256, -1.836970198721029441E-17, -2.600000000000000089 ) ) ;
#3697 = VERTEX_POINT ( 'NONE', #1010 ) ;
#3698 = CARTESIAN_POINT ( 'NONE',  ( 37.59999999999999432, -0.2999999999999999334, -2.899999999999999911 ) ) ;
#3699 = ADVANCED_FACE ( 'NONE', ( #4759 ), #2661, .F. ) ;
#3700 = CIRCLE ( 'NONE', #1913, 5.999999999999998224 ) ;
#3701 = EDGE_CURVE ( 'NONE', #4954, #4355, #4227, .T. ) ;
#3702 = DIRECTION ( 'NONE',  ( -1.000000000000000000, 0.000000000000000000, -4.869399230812090436E-16 ) ) ;
#3703 = DIRECTION ( 'NONE',  ( 0.000000000000000000, -1.192622389734055124E-16, 1.000000000000000000 ) ) ;
#3704 = DIRECTION ( 'NONE',  ( 0.000000000000000000, 0.000000000000000000, -1.000000000000000000 ) ) ;
#3705 = CARTESIAN_POINT ( 'NONE',  ( 15.74999999999999645, 1.000000000000002220, 15.00000000000000000 ) ) ;
#3706 = PLANE ( 'NONE',  #740 ) ;
#3707 = DIRECTION ( 'NONE',  ( 4.336808689942019708E-16, -1.000000000000000000, 0.000000000000000000 ) ) ;
#3708 = ORIENTED_EDGE ( 'NONE', *, *, #1469, .T. ) ;
#3709 = DIRECTION ( 'NONE',  ( -1.239088197126291063E-16, -1.187392209762482313E-16, 1.000000000000000000 ) ) ;
#3710 = ORIENTED_EDGE ( 'NONE', *, *, #1359, .T. ) ;
#3711 = CARTESIAN_POINT ( 'NONE',  ( 21.24999999999999645, 2.000000000000002665, 0.000000000000000000 ) ) ;
#3712 = EDGE_CURVE ( 'NONE', #1948, #557, #1521, .T. ) ;
#3713 = EDGE_CURVE ( 'NONE', #3357, #563, #4413, .T. ) ;
#3714 = ORIENTED_EDGE ( 'NONE', *, *, #4587, .T. ) ;
#3715 = CARTESIAN_POINT ( 'NONE',  ( 36.01774279923060362, 2.100000000000000089, 57.00000000000000000 ) ) ;
#3716 = VECTOR ( 'NONE', #382, 1000.000000000000000 ) ;
#3717 = DIRECTION ( 'NONE',  ( 0.000000000000000000, 1.000000000000000000, 0.000000000000000000 ) ) ;
#3718 = CARTESIAN_POINT ( 'NONE',  ( 47.99999999999999289, 19.00000000000000355, 57.99999999999999289 ) ) ;
#3719 = LINE ( 'NONE', #2175, #2480 ) ;
#3720 = EDGE_LOOP ( 'NONE', ( #3307, #3091, #3079, #1487 ) ) ;
#3721 = AXIS2_PLACEMENT_3D ( 'NONE', #3718, #847, #4937 ) ;
#3722 = LINE ( 'NONE', #902, #803 ) ;
#3723 = ORIENTED_EDGE ( 'NONE', *, *, #325, .T. ) ;
#3724 = LINE ( 'NONE', #4229, #2084 ) ;
#3725 = ADVANCED_FACE ( 'NONE', ( #4782 ), #3639, .F. ) ;
#3726 = VECTOR ( 'NONE', #2246, 1000.000000000000000 ) ;
#3727 = CARTESIAN_POINT ( 'NONE',  ( 18.25000000000000000, 3.500000000000002220, -0.5000000000000000000 ) ) ;
#3728 = DIRECTION ( 'NONE',  ( -1.000000000000000000, -0.000000000000000000, -0.000000000000000000 ) ) ;
#3729 = FACE_OUTER_BOUND ( 'NONE', #3853, .T. ) ;
#3730 = LINE ( 'NONE', #1307, #2451 ) ;
#3731 = LINE ( 'NONE', #59, #146 ) ;
#3732 = DIRECTION ( 'NONE',  ( 0.9902680687415708061, 0.1391731009600624958, 0.000000000000000000 ) ) ;
#3733 = ADVANCED_FACE ( 'NONE', ( #1936 ), #3965, .T. ) ;
#3734 = ORIENTED_EDGE ( 'NONE', *, *, #3551, .T. ) ;
#3735 = AXIS2_PLACEMENT_3D ( 'NONE', #3061, #3864, #196 ) ;
#3736 = CARTESIAN_POINT ( 'NONE',  ( 8.250000000000000000, 28.99999999999999645, 37.49999999999998579 ) ) ;
#3737 = ORIENTED_EDGE ( 'NONE', *, *, #2856, .F. ) ;
#3738 = DIRECTION ( 'NONE',  ( 0.000000000000000000, -1.000000000000000000, 0.000000000000000000 ) ) ;
#3739 = ADVANCED_FACE ( 'NONE', ( #2044 ), #1168, .F. ) ;
#3740 = ORIENTED_EDGE ( 'NONE', *, *, #2982, .T. ) ;
#3741 = EDGE_CURVE ( 'NONE', #4997, #2797, #4387, .T. ) ;
#3742 = ORIENTED_EDGE ( 'NONE', *, *, #3296, .F. ) ;
#3743 = DIRECTION ( 'NONE',  ( 1.239088197126291063E-16, -1.000000000000000000, 0.000000000000000000 ) ) ;
#3744 = DIRECTION ( 'NONE',  ( -1.000000000000000000, 0.000000000000000000, 0.000000000000000000 ) ) ;
#3745 = CARTESIAN_POINT ( 'NONE',  ( 0.000000000000000000, 1.199999999999999956, 0.000000000000000000 ) ) ;
#3746 = DIRECTION ( 'NONE',  ( 5.337610695313254343E-16, 1.000000000000000000, 0.000000000000000000 ) ) ;
#3747 = ORIENTED_EDGE ( 'NONE', *, *, #820, .T. ) ;
#3748 = CARTESIAN_POINT ( 'NONE',  ( 37.59999999999999432, 0.000000000000000000, -2.899999999999998135 ) ) ;
#3749 = PRODUCT_DEFINITION_CONTEXT ( 'detailed design', #4880, 'design' ) ;
#3750 = ORIENTED_EDGE ( 'NONE', *, *, #4301, .T. ) ;
#3751 = CARTESIAN_POINT ( 'NONE',  ( 2.000000000000000000, 19.00000000000000355, 47.99999999999997868 ) ) ;
#3752 = VECTOR ( 'NONE', #1813, 1000.000000000000000 ) ;
#3753 = CARTESIAN_POINT ( 'NONE',  ( 0.000000000000000000, 4.000000000000000000, 53.00000000000000000 ) ) ;
#3754 = PLANE ( 'NONE',  #5185 ) ;
#3755 = EDGE_CURVE ( 'NONE', #2143, #3436, #2016, .T. ) ;
#3756 = LINE ( 'NONE', #832, #3780 ) ;
#3757 = DIRECTION ( 'NONE',  ( -1.239088197126291063E-16, 1.000000000000000000, -0.000000000000000000 ) ) ;
#3758 = DIRECTION ( 'NONE',  ( -6.938893903907232322E-16, -8.597901537443024083E-32, -1.000000000000000000 ) ) ;
#3759 = AXIS2_PLACEMENT_3D ( 'NONE', #197, #4213, #719 ) ;
#3760 = DIRECTION ( 'NONE',  ( -0.000000000000000000, 1.000000000000000000, -0.000000000000000000 ) ) ;
#3761 = ORIENTED_EDGE ( 'NONE', *, *, #163, .T. ) ;
#3762 = CARTESIAN_POINT ( 'NONE',  ( 11.89999999999999325, 1.199999999999997513, -2.600000000000000089 ) ) ;
#3763 = LINE ( 'NONE', #4953, #4065 ) ;
#3764 = EDGE_LOOP ( 'NONE', ( #35, #919, #178, #5133 ) ) ;
#3765 = FACE_OUTER_BOUND ( 'NONE', #2962, .T. ) ;
#3766 = ORIENTED_EDGE ( 'NONE', *, *, #2691, .F. ) ;
#3767 = EDGE_CURVE ( 'NONE', #566, #1249, #4642, .T. ) ;
#3768 = AXIS2_PLACEMENT_3D ( 'NONE', #3408, #3865, #4629 ) ;
#3770 = VECTOR ( 'NONE', #3329, 1000.000000000000000 ) ;
#3769 = LINE ( 'NONE', #4509, #3777 ) ;
#3771 = DIRECTION ( 'NONE',  ( -0.9808148484639899189, -0.1378445374916257293, -0.1378445374916257293 ) ) ;
#3772 = DIRECTION ( 'NONE',  ( -0.000000000000000000, 1.000000000000000000, -0.000000000000000000 ) ) ;
#3773 = ORIENTED_EDGE ( 'NONE', *, *, #177, .T. ) ;
#3774 = CARTESIAN_POINT ( 'NONE',  ( 19.74999999999999645, 3.500000000000003553, -0.5000000000000000000 ) ) ;
#3775 = ORIENTED_EDGE ( 'NONE', *, *, #2907, .F. ) ;
#3776 = DIRECTION ( 'NONE',  ( -0.000000000000000000, -1.000000000000000000, -0.000000000000000000 ) ) ;
#3777 = VECTOR ( 'NONE', #1654, 1000.000000000000000 ) ;
#3778 = EDGE_CURVE ( 'NONE', #4750, #4747, #3461, .T. ) ;
#3779 = EDGE_CURVE ( 'NONE', #214, #4108, #3210, .T. ) ;
#3780 = VECTOR ( 'NONE', #3783, 1000.000000000000000 ) ;
#3781 = CARTESIAN_POINT ( 'NONE',  ( 11.89999999999999325, 0.4999999999999935052, 0.000000000000000000 ) ) ;
#3782 = DIRECTION ( 'NONE',  ( 0.000000000000000000, -1.000000000000000000, -1.187392209762482313E-16 ) ) ;
#3783 = DIRECTION ( 'NONE',  ( -1.000000000000000000, -0.000000000000000000, -0.000000000000000000 ) ) ;
#3784 = DIRECTION ( 'NONE',  ( -1.000000000000000000, 0.000000000000000000, 0.000000000000000000 ) ) ;
#3785 = VECTOR ( 'NONE', #3771, 1000.000000000000114 ) ;
#3786 = LINE ( 'NONE', #601, #2658 ) ;
#3787 = VECTOR ( 'NONE', #5204, 1000.000000000000000 ) ;
#3788 = ORIENTED_EDGE ( 'NONE', *, *, #2470, .F. ) ;
#3789 = FACE_OUTER_BOUND ( 'NONE', #4299, .T. ) ;
#3790 = FACE_OUTER_BOUND ( 'NONE', #2783, .T. ) ;
#3791 = ORIENTED_EDGE ( 'NONE', *, *, #1405, .F. ) ;
#3792 = DIRECTION ( 'NONE',  ( 0.000000000000000000, 1.000000000000000000, -7.065269995080883413E-18 ) ) ;
#3793 = EDGE_CURVE ( 'NONE', #206, #4684, #4884, .T. ) ;
#3794 = ORIENTED_EDGE ( 'NONE', *, *, #2655, .F. ) ;
#3795 = CARTESIAN_POINT ( 'NONE',  ( 0.000000000000000000, -3.000000000000000888, 8.000000000000000000 ) ) ;
#3796 = CARTESIAN_POINT ( 'NONE',  ( 22.49999999999998934, 28.99999999999999645, 51.75000000000000000 ) ) ;
#3797 = APPLICATION_CONTEXT ( 'automotive_design' ) ;
#3798 = ADVANCED_FACE ( 'NONE', ( #5260 ), #1191, .T. ) ;
#3799 = AXIS2_PLACEMENT_3D ( 'NONE', #2688, #1089, #265 ) ;
#3800 = CARTESIAN_POINT ( 'NONE',  ( 4.999999999999997335, -6.071532165918824830E-15, 47.99999999999997868 ) ) ;
#3801 = ORIENTED_EDGE ( 'NONE', *, *, #2134, .F. ) ;
#3802 = DIRECTION ( 'NONE',  ( 0.000000000000000000, 1.000000000000000000, -7.065269995080883413E-18 ) ) ;
#3803 = PRODUCT_DEFINITION_CONTEXT ( 'detailed design', #2609, 'design' ) ;
#3804 = ORIENTED_EDGE ( 'NONE', *, *, #1078, .F. ) ;
#3805 = VECTOR ( 'NONE', #2587, 1000.000000000000227 ) ;
#3806 = VECTOR ( 'NONE', #3732, 999.9999999999998863 ) ;
#3807 = VECTOR ( 'NONE', #897, 1000.000000000000000 ) ;
#3808 = DIRECTION ( 'NONE',  ( 0.000000000000000000, 0.000000000000000000, -1.000000000000000000 ) ) ;
#3809 = CARTESIAN_POINT ( 'NONE',  ( 5.250000000000000000, 1.199999999999997957, -6.750000000000000000 ) ) ;
#3810 = DIRECTION ( 'NONE',  ( -0.9902680687415708061, 1.659809562536886520E-17, -0.1391731009600624958 ) ) ;
#3811 = EDGE_CURVE ( 'NONE', #2654, #982, #4360, .T. ) ;
#3812 = DIRECTION ( 'NONE',  ( 0.000000000000000000, 1.000000000000000000, 0.000000000000000000 ) ) ;
#3813 = SURFACE_STYLE_USAGE ( .BOTH. , #4265 ) ;
#3814 = DIRECTION ( 'NONE',  ( -1.239088197126291063E-16, 1.000000000000000000, -0.000000000000000000 ) ) ;
#3815 = AXIS2_PLACEMENT_3D ( 'NONE', #1868, #4771, #2274 ) ;
#3816 = DIRECTION ( 'NONE',  ( 0.000000000000000000, 0.000000000000000000, 1.000000000000000000 ) ) ;
#3817 = DIRECTION ( 'NONE',  ( 0.7071067811865573427, -0.7071067811865378028, 0.000000000000000000 ) ) ;
#3818 = ORIENTED_EDGE ( 'NONE', *, *, #156, .F. ) ;
#3819 = DIRECTION ( 'NONE',  ( -1.000000000000000000, 0.000000000000000000, -0.000000000000000000 ) ) ;
#3820 = ORIENTED_EDGE ( 'NONE', *, *, #4311, .F. ) ;
#3821 = DIRECTION ( 'NONE',  ( 1.000000000000000000, 0.000000000000000000, -0.000000000000000000 ) ) ;
#3822 = PRODUCT_DEFINITION_SHAPE ( 'NONE', 'NONE',  #2734 ) ;
#3823 = ORIENTED_EDGE ( 'NONE', *, *, #3867, .T. ) ;
#3824 = EDGE_CURVE ( 'NONE', #3938, #2654, #3562, .T. ) ;
#3825 = DIRECTION ( 'NONE',  ( -0.000000000000000000, 1.000000000000000000, -0.000000000000000000 ) ) ;
#3826 = VECTOR ( 'NONE', #2240, 1000.000000000000000 ) ;
#3827 = DIRECTION ( 'NONE',  ( 0.000000000000000000, 0.000000000000000000, 1.000000000000000000 ) ) ;
#3828 = ORIENTED_EDGE ( 'NONE', *, *, #3337, .F. ) ;
#3829 = CARTESIAN_POINT ( 'NONE',  ( 11.75000000000000000, 0.5000000000000033307, -2.000000000000000000 ) ) ;
#3830 = ORIENTED_EDGE ( 'NONE', *, *, #3073, .F. ) ;
#3831 = CARTESIAN_POINT ( 'NONE',  ( 60.00000000000000000, 33.99999999999999289, 59.99999999999998579 ) ) ;
#3832 = ORIENTED_EDGE ( 'NONE', *, *, #4843, .T. ) ;
#3833 = DIRECTION ( 'NONE',  ( 0.000000000000000000, 0.000000000000000000, 1.000000000000000000 ) ) ;
#3834 = VERTEX_POINT ( 'NONE', #744 ) ;
#3835 = CARTESIAN_POINT ( 'NONE',  ( 60.00000000000000000, 29.19999999999999218, -10.09999999999999787 ) ) ;
#3836 = CARTESIAN_POINT ( 'NONE',  ( 60.00000000000000000, 5.999999999999994671, 29.69999999999998863 ) ) ;
#3837 = AXIS2_PLACEMENT_3D ( 'NONE', #3727, #4844, #1664 ) ;
#3838 = LINE ( 'NONE', #167, #2867 ) ;
#3839 = EDGE_CURVE ( 'NONE', #958, #151, #1626, .T. ) ;
#3840 = CARTESIAN_POINT ( 'NONE',  ( 18.25000000000000000, 5.500000000000005329, -0.5000000000000000000 ) ) ;
#3841 = VECTOR ( 'NONE', #2236, 1000.000000000000000 ) ;
#3842 = ORIENTED_EDGE ( 'NONE', *, *, #4066, .F. ) ;
#3843 = FACE_OUTER_BOUND ( 'NONE', #4985, .T. ) ;
#3844 = FACE_OUTER_BOUND ( 'NONE', #2397, .T. ) ;
#3845 = DIRECTION ( 'NONE',  ( 0.000000000000000000, 0.000000000000000000, -1.000000000000000000 ) ) ;
#3846 = ORIENTED_EDGE ( 'NONE', *, *, #5139, .F. ) ;
#3847 = CARTESIAN_POINT ( 'NONE',  ( 12.00000000000000000, 19.00000000000000355, 57.99999999999999289 ) ) ;
#3848 = VERTEX_POINT ( 'NONE', #692 ) ;
#3849 = ORIENTED_EDGE ( 'NONE', *, *, #3961, .T. ) ;
#3850 = SPHERICAL_SURFACE ( 'NONE', #2466, 10.00000000000000000 ) ;
#3851 = DIRECTION ( 'NONE',  ( 1.239088197126291063E-16, -0.000000000000000000, -1.000000000000000000 ) ) ;
#3852 = DIRECTION ( 'NONE',  ( -0.000000000000000000, -0.000000000000000000, -1.000000000000000000 ) ) ;
#3853 = EDGE_LOOP ( 'NONE', ( #4934, #2753, #4173, #3534 ) ) ;
#3854 = PLANE ( 'NONE',  #3117 ) ;
#3855 = VERTEX_POINT ( 'NONE', #2399 ) ;
#3856 = CARTESIAN_POINT ( 'NONE',  ( 9.750000000000001776, -1.000000000000002442, 40.00000000000000000 ) ) ;
#3857 = ADVANCED_FACE ( 'NONE', ( #5181 ), #3589, .T. ) ;
#3858 = ORIENTED_EDGE ( 'NONE', *, *, #4199, .T. ) ;
#3859 = DIRECTION ( 'NONE',  ( -1.000000000000000000, -0.000000000000000000, -0.000000000000000000 ) ) ;
#3860 = LINE ( 'NONE', #1859, #1167 ) ;
#3861 = CARTESIAN_POINT ( 'NONE',  ( 5.250000000000000888, 1.189130434782606605, -3.500000000000000444 ) ) ;
#3862 = ADVANCED_FACE ( 'NONE', ( #2863 ), #2252, .F. ) ;
#3863 = DIRECTION ( 'NONE',  ( 0.000000000000000000, -0.000000000000000000, -1.000000000000000000 ) ) ;
#3864 = DIRECTION ( 'NONE',  ( -1.000000000000000000, 0.000000000000000000, 0.000000000000000000 ) ) ;
#3865 = DIRECTION ( 'NONE',  ( 0.000000000000000000, -1.000000000000000000, 0.000000000000000000 ) ) ;
#3866 = AXIS2_PLACEMENT_3D ( 'NONE', #3715, #2495, #2091 ) ;
#3867 = EDGE_CURVE ( 'NONE', #1450, #2403, #3769, .T. ) ;
#3868 = VERTEX_POINT ( 'NONE', #2116 ) ;
#3869 = DIRECTION ( 'NONE',  ( -0.000000000000000000, 1.000000000000000000, 5.782411586589356653E-16 ) ) ;
#3870 = ORIENTED_EDGE ( 'NONE', *, *, #425, .T. ) ;
#3871 = AXIS2_PLACEMENT_3D ( 'NONE', #451, #3335, #531 ) ;
#3872 = LINE ( 'NONE', #5090, #3726 ) ;
#3873 = ORIENTED_EDGE ( 'NONE', *, *, #4864, .F. ) ;
#3874 = ORIENTED_EDGE ( 'NONE', *, *, #2655, .T. ) ;
#3875 = DIRECTION ( 'NONE',  ( -0.000000000000000000, 1.257045997084642611E-16, -1.000000000000000000 ) ) ;
#3876 = CIRCLE ( 'NONE', #2852, 0.2500000000000002220 ) ;
#3877 = VERTEX_POINT ( 'NONE', #3361 ) ;
#3878 = ORIENTED_EDGE ( 'NONE', *, *, #4004, .F. ) ;
#3879 = EDGE_CURVE ( 'NONE', #2885, #2201, #4561, .T. ) ;
#3880 = DIRECTION ( 'NONE',  ( -6.938893903907227392E-16, 1.000000000000000000, 0.000000000000000000 ) ) ;
#3881 = ADVANCED_FACE ( 'NONE', ( #3279 ), #2934, .T. ) ;
#3882 = CARTESIAN_POINT ( 'NONE',  ( 22.49999999999999289, 30.99999999999999645, 44.62500000000000000 ) ) ;
#3883 = VERTEX_POINT ( 'NONE', #1293 ) ;
#3884 = EDGE_LOOP ( 'NONE', ( #2803, #1350, #2341, #773, #5174, #800 ) ) ;
#3885 = DIRECTION ( 'NONE',  ( -1.000000000000000000, 5.337610695313253357E-16, 0.000000000000000000 ) ) ;
#3886 = ORIENTED_EDGE ( 'NONE', *, *, #1719, .T. ) ;
#3887 = DIRECTION ( 'NONE',  ( -1.239088197126291063E-16, 1.000000000000000000, 0.000000000000000000 ) ) ;
#3888 = VECTOR ( 'NONE', #1714, 1000.000000000000000 ) ;
#3889 = VERTEX_POINT ( 'NONE', #427 ) ;
#3890 = CARTESIAN_POINT ( 'NONE',  ( 75.00000000000000000, 1.199999999999997513, -2.600000000000000089 ) ) ;
#3891 = CARTESIAN_POINT ( 'NONE',  ( 2.000000000000000000, 108.1959594928933086, 57.99999999999999289 ) ) ;
#3892 = CARTESIAN_POINT ( 'NONE',  ( 4.999999999999997335, -6.071532165918824830E-15, 47.99999999999997868 ) ) ;
#3893 = DIRECTION ( 'NONE',  ( 0.000000000000000000, -1.000000000000000000, 0.000000000000000000 ) ) ;
#3894 = FACE_OUTER_BOUND ( 'NONE', #2760, .T. ) ;
#3895 = VECTOR ( 'NONE', #1659, 1000.000000000000114 ) ;
#3896 = VECTOR ( 'NONE', #861, 1000.000000000000000 ) ;
#3897 = ORIENTED_EDGE ( 'NONE', *, *, #4475, .T. ) ;
#3898 = CARTESIAN_POINT ( 'NONE',  ( 37.49999999999999289, 28.99999999999999645, 44.62500000000000000 ) ) ;
#3899 = ORIENTED_EDGE ( 'NONE', *, *, #4378, .F. ) ;
#3900 = LINE ( 'NONE', #3491, #393 ) ;
#3901 = ORIENTED_EDGE ( 'NONE', *, *, #1257, .F. ) ;
#3902 = ORIENTED_EDGE ( 'NONE', *, *, #2066, .T. ) ;
#3903 = VECTOR ( 'NONE', #394, 1000.000000000000227 ) ;
#3904 = CARTESIAN_POINT ( 'NONE',  ( 61.96666666666668277, -5.466666666666621488, 10.46666666666661172 ) ) ;
#3905 = ORIENTED_EDGE ( 'NONE', *, *, #4432, .T. ) ;
#3906 = ORIENTED_EDGE ( 'NONE', *, *, #268, .F. ) ;
#3907 = FACE_OUTER_BOUND ( 'NONE', #4435, .T. ) ;
#3908 = ADVANCED_FACE ( 'NONE', ( #4090 ), #1322, .F. ) ;
#3909 = CARTESIAN_POINT ( 'NONE',  ( 5.250000000000000888, 1.199999999999997957, -3.250000000000000444 ) ) ;
#3910 = EDGE_CURVE ( 'NONE', #4340, #558, #845, .T. ) ;
#3911 = VERTEX_POINT ( 'NONE', #96 ) ;
#3912 = ORIENTED_EDGE ( 'NONE', *, *, #1463, .T. ) ;
#3913 = CIRCLE ( 'NONE', #2549, 1.499999999999999556 ) ;
#3914 = LINE ( 'NONE', #1465, #4224 ) ;
#3915 = EDGE_LOOP ( 'NONE', ( #3912, #2245, #3934, #5214, #2584 ) ) ;
#3916 = CARTESIAN_POINT ( 'NONE',  ( 18.19999999999999929, 4.049999999999999822, 2.000000000000000000 ) ) ;
#3917 = LINE ( 'NONE', #2693, #1971 ) ;
#3918 = ORIENTED_EDGE ( 'NONE', *, *, #5123, .T. ) ;
#3919 = CARTESIAN_POINT ( 'NONE',  ( 60.00000000000000000, -3.500000000000001776, 14.40000000000000213 ) ) ;
#3920 = DIRECTION ( 'NONE',  ( 0.000000000000000000, 0.000000000000000000, 1.000000000000000000 ) ) ;
#3921 = DIRECTION ( 'NONE',  ( -0.000000000000000000, -1.000000000000000000, -0.000000000000000000 ) ) ;
#3922 = EDGE_CURVE ( 'NONE', #2376, #558, #1739, .T. ) ;
#3923 = VECTOR ( 'NONE', #2328, 1000.000000000000000 ) ;
#3924 = CARTESIAN_POINT ( 'NONE',  ( 52.75000000000000000, 30.99999999999999645, 52.75000000000000000 ) ) ;
#3925 = ORIENTED_EDGE ( 'NONE', *, *, #205, .F. ) ;
#3926 = CARTESIAN_POINT ( 'NONE',  ( 1.000000000000000000, 1.000000000000000000, 51.00000000000000000 ) ) ;
#3927 = ORIENTED_EDGE ( 'NONE', *, *, #3609, .F. ) ;
#3928 = ORIENTED_EDGE ( 'NONE', *, *, #4183, .T. ) ;
#3929 = FACE_OUTER_BOUND ( 'NONE', #348, .T. ) ;
#3930 = CIRCLE ( 'NONE', #3409, 1.500000000000001332 ) ;
#3931 = AXIS2_PLACEMENT_3D ( 'NONE', #3593, #1120, #1471 ) ;
#3932 = EDGE_CURVE ( 'NONE', #1730, #1867, #1039, .T. ) ;
#3933 = ORIENTED_EDGE ( 'NONE', *, *, #3299, .F. ) ;
#3934 = ORIENTED_EDGE ( 'NONE', *, *, #1194, .F. ) ;
#3935 = CARTESIAN_POINT ( 'NONE',  ( 44.62500000000000000, 28.99999999999999645, 37.50000000000000711 ) ) ;
#3936 = CARTESIAN_POINT ( 'NONE',  ( 13.29999999999999893, 5.949999999999999289, 0.000000000000000000 ) ) ;
#3937 = ADVANCED_FACE ( 'NONE', ( #1709 ), #4935, .F. ) ;
#3938 = VERTEX_POINT ( 'NONE', #3333 ) ;
#3939 = ORIENTED_EDGE ( 'NONE', *, *, #1139, .F. ) ;
#3940 = FACE_OUTER_BOUND ( 'NONE', #1527, .T. ) ;
#3941 = ORIENTED_EDGE ( 'NONE', *, *, #5035, .T. ) ;
#3942 = DIRECTION ( 'NONE',  ( 1.239088197126291063E-16, -1.000000000000000000, 0.000000000000000000 ) ) ;
#3943 = LINE ( 'NONE', #5104, #250 ) ;
#3944 = ORIENTED_EDGE ( 'NONE', *, *, #879, .F. ) ;
#3945 = DIRECTION ( 'NONE',  ( 5.337610695313254343E-16, 1.000000000000000000, 0.000000000000000000 ) ) ;
#3946 = LINE ( 'NONE', #1068, #3372 ) ;
#3947 = DIRECTION ( 'NONE',  ( -0.000000000000000000, 1.236370898448382630E-16, -1.000000000000000000 ) ) ;
#3948 = EDGE_CURVE ( 'NONE', #2201, #644, #3687, .T. ) ;
#3949 = VECTOR ( 'NONE', #4529, 1000.000000000000000 ) ;
#3950 = EDGE_CURVE ( 'NONE', #3209, #3077, #779, .T. ) ;
#3951 = LINE ( 'NONE', #3143, #3154 ) ;
#3952 = ORIENTED_EDGE ( 'NONE', *, *, #212, .T. ) ;
#3953 = DIRECTION ( 'NONE',  ( 0.000000000000000000, 0.000000000000000000, -1.000000000000000000 ) ) ;
#3954 = ORIENTED_EDGE ( 'NONE', *, *, #3948, .T. ) ;
#3955 = DIRECTION ( 'NONE',  ( 0.7071067811865383579, 0.000000000000000000, 0.7071067811865566766 ) ) ;
#3956 = VECTOR ( 'NONE', #5287, 1000.000000000000000 ) ;
#3957 = ORIENTED_EDGE ( 'NONE', *, *, #2415, .T. ) ;
#3958 = VECTOR ( 'NONE', #1306, 1000.000000000000000 ) ;
#3959 = ORIENTED_EDGE ( 'NONE', *, *, #3383, .F. ) ;
#3960 = CARTESIAN_POINT ( 'NONE',  ( 1.000000000000000000, 1.000000000000000000, 51.00000000000000000 ) ) ;
#3961 = EDGE_CURVE ( 'NONE', #3594, #2713, #4195, .T. ) ;
#3962 = CARTESIAN_POINT ( 'NONE',  ( 13.29999999999999893, 4.049999999999999822, 2.000000000000000000 ) ) ;
#3963 = VECTOR ( 'NONE', #3425, 1000.000000000000000 ) ;
#3964 = ORIENTED_EDGE ( 'NONE', *, *, #4976, .T. ) ;
#3965 = PLANE ( 'NONE',  #468 ) ;
#3966 = ORIENTED_EDGE ( 'NONE', *, *, #3505, .F. ) ;
#3967 = CARTESIAN_POINT ( 'NONE',  ( 37.39999999999999858, -0.2999999999999999334, -2.899999999999999911 ) ) ;
#3968 = EDGE_CURVE ( 'NONE', #4433, #2676, #1682, .T. ) ;
#3969 = FACE_OUTER_BOUND ( 'NONE', #4045, .T. ) ;
#3970 = CARTESIAN_POINT ( 'NONE',  ( 36.01774279923060362, 4.000000000000004441, 53.00000000000000000 ) ) ;
#3971 = ORIENTED_EDGE ( 'NONE', *, *, #3824, .T. ) ;
#3972 = CARTESIAN_POINT ( 'NONE',  ( 10.75000000000000000, -1.000000000000000222, -5.000000000000000000 ) ) ;
#3973 = DIRECTION ( 'NONE',  ( 0.000000000000000000, 0.000000000000000000, -1.000000000000000000 ) ) ;
#3974 = LINE ( 'NONE', #4710, #4836 ) ;
#3975 = ADVANCED_FACE ( 'NONE', ( #1213 ), #1237, .F. ) ;
#3976 = DIRECTION ( 'NONE',  ( -1.471283672476397192E-32, -1.000000000000000000, 0.000000000000000000 ) ) ;
#3977 = CARTESIAN_POINT ( 'NONE',  ( 2.000000000000000000, 1.999999999999993117, 57.99999999999997868 ) ) ;
#3978 = LINE ( 'NONE', #1223, #5055 ) ;
#3979 = DIRECTION ( 'NONE',  ( -0.000000000000000000, -0.000000000000000000, 1.000000000000000000 ) ) ;
#3980 = VECTOR ( 'NONE', #4788, 1000.000000000000000 ) ;
#3981 = ORIENTED_EDGE ( 'NONE', *, *, #561, .F. ) ;
#3982 = CARTESIAN_POINT ( 'NONE',  ( 0.000000000000000000, 4.000000000000000000, 51.00000000000000000 ) ) ;
#3983 = ORIENTED_EDGE ( 'NONE', *, *, #1021, .T. ) ;
#3984 = AXIS2_PLACEMENT_3D ( 'NONE', #3736, #1701, #3327 ) ;
#3985 = ORIENTED_EDGE ( 'NONE', *, *, #981, .T. ) ;
#3986 = FACE_BOUND ( 'NONE', #2215, .T. ) ;
#3987 = CARTESIAN_POINT ( 'NONE',  ( 60.00000000000000000, -3.000000000000000888, 4.500000000000012434 ) ) ;
#3988 = VECTOR ( 'NONE', #3979, 1000.000000000000000 ) ;
#3989 = ORIENTED_EDGE ( 'NONE', *, *, #4455, .T. ) ;
#3990 = ORIENTED_EDGE ( 'NONE', *, *, #3551, .F. ) ;
#3991 = CARTESIAN_POINT ( 'NONE',  ( 16.89999999999999858, -7.400000000000000355, -3.000000000000000000 ) ) ;
#3992 = VERTEX_POINT ( 'NONE', #1267 ) ;
#3993 = MANIFOLD_SOLID_BREP ( 'Enlèv. mat.-Extru.1', #4338 ) ;
#3994 = VECTOR ( 'NONE', #439, 1000.000000000000000 ) ;
#3995 = CARTESIAN_POINT ( 'NONE',  ( 25.75000000000000355, -1.000000000000000222, -4.999999999999995559 ) ) ;
#3996 = CARTESIAN_POINT ( 'NONE',  ( 2.000000000000007105, 18.99999999999998934, 12.00000000000000000 ) ) ;
#3997 = VECTOR ( 'NONE', #3947, 1000.000000000000000 ) ;
#3998 = ORIENTED_EDGE ( 'NONE', *, *, #1651, .T. ) ;
#3999 = DIRECTION ( 'NONE',  ( 0.000000000000000000, 0.000000000000000000, 1.000000000000000000 ) ) ;
#4000 = CARTESIAN_POINT ( 'NONE',  ( 5.250000000000000000, -7.400000000000000355, -6.750000000000000888 ) ) ;
#4001 = CARTESIAN_POINT ( 'NONE',  ( 75.00000000000000000, 4.599999999999999645, -8.000000000000000000 ) ) ;
#4002 = ADVANCED_FACE ( 'NONE', ( #4706 ), #963, .F. ) ;
#4003 = AXIS2_PLACEMENT_3D ( 'NONE', #3019, #977, #3473 ) ;
#4004 = EDGE_CURVE ( 'NONE', #3530, #3344, #3030, .T. ) ;
#4005 = FACE_OUTER_BOUND ( 'NONE', #4231, .T. ) ;
#4006 = EDGE_LOOP ( 'NONE', ( #1457, #4167, #1158, #3612 ) ) ;
#4007 = CARTESIAN_POINT ( 'NONE',  ( 2.000000000000000000, 19.00000000000000355, 57.99999999999997868 ) ) ;
#4008 = DIRECTION ( 'NONE',  ( 1.000000000000000000, -0.000000000000000000, -0.000000000000000000 ) ) ;
#4009 = ORIENTED_EDGE ( 'NONE', *, *, #3779, .T. ) ;
#4010 = DIRECTION ( 'NONE',  ( 0.000000000000000000, -1.444447458290427547E-31, 1.000000000000000000 ) ) ;
#4011 = PRODUCT_RELATED_PRODUCT_CATEGORY ( 'part', '', ( #2348 ) ) ;
#4012 = VERTEX_POINT ( 'NONE', #569 ) ;
#4013 = VERTEX_POINT ( 'NONE', #1885 ) ;
#4014 = CARTESIAN_POINT ( 'NONE',  ( 4.999999999999997335, 1.999999999999997335, 16.40000000000000213 ) ) ;
#4015 = VECTOR ( 'NONE', #3314, 1000.000000000000000 ) ;
#4016 = PLANE ( 'NONE',  #942 ) ;
#4017 = EDGE_CURVE ( 'NONE', #2126, #2891, #3007, .T. ) ;
#4018 = ORIENTED_EDGE ( 'NONE', *, *, #609, .T. ) ;
#4019 = VECTOR ( 'NONE', #169, 1000.000000000000000 ) ;
#4020 = DIRECTION ( 'NONE',  ( -1.000000000000000000, -0.000000000000000000, -4.869399230812090436E-16 ) ) ;
#4021 = CARTESIAN_POINT ( 'NONE',  ( 2.000000000000001332, 19.00000000000000355, 47.99999999999997868 ) ) ;
#4022 = CARTESIAN_POINT ( 'NONE',  ( 0.000000000000000000, 0.000000000000000000, 0.000000000000000000 ) ) ;
#4023 = VERTEX_POINT ( 'NONE', #3109 ) ;
#4024 = CARTESIAN_POINT ( 'NONE',  ( 75.00000000000000000, 0.000000000000000000, 0.000000000000000000 ) ) ;
#4025 = CARTESIAN_POINT ( 'NONE',  ( 60.00000000000000000, 31.99999999999999289, -10.09999999999999787 ) ) ;
#4026 = EDGE_CURVE ( 'NONE', #5236, #1321, #3508, .T. ) ;
#4027 = EDGE_CURVE ( 'NONE', #4691, #4717, #2238, .T. ) ;
#4028 = CARTESIAN_POINT ( 'NONE',  ( 21.24999999999999645, 2.000000000000002665, 0.000000000000000000 ) ) ;
#4029 = ORIENTED_EDGE ( 'NONE', *, *, #5190, .T. ) ;
#4030 = FACE_OUTER_BOUND ( 'NONE', #4634, .T. ) ;
#4031 = AXIS2_PLACEMENT_3D ( 'NONE', #2882, #4557, #4086 ) ;
#4032 = DIRECTION ( 'NONE',  ( 0.000000000000000000, -1.000000000000000000, 0.000000000000000000 ) ) ;
#4033 = EDGE_LOOP ( 'NONE', ( #4716, #3097, #4050, #1030 ) ) ;
#4034 = LINE ( 'NONE', #2008, #1316 ) ;
#4035 = ADVANCED_FACE ( 'NONE', ( #3540 ), #3431, .F. ) ;
#4036 = EDGE_LOOP ( 'NONE', ( #2687, #1801, #3560, #4807, #1839, #4412, #3036, #2042 ) ) ;
#4037 = PLANE ( 'NONE',  #4903 ) ;
#4038 = ORIENTED_EDGE ( 'NONE', *, *, #5027, .F. ) ;
#4039 = CARTESIAN_POINT ( 'NONE',  ( 60.00000000000000000, -1.500000000000000444, 0.000000000000000000 ) ) ;
#4040 = LINE ( 'NONE', #1623, #3787 ) ;
#4041 = STYLED_ITEM ( 'NONE', ( #1916 ), #3993 ) ;
#4042 = ORIENTED_EDGE ( 'NONE', *, *, #5059, .T. ) ;
#4043 = ADVANCED_FACE ( 'NONE', ( #1444 ), #4734, .T. ) ;
#4044 = EDGE_CURVE ( 'NONE', #3187, #5101, #1420, .T. ) ;
#4045 = EDGE_LOOP ( 'NONE', ( #426, #2928, #1653, #1951 ) ) ;
#4046 = VECTOR ( 'NONE', #824, 1000.000000000000000 ) ;
#4047 = DIRECTION ( 'NONE',  ( 0.5773502691896371664, 0.5773502691896201799, 0.5773502691896198469 ) ) ;
#4048 = DIRECTION ( 'NONE',  ( -0.000000000000000000, -0.000000000000000000, 1.000000000000000000 ) ) ;
#4049 = FACE_OUTER_BOUND ( 'NONE', #3130, .T. ) ;
#4050 = ORIENTED_EDGE ( 'NONE', *, *, #4513, .F. ) ;
#4051 = PLANE ( 'NONE',  #2531 ) ;
#4052 = CARTESIAN_POINT ( 'NONE',  ( 5.750000000000001776, -1.000000000000000222, -5.000000000000001776 ) ) ;
#4053 = DIRECTION ( 'NONE',  ( -0.000000000000000000, -0.000000000000000000, -1.000000000000000000 ) ) ;
#4054 = PLANE ( 'NONE',  #743 ) ;
#4055 = DIRECTION ( 'NONE',  ( -1.000000000000000000, 0.000000000000000000, 0.000000000000000000 ) ) ;
#4056 = DIRECTION ( 'NONE',  ( -1.000000000000000000, 0.000000000000000000, -0.000000000000000000 ) ) ;
#4057 = CARTESIAN_POINT ( 'NONE',  ( 60.00000000000000000, -3.500000000000001776, 4.500000000000012434 ) ) ;
#4058 = ORIENTED_EDGE ( 'NONE', *, *, #3879, .T. ) ;
#4059 = CIRCLE ( 'NONE', #1403, 3.499999999999999556 ) ;
#4060 = CARTESIAN_POINT ( 'NONE',  ( 72.00000000000000000, 4.599999999999999645, -8.000000000000000000 ) ) ;
#4061 = ORIENTED_EDGE ( 'NONE', *, *, #4285, .T. ) ;
#4062 = DIRECTION ( 'NONE',  ( 0.7071067811865482389, -0.000000000000000000, -0.7071067811865469066 ) ) ;
#4063 = VECTOR ( 'NONE', #4156, 1000.000000000000000 ) ;
#4064 = VECTOR ( 'NONE', #4895, 1000.000000000000000 ) ;
#4065 = VECTOR ( 'NONE', #999, 1000.000000000000000 ) ;
#4066 = EDGE_CURVE ( 'NONE', #1899, #1161, #1067, .T. ) ;
#4067 = VERTEX_POINT ( 'NONE', #672 ) ;
#4068 = PLANE ( 'NONE',  #2768 ) ;
#4069 = AXIS2_PLACEMENT_3D ( 'NONE', #1564, #4032, #3198 ) ;
#4070 = CARTESIAN_POINT ( 'NONE',  ( 60.00000000000000000, 31.99999999999999289, 4.622231866529366047E-30 ) ) ;
#4071 = EDGE_CURVE ( 'NONE', #1899, #400, #2667, .T. ) ;
#4072 = DIRECTION ( 'NONE',  ( 0.000000000000000000, 0.000000000000000000, 1.000000000000000000 ) ) ;
#4073 = ORIENTED_EDGE ( 'NONE', *, *, #4411, .T. ) ;
#4074 = CARTESIAN_POINT ( 'NONE',  ( 37.49999999999999289, 28.99999999999999645, 51.75000000000000000 ) ) ;
#4075 = DIRECTION ( 'NONE',  ( 0.000000000000000000, 0.000000000000000000, -1.000000000000000000 ) ) ;
#4076 = CARTESIAN_POINT ( 'NONE',  ( 21.24999999999999645, 3.500000000000002665, 0.000000000000000000 ) ) ;
#4077 = FACE_OUTER_BOUND ( 'NONE', #1533, .T. ) ;
#4078 = CARTESIAN_POINT ( 'NONE',  ( 12.00000000000000178, 2.000000000000001776, 47.99999999999997868 ) ) ;
#4079 = PLANE ( 'NONE',  #1941 ) ;
#4080 = AXIS2_PLACEMENT_3D ( 'NONE', #222, #5165, #2773 ) ;
#4081 = DIRECTION ( 'NONE',  ( 0.000000000000000000, 0.000000000000000000, 1.000000000000000000 ) ) ;
#4082 = VECTOR ( 'NONE', #462, 1000.000000000000000 ) ;
#4083 = VERTEX_POINT ( 'NONE', #4625 ) ;
#4084 = CARTESIAN_POINT ( 'NONE',  ( 75.00000000000000000, 1.199999999999997513, -2.600000000000000089 ) ) ;
#4085 = ORIENTED_EDGE ( 'NONE', *, *, #4354, .F. ) ;
#4086 = DIRECTION ( 'NONE',  ( 1.000000000000000000, 0.000000000000000000, 0.000000000000000000 ) ) ;
#4087 = EDGE_CURVE ( 'NONE', #4272, #4747, #623, .T. ) ;
#4088 = AXIS2_PLACEMENT_3D ( 'NONE', #3037, #4239, #4215 ) ;
#4089 = EDGE_LOOP ( 'NONE', ( #2689, #3161, #2261, #4794, #850 ) ) ;
#4090 = FACE_OUTER_BOUND ( 'NONE', #2743, .T. ) ;
#4091 = CARTESIAN_POINT ( 'NONE',  ( 13.25000000000000178, 7.000000000000003553, -2.000000000000000000 ) ) ;
#4092 = CARTESIAN_POINT ( 'NONE',  ( 15.74999999999999645, -1.000000000000002220, 15.00000000000000000 ) ) ;
#4093 = VECTOR ( 'NONE', #2533, 1000.000000000000000 ) ;
#4094 = EDGE_CURVE ( 'NONE', #2626, #4304, #5163, .T. ) ;
#4095 =( GEOMETRIC_REPRESENTATION_CONTEXT ( 3 ) GLOBAL_UNCERTAINTY_ASSIGNED_CONTEXT ( ( #4175 ) ) GLOBAL_UNIT_ASSIGNED_CONTEXT ( ( #3263, #2499, #4443 ) ) REPRESENTATION_CONTEXT ( 'NONE', 'WORKASPACE' ) );
#4096 = DIRECTION ( 'NONE',  ( 1.000000000000000000, 0.000000000000000000, 0.000000000000000000 ) ) ;
#4097 = ORIENTED_EDGE ( 'NONE', *, *, #842, .T. ) ;
#4098 = CARTESIAN_POINT ( 'NONE',  ( 0.000000000000000000, 8.199999999999999289, -20.09999999999999432 ) ) ;
#4099 = PLANE ( 'NONE',  #3570 ) ;
#4100 = PLANE ( 'NONE',  #1792 ) ;
#4101 = LINE ( 'NONE', #436, #5269 ) ;
#4102 = CARTESIAN_POINT ( 'NONE',  ( 35.26538908328470256, -1.836970198721029441E-17, -2.600000000000000089 ) ) ;
#4103 = EDGE_CURVE ( 'NONE', #3855, #260, #2162, .T. ) ;
#4104 = CARTESIAN_POINT ( 'NONE',  ( 18.24999999999999645, -9.741139518946685749E-15, -0.5000000000000000000 ) ) ;
#4105 = EDGE_CURVE ( 'NONE', #2065, #3026, #4118, .T. ) ;
#4106 = CARTESIAN_POINT ( 'NONE',  ( 2.000000000000005773, 1.999999999999998668, 11.99999999999999645 ) ) ;
#4107 = AXIS2_PLACEMENT_3D ( 'NONE', #1696, #4210, #911 ) ;
#4108 = VERTEX_POINT ( 'NONE', #4787 ) ;
#4109 = LINE ( 'NONE', #420, #2539 ) ;
#4110 = ORIENTED_EDGE ( 'NONE', *, *, #4919, .F. ) ;
#4111 = CARTESIAN_POINT ( 'NONE',  ( 51.75000000000000000, 30.99999999999999645, 37.50000000000000711 ) ) ;
#4112 = ADVANCED_FACE ( 'NONE', ( #355 ), #4445, .F. ) ;
#4113 = ORIENTED_EDGE ( 'NONE', *, *, #331, .F. ) ;
#4114 = DIRECTION ( 'NONE',  ( 0.000000000000000000, 1.000000000000000000, 0.000000000000000000 ) ) ;
#4115 = MANIFOLD_SOLID_BREP ( 'Enlèv. mat.-Extru.11', #4165 ) ;
#4116 = CARTESIAN_POINT ( 'NONE',  ( 75.00000000000000000, 2.600000000000000089, 0.000000000000000000 ) ) ;
#4117 = CARTESIAN_POINT ( 'NONE',  ( 0.000000000000000000, 2.100000000000000089, 55.00000000000000000 ) ) ;
#4118 = CIRCLE ( 'NONE', #4205, 2.000000000000000000 ) ;
#4119 = VECTOR ( 'NONE', #5261, 1000.000000000000000 ) ;
#4120 = CONTEXT_DEPENDENT_SHAPE_REPRESENTATION ( #3151, #5053 ) ;
#4121 = ORIENTED_EDGE ( 'NONE', *, *, #2498, .F. ) ;
#4122 = VECTOR ( 'NONE', #463, 1000.000000000000000 ) ;
#4123 = DIRECTION ( 'NONE',  ( 1.323094176592479975E-16, -1.000000000000000000, 0.000000000000000000 ) ) ;
#4124 = EDGE_LOOP ( 'NONE', ( #975, #2174, #3128, #4359, #431 ) ) ;
#4125 = ADVANCED_FACE ( 'NONE', ( #972 ), #408, .F. ) ;
#4126 = CARTESIAN_POINT ( 'NONE',  ( 0.000000000000000000, 2.000000000000000000, 0.000000000000000000 ) ) ;
#4127 = VECTOR ( 'NONE', #853, 1000.000000000000000 ) ;
#4128 = CONTEXT_DEPENDENT_SHAPE_REPRESENTATION ( #1678, #188 ) ;
#4129 = LINE ( 'NONE', #3245, #3157 ) ;
#4130 = CARTESIAN_POINT ( 'NONE',  ( 60.00000000000000000, -7.372574772901430151E-15, 59.99999999999998579 ) ) ;
#4131 = CARTESIAN_POINT ( 'NONE',  ( 7.249999999999999112, 30.99999999999999645, 7.249999999999999112 ) ) ;
#4132 = CARTESIAN_POINT ( 'NONE',  ( 15.37500000000000000, 28.99999999999999645, 22.49999999999999289 ) ) ;
#4133 = ADVANCED_FACE ( 'NONE', ( #402 ), #2764, .F. ) ;
#4134 = LINE ( 'NONE', #2511, #3301 ) ;
#4135 = LINE ( 'NONE', #2463, #3324 ) ;
#4136 = EDGE_CURVE ( 'NONE', #2303, #876, #4989, .T. ) ;
#4137 = ORIENTED_EDGE ( 'NONE', *, *, #1078, .T. ) ;
#4138 = DIRECTION ( 'NONE',  ( 0.000000000000000000, 0.000000000000000000, -1.000000000000000000 ) ) ;
#4139 = EDGE_LOOP ( 'NONE', ( #5173, #3556, #1516, #551 ) ) ;
#4140 = LINE ( 'NONE', #15, #3770 ) ;
#4141 = ORIENTED_EDGE ( 'NONE', *, *, #1751, .T. ) ;
#4142 = ORIENTED_EDGE ( 'NONE', *, *, #628, .F. ) ;
#4143 = DIRECTION ( 'NONE',  ( -1.000000000000000000, -0.000000000000000000, -0.000000000000000000 ) ) ;
#4144 = VECTOR ( 'NONE', #3053, 1000.000000000000000 ) ;
#4145 = CARTESIAN_POINT ( 'NONE',  ( 60.00000000000000000, 33.99999999999999289, -15.10000000000000142 ) ) ;
#4146 = LINE ( 'NONE', #4117, #1409 ) ;
#4147 = CARTESIAN_POINT ( 'NONE',  ( 9.749999999999998224, -1.000000000000002887, 15.00000000000000000 ) ) ;
#4148 = AXIS2_PLACEMENT_3D ( 'NONE', #3996, #2866, #4490 ) ;
#4149 = DIRECTION ( 'NONE',  ( 0.000000000000000000, -0.000000000000000000, -1.000000000000000000 ) ) ;
#4150 = EDGE_LOOP ( 'NONE', ( #3382, #470, #4905, #1464 ) ) ;
#4151 = DIRECTION ( 'NONE',  ( 0.000000000000000000, 0.000000000000000000, -1.000000000000000000 ) ) ;
#4152 = LINE ( 'NONE', #488, #1097 ) ;
#4153 = DIRECTION ( 'NONE',  ( -1.000000000000000000, -0.000000000000000000, -0.000000000000000000 ) ) ;
#4154 = CARTESIAN_POINT ( 'NONE',  ( -2.000000000000000000, -2.449293598294706907E-16, 0.000000000000000000 ) ) ;
#4155 = ADVANCED_FACE ( 'NONE', ( #227 ), #2724, .F. ) ;
#4156 = DIRECTION ( 'NONE',  ( -0.000000000000000000, 1.000000000000000000, -0.000000000000000000 ) ) ;
#4157 = DIRECTION ( 'NONE',  ( -5.337610695313253357E-16, -1.000000000000000000, 0.000000000000000000 ) ) ;
#4158 = LINE ( 'NONE', #2538, #3806 ) ;
#4159 = ADVANCED_FACE ( 'NONE', ( #3844 ), #1397, .F. ) ;
#4160 = EDGE_LOOP ( 'NONE', ( #2932, #4865, #1179, #3328 ) ) ;
#4161 = CARTESIAN_POINT ( 'NONE',  ( 48.00000000000000000, 28.99999999999999645, 5.947623346206197105E-15 ) ) ;
#4162 = ORIENTED_EDGE ( 'NONE', *, *, #3824, .F. ) ;
#4163 = EDGE_CURVE ( 'NONE', #4253, #121, #1451, .T. ) ;
#4164 = CARTESIAN_POINT ( 'NONE',  ( 0.9999999999999997780, 2.000000000000000000, 51.00000000000000000 ) ) ;
#4165 = CLOSED_SHELL ( 'NONE', ( #3733, #2379, #144, #4890, #1992, #777, #1662, #5072, #98, #4491, #1134, #3304, #4002, #4125, #246, #2950, #3415, #3371, #499, #2216, #2449, #1599, #3937, #2697, #2669, #1903, #2972, #4400, #2801, #2775, #2198, #3975, #1733, #2954, #3661, #2, #4572, #4332, #712, #370, #2334, #3739, #4965, #1276, #1184, #4168, #5206, #288, #521, #105, #244, #3160, #2710, #848, #3243, #1821, #2450, #4112, #2374, #1874, #396, #741, #2390, #2041, #4720, #767, #3798, #4325, #1976, #2607, #299, #753, #1974, #3234, #4752, #4155, #453, #3908 ) ) ;
#4166 = ORIENTED_EDGE ( 'NONE', *, *, #2289, .F. ) ;
#4167 = ORIENTED_EDGE ( 'NONE', *, *, #4004, .T. ) ;
#4168 = ADVANCED_FACE ( 'NONE', ( #3092 ), #3516, .T. ) ;
#4169 = CARTESIAN_POINT ( 'NONE',  ( 13.25000000000000178, 3.500000000000001776, -0.5000000000000000000 ) ) ;
#4170 = ADVANCED_FACE ( 'NONE', ( #3115 ), #5171, .F. ) ;
#4171 = CARTESIAN_POINT ( 'NONE',  ( 0.4999999999999865663, 4.649999999999999467, -19.59999999999999787 ) ) ;
#4172 = DIRECTION ( 'NONE',  ( -1.000000000000000000, -1.239088197126291063E-16, 0.000000000000000000 ) ) ;
#4173 = ORIENTED_EDGE ( 'NONE', *, *, #3948, .F. ) ;
#4174 = DIRECTION ( 'NONE',  ( -1.000000000000000000, -0.000000000000000000, -0.000000000000000000 ) ) ;
#4175 = UNCERTAINTY_MEASURE_WITH_UNIT (LENGTH_MEASURE( 1.000000000000000082E-05 ), #3263, 'distance_accuracy_value', 'NONE');
#4176 = VERTEX_POINT ( 'NONE', #336 ) ;
#4177 = CARTESIAN_POINT ( 'NONE',  ( 0.000000000000000000, 4.099999999999999645, 57.00000000000000000 ) ) ;
#4178 = AXIS2_PLACEMENT_3D ( 'NONE', #3450, #5088, #2218 ) ;
#4179 = LINE ( 'NONE', #512, #1261 ) ;
#4180 = LINE ( 'NONE', #991, #238 ) ;
#4181 = CARTESIAN_POINT ( 'NONE',  ( 5.000000000000000888, 2.599999999999999201, -3.396446609406726047 ) ) ;
#4182 = CARTESIAN_POINT ( 'NONE',  ( 60.00000000000000000, 33.99999999999999289, -15.10000000000000142 ) ) ;
#4183 = EDGE_CURVE ( 'NONE', #578, #2465, #807, .T. ) ;
#4184 =( LENGTH_UNIT ( ) NAMED_UNIT ( * ) SI_UNIT ( .MILLI., .METRE. ) );
#4185 = LINE ( 'NONE', #2105, #4064 ) ;
#4186 = ADVANCED_FACE ( 'NONE', ( #1534 ), #2434, .T. ) ;
#4187 = ORIENTED_EDGE ( 'NONE', *, *, #1145, .T. ) ;
#4188 = DIRECTION ( 'NONE',  ( 0.000000000000000000, -1.000000000000000000, 0.000000000000000000 ) ) ;
#4189 = DIRECTION ( 'NONE',  ( 2.736911063134408342E-48, 1.000000000000000000, 1.187392209762482313E-16 ) ) ;
#4190 = ORIENTED_EDGE ( 'NONE', *, *, #718, .F. ) ;
#4191 = EDGE_CURVE ( 'NONE', #1624, #1747, #3599, .T. ) ;
#4192 = DIRECTION ( 'NONE',  ( 1.000000000000000000, 0.000000000000000000, 1.734723475976806108E-16 ) ) ;
#4193 = ORIENTED_EDGE ( 'NONE', *, *, #3075, .T. ) ;
#4194 = VERTEX_POINT ( 'NONE', #360 ) ;
#4196 = VECTOR ( 'NONE', #3358, 1000.000000000000000 ) ;
#4195 = LINE ( 'NONE', #2068, #3345 ) ;
#4197 = CARTESIAN_POINT ( 'NONE',  ( 72.00000000000000000, 2.600000000000000089, 0.000000000000000000 ) ) ;
#4198 = EDGE_CURVE ( 'NONE', #1106, #1230, #1979, .T. ) ;
#4199 = EDGE_CURVE ( 'NONE', #1161, #2087, #4451, .T. ) ;
#4200 = CARTESIAN_POINT ( 'NONE',  ( 13.25000000000000178, 2.000000000000001776, -3.500000000000003109 ) ) ;
#4201 = ORIENTED_EDGE ( 'NONE', *, *, #5067, .F. ) ;
#4202 = CARTESIAN_POINT ( 'NONE',  ( 21.74999999999999645, 1.000000000000003109, 15.00000000000000000 ) ) ;
#4203 = ORIENTED_EDGE ( 'NONE', *, *, #5273, .F. ) ;
#4204 = DIRECTION ( 'NONE',  ( -1.239088197126291063E-16, 1.000000000000000000, -0.000000000000000000 ) ) ;
#4205 = AXIS2_PLACEMENT_3D ( 'NONE', #5289, #4861, #2454 ) ;
#4206 = VECTOR ( 'NONE', #3625, 1000.000000000000000 ) ;
#4207 = LINE ( 'NONE', #990, #1614 ) ;
#4208 = CARTESIAN_POINT ( 'NONE',  ( 0.000000000000000000, 0.000000000000000000, 0.000000000000000000 ) ) ;
#4209 = CARTESIAN_POINT ( 'NONE',  ( 13.25000000000000355, 5.500000000000004441, -0.5000000000000000000 ) ) ;
#4210 = DIRECTION ( 'NONE',  ( 0.7071067811865425767, 0.7071067811865524577, -4.995900324435573032E-18 ) ) ;
#4211 = VECTOR ( 'NONE', #2792, 1000.000000000000000 ) ;
#4212 = CARTESIAN_POINT ( 'NONE',  ( 8.250000000000000000, 30.99999999999999645, 37.49999999999998579 ) ) ;
#4213 = DIRECTION ( 'NONE',  ( 1.000000000000000000, -0.000000000000000000, 0.000000000000000000 ) ) ;
#4214 = EDGE_CURVE ( 'NONE', #1161, #2575, #3223, .T. ) ;
#4215 = DIRECTION ( 'NONE',  ( 1.239088197126291310E-16, -1.000000000000000000, 0.000000000000000000 ) ) ;
#4216 = LINE ( 'NONE', #4161, #1064 ) ;
#4217 = EDGE_LOOP ( 'NONE', ( #4819, #4981, #2831, #3525, #1990 ) ) ;
#4218 = LINE ( 'NONE', #149, #1989 ) ;
#4219 = ORIENTED_EDGE ( 'NONE', *, *, #3471, .T. ) ;
#4220 = ORIENTED_EDGE ( 'NONE', *, *, #43, .T. ) ;
#4221 = DIRECTION ( 'NONE',  ( 0.7071067811865469066, 0.000000000000000000, 0.7071067811865481278 ) ) ;
#4222 = DIRECTION ( 'NONE',  ( 1.387778780781445676E-15, 0.000000000000000000, -1.000000000000000000 ) ) ;
#4223 = ADVANCED_FACE ( 'NONE', ( #3575 ), #5219, .T. ) ;
#4224 = VECTOR ( 'NONE', #2292, 1000.000000000000000 ) ;
#4225 = CARTESIAN_POINT ( 'NONE',  ( 59.50000000000000000, -3.000000000000000888, 5.000000000000000000 ) ) ;
#4226 = ORIENTED_EDGE ( 'NONE', *, *, #4944, .T. ) ;
#4227 = LINE ( 'NONE', #2790, #4898 ) ;
#4228 = ORIENTED_EDGE ( 'NONE', *, *, #3089, .T. ) ;
#4229 = CARTESIAN_POINT ( 'NONE',  ( 0.9999999999999997780, 2.000000000000000000, 2.000000000000000000 ) ) ;
#4230 = AXIS2_PLACEMENT_3D ( 'NONE', #2719, #4342, #5164 ) ;
#4231 = EDGE_LOOP ( 'NONE', ( #4900, #4009, #270, #1894 ) ) ;
#4232 = LINE ( 'NONE', #647, #3587 ) ;
#4233 = CARTESIAN_POINT ( 'NONE',  ( 75.00000000000000000, 0.000000000000000000, 0.000000000000000000 ) ) ;
#4234 = SURFACE_STYLE_USAGE ( .BOTH. , #271 ) ;
#4235 = DIRECTION ( 'NONE',  ( 2.736911063134408342E-48, 1.000000000000000000, 1.187392209762482313E-16 ) ) ;
#4236 = DIRECTION ( 'NONE',  ( 1.000000000000000000, 0.000000000000000000, -0.000000000000000000 ) ) ;
#4237 = CIRCLE ( 'NONE', #4069, 0.2500000000000002220 ) ;
#4238 = ORIENTED_EDGE ( 'NONE', *, *, #1435, .F. ) ;
#4239 = DIRECTION ( 'NONE',  ( -1.000000000000000000, -1.239088197126291310E-16, 0.000000000000000000 ) ) ;
#4240 = FACE_OUTER_BOUND ( 'NONE', #2665, .T. ) ;
#4241 = ORIENTED_EDGE ( 'NONE', *, *, #2066, .F. ) ;
#4242 = CARTESIAN_POINT ( 'NONE',  ( 60.00000000000000000, -4.000000000000000888, 10.90000000000000213 ) ) ;
#4243 = DIRECTION ( 'NONE',  ( -0.000000000000000000, -1.000000000000000000, -0.000000000000000000 ) ) ;
#4244 = ORIENTED_EDGE ( 'NONE', *, *, #1194, .T. ) ;
#4245 = EDGE_LOOP ( 'NONE', ( #1298, #2491, #92, #2329 ) ) ;
#4246 = CARTESIAN_POINT ( 'NONE',  ( 37.50000000000000711, 28.99999999999999645, 8.250000000000000000 ) ) ;
#4247 = EDGE_CURVE ( 'NONE', #1561, #3855, #1202, .T. ) ;
#4248 = VECTOR ( 'NONE', #4914, 1000.000000000000000 ) ;
#4249 = LINE ( 'NONE', #2286, #2927 ) ;
#4250 = EDGE_CURVE ( 'NONE', #4358, #2187, #2031, .T. ) ;
#4251 = VECTOR ( 'NONE', #4305, 1000.000000000000000 ) ;
#4252 = FACE_BOUND ( 'NONE', #2248, .T. ) ;
#4253 = VERTEX_POINT ( 'NONE', #4473 ) ;
#4254 = CARTESIAN_POINT ( 'NONE',  ( 37.50000000000000711, 28.99999999999999645, 12.00000000000000000 ) ) ;
#4255 = VERTEX_POINT ( 'NONE', #2461 ) ;
#4256 = CARTESIAN_POINT ( 'NONE',  ( 5.000000000000000000, 2.600000000000000533, -6.603553390593274841 ) ) ;
#4257 = EDGE_CURVE ( 'NONE', #1924, #684, #2513, .T. ) ;
#4258 = VERTEX_POINT ( 'NONE', #1641 ) ;
#4259 = CARTESIAN_POINT ( 'NONE',  ( 4.999999999999997335, 3.999999999999994671, 29.69999999999998863 ) ) ;
#4260 = DIRECTION ( 'NONE',  ( 0.000000000000000000, -7.065269995080883413E-18, -1.000000000000000000 ) ) ;
#4261 = CARTESIAN_POINT ( 'NONE',  ( 5.000000000000000888, 1.199999999999997957, -3.396446609406726047 ) ) ;
#4262 = VECTOR ( 'NONE', #4938, 1000.000000000000000 ) ;
#4263 = CARTESIAN_POINT ( 'NONE',  ( 11.89999999999999325, 0.4999999999999935052, -3.000000000000000000 ) ) ;
#4264 = AXIS2_PLACEMENT_3D ( 'NONE', #2868, #3619, #5241 ) ;
#4265 = SURFACE_SIDE_STYLE ('',( #2184 ) ) ;
#4266 = DIRECTION ( 'NONE',  ( -1.000000000000000000, 5.782411586589351722E-16, 0.000000000000000000 ) ) ;
#4267 = AXIS2_PLACEMENT_3D ( 'NONE', #2295, #3135, #1094 ) ;
#4268 = EDGE_CURVE ( 'NONE', #2403, #3209, #3978, .T. ) ;
#4269 = EDGE_CURVE ( 'NONE', #264, #24, #2055, .T. ) ;
#4270 = CARTESIAN_POINT ( 'NONE',  ( 0.4999999999999865663, 1.199999999999999956, -22.59999999999999432 ) ) ;
#4271 = CARTESIAN_POINT ( 'NONE',  ( 19.74999999999999645, 3.500000000000003553, 0.000000000000000000 ) ) ;
#4272 = VERTEX_POINT ( 'NONE', #1591 ) ;
#4273 = PLANE ( 'NONE',  #2071 ) ;
#4274 = ORIENTED_EDGE ( 'NONE', *, *, #2641, .F. ) ;
#4275 = VERTEX_POINT ( 'NONE', #3270 ) ;
#4276 = FACE_OUTER_BOUND ( 'NONE', #4765, .T. ) ;
#4277 = CARTESIAN_POINT ( 'NONE',  ( 36.01774279923060362, 4.099999999999999645, 57.00000000000000000 ) ) ;
#4278 = VERTEX_POINT ( 'NONE', #4893 ) ;
#4279 = AXIS2_PLACEMENT_3D ( 'NONE', #3847, #1401, #3041 ) ;
#4280 = ORIENTED_EDGE ( 'NONE', *, *, #2322, .F. ) ;
#4281 = DIRECTION ( 'NONE',  ( -0.000000000000000000, -0.000000000000000000, -1.000000000000000000 ) ) ;
#4282 = EDGE_LOOP ( 'NONE', ( #4694, #652, #1583, #3874 ) ) ;
#4283 = CARTESIAN_POINT ( 'NONE',  ( 36.01774279923060362, 2.100000000000000089, 55.00000000000000000 ) ) ;
#4284 = VERTEX_POINT ( 'NONE', #731 ) ;
#4285 = EDGE_CURVE ( 'NONE', #4611, #5054, #305, .T. ) ;
#4286 = CARTESIAN_POINT ( 'NONE',  ( 60.00000000000000000, 0.4999999999999859002, 7.222237291451933012E-32 ) ) ;
#4287 = DIRECTION ( 'NONE',  ( -1.000000000000000000, -0.000000000000000000, -0.000000000000000000 ) ) ;
#4288 = DIRECTION ( 'NONE',  ( 0.000000000000000000, -1.000000000000000000, 4.956352788505163268E-16 ) ) ;
#4289 = DIRECTION ( 'NONE',  ( 0.000000000000000000, -1.000000000000000000, 0.000000000000000000 ) ) ;
#4290 = VECTOR ( 'NONE', #2342, 1000.000000000000000 ) ;
#4291 = ORIENTED_EDGE ( 'NONE', *, *, #3713, .T. ) ;
#4292 = EDGE_CURVE ( 'NONE', #1908, #78, #2385, .T. ) ;
#4293 = CARTESIAN_POINT ( 'NONE',  ( 15.37500000000000000, 28.99999999999999645, 37.49999999999999289 ) ) ;
#4294 = EDGE_LOOP ( 'NONE', ( #504, #2458, #3590, #1121 ) ) ;
#4295 = VECTOR ( 'NONE', #3615, 1000.000000000000000 ) ;
#4296 = DIRECTION ( 'NONE',  ( 1.000000000000000000, 0.000000000000000000, 0.000000000000000000 ) ) ;
#4297 = ORIENTED_EDGE ( 'NONE', *, *, #5035, .F. ) ;
#4298 = AXIS2_PLACEMENT_3D ( 'NONE', #3667, #1996, #4466 ) ;
#4299 = EDGE_LOOP ( 'NONE', ( #2770, #3118, #3902, #3354 ) ) ;
#4300 = FACE_OUTER_BOUND ( 'NONE', #2529, .T. ) ;
#4301 = EDGE_CURVE ( 'NONE', #260, #266, #5249, .T. ) ;
#4302 = VECTOR ( 'NONE', #3744, 1000.000000000000000 ) ;
#4303 = ORIENTED_EDGE ( 'NONE', *, *, #885, .F. ) ;
#4304 = VERTEX_POINT ( 'NONE', #2804 ) ;
#4305 = DIRECTION ( 'NONE',  ( 1.000000000000000000, -0.000000000000000000, 9.738798461624180871E-16 ) ) ;
#4306 = DIRECTION ( 'NONE',  ( -1.000000000000000000, 0.000000000000000000, 0.000000000000000000 ) ) ;
#4307 = ORIENTED_EDGE ( 'NONE', *, *, #5140, .F. ) ;
#4308 = CARTESIAN_POINT ( 'NONE',  ( 19.74999999999999645, 0.5000000000000056621, -2.000000000000000000 ) ) ;
#4309 = ORIENTED_EDGE ( 'NONE', *, *, #910, .T. ) ;
#4310 = DIRECTION ( 'NONE',  ( 0.000000000000000000, -1.000000000000000000, 0.000000000000000000 ) ) ;
#4311 = EDGE_CURVE ( 'NONE', #3462, #2610, #1180, .T. ) ;
#4312 = VECTOR ( 'NONE', #3078, 1000.000000000000000 ) ;
#4313 = LINE ( 'NONE', #3483, #3240 ) ;
#4314 = ORIENTED_EDGE ( 'NONE', *, *, #1651, .F. ) ;
#4315 = CARTESIAN_POINT ( 'NONE',  ( 5.000000000000000888, 1.199999999999997513, -3.250000000000000444 ) ) ;
#4316 = LINE ( 'NONE', #3541, #809 ) ;
#4317 = CARTESIAN_POINT ( 'NONE',  ( 5.000000000000000000, 2.600000000000000089, -3.500000000000000444 ) ) ;
#4318 = AXIS2_PLACEMENT_3D ( 'NONE', #2183, #3812, #2900 ) ;
#4319 = CARTESIAN_POINT ( 'NONE',  ( 30.50000000000000000, 2.000000000000003997, 51.00000000000000000 ) ) ;
#4320 = ORIENTED_EDGE ( 'NONE', *, *, #599, .T. ) ;
#4321 = LINE ( 'NONE', #2305, #4409 ) ;
#4322 = ORIENTED_EDGE ( 'NONE', *, *, #1551, .F. ) ;
#4323 = VECTOR ( 'NONE', #4963, 1000.000000000000000 ) ;
#4324 = DIRECTION ( 'NONE',  ( 5.337610695313254343E-16, 1.000000000000000000, 0.000000000000000000 ) ) ;
#4325 = ADVANCED_FACE ( 'NONE', ( #4030 ), #2826, .T. ) ;
#4326 = ORIENTED_EDGE ( 'NONE', *, *, #2909, .T. ) ;
#4327 = VERTEX_POINT ( 'NONE', #490 ) ;
#4328 = CARTESIAN_POINT ( 'NONE',  ( 5.000000000000000000, 1.199999999999997957, -6.500000000000000888 ) ) ;
#4329 = DIRECTION ( 'NONE',  ( -1.239088197126291063E-16, -0.000000000000000000, 1.000000000000000000 ) ) ;
#4330 = AXIS2_PLACEMENT_3D ( 'NONE', #1407, #3098, #209 ) ;
#4331 = ADVANCED_FACE ( 'NONE', ( #3729 ), #2899, .F. ) ;
#4332 = ADVANCED_FACE ( 'NONE', ( #1779 ), #2921, .F. ) ;
#4333 = EDGE_LOOP ( 'NONE', ( #399, #4042, #3451, #544 ) ) ;
#4334 =( GEOMETRIC_REPRESENTATION_CONTEXT ( 3 ) GLOBAL_UNCERTAINTY_ASSIGNED_CONTEXT ( ( #1331 ) ) GLOBAL_UNIT_ASSIGNED_CONTEXT ( ( #4184, #965, #140 ) ) REPRESENTATION_CONTEXT ( 'NONE', 'WORKASPACE' ) );
#4335 = LINE ( 'NONE', #4673, #1491 ) ;
#4336 = ORIENTED_EDGE ( 'NONE', *, *, #5140, .T. ) ;
#4337 = CARTESIAN_POINT ( 'NONE',  ( 5.000000000000000888, 2.600000000000000089, -3.000000000000000000 ) ) ;
#4338 = CLOSED_SHELL ( 'NONE', ( #526, #1475, #235, #4545, #3618, #472, #2309, #1005, #2367, #728, #3112, #859, #3262, #2131, #3495, #940, #1741, #3190, #1517, #3881, #1086, #2103, #898, #1671, #637, #1070, #688, #2516, #3857, #2834, #2074, #3649, #4636, #5240, #4492, #4817, #473, #4574, #4043, #2271, #2083, #3045, #2800, #4663, #4932, #365, #2884, #1819, #3862, #2695, #887, #3133 ) ) ;
#4339 =( NAMED_UNIT ( * ) SI_UNIT ( $, .STERADIAN. ) SOLID_ANGLE_UNIT ( ) );
#4340 = VERTEX_POINT ( 'NONE', #1695 ) ;
#4341 = DIRECTION ( 'NONE',  ( 0.000000000000000000, 0.000000000000000000, 1.000000000000000000 ) ) ;
#4342 = DIRECTION ( 'NONE',  ( 0.000000000000000000, -1.000000000000000000, -1.734723475976805862E-16 ) ) ;
#4343 = LINE ( 'NONE', #1918, #3141 ) ;
#4344 = VECTOR ( 'NONE', #1770, 1000.000000000000000 ) ;
#4345 = EDGE_CURVE ( 'NONE', #4556, #644, #547, .T. ) ;
#4346 = LINE ( 'NONE', #5141, #4768 ) ;
#4347 = FACE_OUTER_BOUND ( 'NONE', #5149, .T. ) ;
#4348 = FACE_OUTER_BOUND ( 'NONE', #1997, .T. ) ;
#4349 = ORIENTED_EDGE ( 'NONE', *, *, #3224, .F. ) ;
#4350 = EDGE_LOOP ( 'NONE', ( #4336, #4567, #1103, #1404 ) ) ;
#4351 = CARTESIAN_POINT ( 'NONE',  ( 4.999999999999997335, 5.999999999999994671, 29.69999999999998863 ) ) ;
#4352 = VECTOR ( 'NONE', #4471, 1000.000000000000000 ) ;
#4353 = ORIENTED_EDGE ( 'NONE', *, *, #412, .F. ) ;
#4354 = EDGE_CURVE ( 'NONE', #3532, #1848, #2508, .T. ) ;
#4355 = VERTEX_POINT ( 'NONE', #2948 ) ;
#4356 = CARTESIAN_POINT ( 'NONE',  ( 15.74999999999999645, -1.000000000000002220, 15.00000000000000000 ) ) ;
#4357 = DIRECTION ( 'NONE',  ( -0.000000000000000000, -1.000000000000000000, -0.000000000000000000 ) ) ;
#4358 = VERTEX_POINT ( 'NONE', #84 ) ;
#4359 = ORIENTED_EDGE ( 'NONE', *, *, #5110, .T. ) ;
#4360 = LINE ( 'NONE', #321, #1904 ) ;
#4361 = ORIENTED_EDGE ( 'NONE', *, *, #1051, .F. ) ;
#4362 = CARTESIAN_POINT ( 'NONE',  ( 9.749999999999998224, 1.000000000000001332, 15.00000000000000000 ) ) ;
#4363 = CARTESIAN_POINT ( 'NONE',  ( 4.999999999999997335, 1.999999999999997335, 16.40000000000000213 ) ) ;
#4364 = EDGE_CURVE ( 'NONE', #534, #696, #3002, .T. ) ;
#4365 = CARTESIAN_POINT ( 'NONE',  ( -2.000000000000000000, -2.449293598294706907E-16, 55.00000000000000000 ) ) ;
#4366 = ORIENTED_EDGE ( 'NONE', *, *, #3296, .T. ) ;
#4367 = CARTESIAN_POINT ( 'NONE',  ( 10.75000000000000000, 2.000000000000001776, -5.000000000000000000 ) ) ;
#4368 = DIRECTION ( 'NONE',  ( 1.471283672476397192E-32, 1.000000000000000000, 0.000000000000000000 ) ) ;
#4369 = CARTESIAN_POINT ( 'NONE',  ( 58.00000000000000000, 1.999999999999998668, 11.99999999999999645 ) ) ;
#4370 = VECTOR ( 'NONE', #2193, 1000.000000000000000 ) ;
#4371 = PLANE ( 'NONE',  #1256 ) ;
#4372 = DIRECTION ( 'NONE',  ( -0.000000000000000000, 1.000000000000000000, -0.000000000000000000 ) ) ;
#4373 = CARTESIAN_POINT ( 'NONE',  ( 7.249999999999999112, 30.99999999999999645, 52.75000000000000000 ) ) ;
#4374 = ORIENTED_EDGE ( 'NONE', *, *, #3482, .F. ) ;
#4375 = ORIENTED_EDGE ( 'NONE', *, *, #494, .T. ) ;
#4376 = CARTESIAN_POINT ( 'NONE',  ( 60.00000000000000000, 3.999999999999994227, 34.69999999999999574 ) ) ;
#4377 = AXIS2_PLACEMENT_3D ( 'NONE', #2144, #2576, #2473 ) ;
#4378 = EDGE_CURVE ( 'NONE', #2573, #3911, #3756, .T. ) ;
#4379 = ORIENTED_EDGE ( 'NONE', *, *, #4268, .F. ) ;
#4380 = AXIS2_PLACEMENT_3D ( 'NONE', #653, #5144, #1480 ) ;
#4381 = ORIENTED_EDGE ( 'NONE', *, *, #3713, .F. ) ;
#4382 = CARTESIAN_POINT ( 'NONE',  ( -1.407100156058668886E-16, 1.000000000000000000, 0.000000000000000000 ) ) ;
#4383 = CARTESIAN_POINT ( 'NONE',  ( 13.29999999999999893, 5.949999999999999289, 2.000000000000000000 ) ) ;
#4384 = VECTOR ( 'NONE', #4020, 1000.000000000000000 ) ;
#4385 = ORIENTED_EDGE ( 'NONE', *, *, #74, .T. ) ;
#4386 = ORIENTED_EDGE ( 'NONE', *, *, #3778, .F. ) ;
#4387 = LINE ( 'NONE', #3162, #295 ) ;
#4388 = EDGE_LOOP ( 'NONE', ( #421, #2332, #1553, #3332 ) ) ;
#4389 = CARTESIAN_POINT ( 'NONE',  ( 12.00000000000000533, 2.000000000000001776, 11.99999999999999822 ) ) ;
#4390 = CYLINDRICAL_SURFACE ( 'NONE', #3511, 0.2500000000000002220 ) ;
#4391 = EDGE_CURVE ( 'NONE', #558, #2097, #2486, .T. ) ;
#4392 = ORIENTED_EDGE ( 'NONE', *, *, #1240, .T. ) ;
#4393 = DIRECTION ( 'NONE',  ( 2.736911063134408342E-48, 1.000000000000000000, 1.187392209762482313E-16 ) ) ;
#4394 = CARTESIAN_POINT ( 'NONE',  ( 60.00000000000000000, -4.000000000000000000, 2.000000000000000000 ) ) ;
#4395 = SPHERICAL_SURFACE ( 'NONE', #2807, 10.00000000000000000 ) ;
#4396 = LINE ( 'NONE', #2721, #1611 ) ;
#4397 = VERTEX_POINT ( 'NONE', #4604 ) ;
#4398 = DIRECTION ( 'NONE',  ( 0.000000000000000000, -0.000000000000000000, 1.000000000000000000 ) ) ;
#4399 = DIRECTION ( 'NONE',  ( -1.000000000000000000, -0.000000000000000000, -0.000000000000000000 ) ) ;
#4400 = ADVANCED_FACE ( 'NONE', ( #1723 ), #4975, .F. ) ;
#4401 = VECTOR ( 'NONE', #3502, 1000.000000000000000 ) ;
#4402 = ORIENTED_EDGE ( 'NONE', *, *, #3811, .F. ) ;
#4403 = CARTESIAN_POINT ( 'NONE',  ( 47.99999999999999289, 1.999999999999986677, 57.99999999999997868 ) ) ;
#4404 = ORIENTED_EDGE ( 'NONE', *, *, #1888, .T. ) ;
#4405 = VECTOR ( 'NONE', #1647, 1000.000000000000000 ) ;
#4406 = VERTEX_POINT ( 'NONE', #4131 ) ;
#4407 = FACE_BOUND ( 'NONE', #3291, .T. ) ;
#4408 = FACE_OUTER_BOUND ( 'NONE', #2809, .T. ) ;
#4409 = VECTOR ( 'NONE', #255, 1000.000000000000000 ) ;
#4410 = ORIENTED_EDGE ( 'NONE', *, *, #5273, .T. ) ;
#4411 = EDGE_CURVE ( 'NONE', #457, #3192, #30, .T. ) ;
#4412 = ORIENTED_EDGE ( 'NONE', *, *, #910, .F. ) ;
#4413 = LINE ( 'NONE', #350, #2787 ) ;
#4414 = ORIENTED_EDGE ( 'NONE', *, *, #967, .T. ) ;
#4415 = LINE ( 'NONE', #2400, #2849 ) ;
#4416 = FACE_OUTER_BOUND ( 'NONE', #5095, .T. ) ;
#4417 = EDGE_CURVE ( 'NONE', #2780, #4747, #4622, .T. ) ;
#4418 = AXIS2_PLACEMENT_3D ( 'NONE', #3085, #1019, #4737 ) ;
#4419 =( NAMED_UNIT ( * ) PLANE_ANGLE_UNIT ( ) SI_UNIT ( $, .RADIAN. ) );
#4420 = EDGE_LOOP ( 'NONE', ( #5117, #4297, #4486, #4713, #120, #1343, #1380, #3828 ) ) ;
#4421 = DIRECTION ( 'NONE',  ( 0.000000000000000000, -1.236370898448382630E-16, 1.000000000000000000 ) ) ;
#4422 = EDGE_CURVE ( 'NONE', #3187, #2403, #2976, .T. ) ;
#4423 = LINE ( 'NONE', #3698, #4664 ) ;
#4424 = VECTOR ( 'NONE', #4153, 1000.000000000000000 ) ;
#4425 = DIRECTION ( 'NONE',  ( 0.000000000000000000, 0.000000000000000000, -1.000000000000000000 ) ) ;
#4426 = ORIENTED_EDGE ( 'NONE', *, *, #4026, .T. ) ;
#4427 = CARTESIAN_POINT ( 'NONE',  ( 59.50000000000000000, -1.500000000000000444, 0.000000000000000000 ) ) ;
#4428 = DIRECTION ( 'NONE',  ( 1.323094176592479975E-16, -1.000000000000000000, 0.000000000000000000 ) ) ;
#4429 = ORIENTED_EDGE ( 'NONE', *, *, #1109, .F. ) ;
#4430 = FACE_OUTER_BOUND ( 'NONE', #3607, .T. ) ;
#4431 = EDGE_CURVE ( 'NONE', #2819, #1106, #909, .T. ) ;
#4432 = EDGE_CURVE ( 'NONE', #1841, #455, #4984, .T. ) ;
#4433 = VERTEX_POINT ( 'NONE', #2182 ) ;
#4434 = DIRECTION ( 'NONE',  ( 1.239088197126291063E-16, -1.000000000000000000, 0.000000000000000000 ) ) ;
#4435 = EDGE_LOOP ( 'NONE', ( #524, #2649, #1622 ) ) ;
#4436 = DIRECTION ( 'NONE',  ( -0.000000000000000000, -0.000000000000000000, 1.000000000000000000 ) ) ;
#4437 = VECTOR ( 'NONE', #4712, 1000.000000000000000 ) ;
#4438 = DIRECTION ( 'NONE',  ( 0.000000000000000000, -1.000000000000000000, 0.000000000000000000 ) ) ;
#4439 = VERTEX_POINT ( 'NONE', #2129 ) ;
#4440 = DIRECTION ( 'NONE',  ( 0.7071067811865366926, 4.088782444489060317E-16, -0.7071067811865584529 ) ) ;
#4441 = DIRECTION ( 'NONE',  ( -1.000000000000000000, -0.000000000000000000, -4.869399230812090436E-16 ) ) ;
#4442 = DIRECTION ( 'NONE',  ( -1.000000000000000000, -1.084202172485504804E-16, 0.000000000000000000 ) ) ;
#4443 =( NAMED_UNIT ( * ) SI_UNIT ( $, .STERADIAN. ) SOLID_ANGLE_UNIT ( ) );
#4444 = ORIENTED_EDGE ( 'NONE', *, *, #2263, .F. ) ;
#4445 = CYLINDRICAL_SURFACE ( 'NONE', #364, 10.00000000000000178 ) ;
#4446 = CARTESIAN_POINT ( 'NONE',  ( 5.250000000000000000, -7.400000000000000355, -6.750000000000000000 ) ) ;
#4447 = DIRECTION ( 'NONE',  ( 1.000000000000000000, 1.445602896647339656E-16, 0.000000000000000000 ) ) ;
#4448 = DIRECTION ( 'NONE',  ( 0.000000000000000000, 0.000000000000000000, -1.000000000000000000 ) ) ;
#4449 = AXIS2_PLACEMENT_3D ( 'NONE', #2767, #5010, #3565 ) ;
#4450 = ORIENTED_EDGE ( 'NONE', *, *, #4431, .T. ) ;
#4451 = LINE ( 'NONE', #1617, #1205 ) ;
#4452 = AXIS2_PLACEMENT_3D ( 'NONE', #5222, #3550, #784 ) ;
#4453 = PLANE ( 'NONE',  #4908 ) ;
#4454 = CARTESIAN_POINT ( 'NONE',  ( 18.25000000000000000, 7.000000000000005329, 0.000000000000000000 ) ) ;
#4455 = EDGE_CURVE ( 'NONE', #5101, #557, #3321, .T. ) ;
#4456 = ORIENTED_EDGE ( 'NONE', *, *, #4269, .F. ) ;
#4457 = DIRECTION ( 'NONE',  ( -0.000000000000000000, -1.000000000000000000, -0.000000000000000000 ) ) ;
#4458 = ORIENTED_EDGE ( 'NONE', *, *, #2235, .T. ) ;
#4459 = EDGE_CURVE ( 'NONE', #3605, #4722, #2535, .T. ) ;
#4460 = DIRECTION ( 'NONE',  ( -0.000000000000000000, -0.000000000000000000, 1.000000000000000000 ) ) ;
#4461 = AXIS2_PLACEMENT_3D ( 'NONE', #3653, #4055, #3173 ) ;
#4462 = ORIENTED_EDGE ( 'NONE', *, *, #3701, .F. ) ;
#4463 = VECTOR ( 'NONE', #21, 1000.000000000000000 ) ;
#4464 = CARTESIAN_POINT ( 'NONE',  ( 60.00000000000000000, -3.499999999999998224, 8.499999999999985789 ) ) ;
#4465 = CARTESIAN_POINT ( 'NONE',  ( 37.74999999999895550, 39.85000000000000142, -8.000000000000000000 ) ) ;
#4466 = DIRECTION ( 'NONE',  ( 0.000000000000000000, 0.000000000000000000, -1.000000000000000000 ) ) ;
#4467 = VECTOR ( 'NONE', #4460, 1000.000000000000000 ) ;
#4468 = ORIENTED_EDGE ( 'NONE', *, *, #1345, .T. ) ;
#4469 = FACE_OUTER_BOUND ( 'NONE', #2857, .T. ) ;
#4470 = FACE_OUTER_BOUND ( 'NONE', #4294, .T. ) ;
#4471 = DIRECTION ( 'NONE',  ( -0.000000000000000000, -1.000000000000000000, -0.000000000000000000 ) ) ;
#4472 = FACE_OUTER_BOUND ( 'NONE', #903, .T. ) ;
#4473 = CARTESIAN_POINT ( 'NONE',  ( 60.00000000000000000, -1.999999999999987121, 0.000000000000000000 ) ) ;
#4474 = CARTESIAN_POINT ( 'NONE',  ( 51.75000000000000000, 28.99999999999999645, 37.50000000000000711 ) ) ;
#4475 = EDGE_CURVE ( 'NONE', #5101, #4691, #4616, .T. ) ;
#4476 = CARTESIAN_POINT ( 'NONE',  ( 15.37500000000000000, 28.99999999999999645, 22.49999999999999289 ) ) ;
#4477 = ORIENTED_EDGE ( 'NONE', *, *, #4631, .T. ) ;
#4478 = CIRCLE ( 'NONE', #3365, 10.00000000000000178 ) ;
#4479 = DIRECTION ( 'NONE',  ( -0.000000000000000000, 1.000000000000000000, -0.000000000000000000 ) ) ;
#4480 = ORIENTED_EDGE ( 'NONE', *, *, #5131, .F. ) ;
#4481 = EDGE_CURVE ( 'NONE', #2891, #1841, #587, .T. ) ;
#4482 = CARTESIAN_POINT ( 'NONE',  ( 10.75000000000000000, -1.000000000000000222, -10.00000000000000000 ) ) ;
#4483 = AXIS2_PLACEMENT_3D ( 'NONE', #1808, #3757, #2509 ) ;
#4484 = VECTOR ( 'NONE', #2830, 1000.000000000000000 ) ;
#4485 = ORIENTED_EDGE ( 'NONE', *, *, #3867, .F. ) ;
#4486 = ORIENTED_EDGE ( 'NONE', *, *, #1630, .F. ) ;
#4487 = DIRECTION ( 'NONE',  ( 0.000000000000000000, 1.000000000000000000, 1.444447458290427328E-31 ) ) ;
#4488 = LINE ( 'NONE', #5288, #3444 ) ;
#4489 = VECTOR ( 'NONE', #757, 1000.000000000000000 ) ;
#4490 = DIRECTION ( 'NONE',  ( 0.000000000000000000, 0.000000000000000000, 1.000000000000000000 ) ) ;
#4491 = ADVANCED_FACE ( 'NONE', ( #4252, #2993 ), #1271, .F. ) ;
#4492 = ADVANCED_FACE ( 'NONE', ( #1327 ), #481, .F. ) ;
#4493 = DIRECTION ( 'NONE',  ( 0.000000000000000000, 1.000000000000000000, -0.000000000000000000 ) ) ;
#4494 = CARTESIAN_POINT ( 'NONE',  ( 60.00000000000000000, 0.4999999999999844014, 14.40000000000000213 ) ) ;
#4495 = LINE ( 'NONE', #3221, #2818 ) ;
#4496 = LINE ( 'NONE', #4918, #1686 ) ;
#4497 = CARTESIAN_POINT ( 'NONE',  ( 44.62500000000000000, 28.99999999999999645, 37.50000000000000711 ) ) ;
#4498 = DIRECTION ( 'NONE',  ( 0.9990561583550594538, -0.04343722427630695299, 0.000000000000000000 ) ) ;
#4499 = AXIS2_PLACEMENT_3D ( 'NONE', #3672, #2380, #3 ) ;
#4500 = LINE ( 'NONE', #2980, #5125 ) ;
#4501 = EDGE_CURVE ( 'NONE', #2626, #2270, #2602, .T. ) ;
#4502 = ORIENTED_EDGE ( 'NONE', *, *, #1206, .F. ) ;
#4503 = LINE ( 'NONE', #2490, #3468 ) ;
#4504 = ORIENTED_EDGE ( 'NONE', *, *, #2250, .T. ) ;
#4505 = PLANE ( 'NONE',  #2911 ) ;
#4506 = EDGE_CURVE ( 'NONE', #2178, #4340, #931, .T. ) ;
#4507 = VECTOR ( 'NONE', #1687, 1000.000000000000000 ) ;
#4508 = ORIENTED_EDGE ( 'NONE', *, *, #2436, .F. ) ;
#4509 = CARTESIAN_POINT ( 'NONE',  ( 57.99999999999999289, 1.999999999999993117, 57.99999999999997868 ) ) ;
#4510 = CARTESIAN_POINT ( 'NONE',  ( 59.50000000000000000, -1.500000000000000444, 5.000000000000000000 ) ) ;
#4511 = CARTESIAN_POINT ( 'NONE',  ( 31.50000000000000000, 2.000000000000003997, 0.000000000000000000 ) ) ;
#4512 = AXIS2_PLACEMENT_3D ( 'NONE', #5083, #1832, #3376 ) ;
#4513 = EDGE_CURVE ( 'NONE', #4255, #226, #3366, .T. ) ;
#4514 = SHAPE_DEFINITION_REPRESENTATION ( #573, #1926 ) ;
#4515 = ORIENTED_EDGE ( 'NONE', *, *, #4364, .T. ) ;
#4516 = DIRECTION ( 'NONE',  ( 0.000000000000000000, 0.000000000000000000, -1.000000000000000000 ) ) ;
#4517 = ORIENTED_EDGE ( 'NONE', *, *, #3471, .F. ) ;
#4518 = FACE_OUTER_BOUND ( 'NONE', #3220, .T. ) ;
#4519 = EDGE_CURVE ( 'NONE', #24, #3357, #3719, .T. ) ;
#4520 = CARTESIAN_POINT ( 'NONE',  ( 75.00000000000000000, 4.649999999999999467, -8.000000000000000000 ) ) ;
#4521 = CARTESIAN_POINT ( 'NONE',  ( 31.50000000000000000, 2.000000000000003997, 51.00000000000000000 ) ) ;
#4522 = DIRECTION ( 'NONE',  ( 0.000000000000000000, 0.000000000000000000, 1.000000000000000000 ) ) ;
#4523 = FACE_BOUND ( 'NONE', #610, .T. ) ;
#4524 = LINE ( 'NONE', #4039, #3994 ) ;
#4525 = DIRECTION ( 'NONE',  ( 0.000000000000000000, 0.000000000000000000, 1.000000000000000000 ) ) ;
#4526 = ORIENTED_EDGE ( 'NONE', *, *, #967, .F. ) ;
#4527 = LINE ( 'NONE', #3681, #1498 ) ;
#4528 = VERTEX_POINT ( 'NONE', #4225 ) ;
#4529 = DIRECTION ( 'NONE',  ( 0.7071067811865376918, -0.7071067811865574537, 0.000000000000000000 ) ) ;
#4530 = ORIENTED_EDGE ( 'NONE', *, *, #4198, .T. ) ;
#4531 = ORIENTED_EDGE ( 'NONE', *, *, #345, .F. ) ;
#4532 = FILL_AREA_STYLE_COLOUR ( '', #4711 ) ;
#4533 = DIRECTION ( 'NONE',  ( -0.000000000000000000, -0.000000000000000000, 1.000000000000000000 ) ) ;
#4534 = LINE ( 'NONE', #874, #4323 ) ;
#4535 = AXIS2_PLACEMENT_3D ( 'NONE', #4961, #450, #4906 ) ;
#4536 = EDGE_CURVE ( 'NONE', #536, #2893, #562, .T. ) ;
#4537 = AXIS2_PLACEMENT_3D ( 'NONE', #2530, #4204, #5051 ) ;
#4538 = AXIS2_PLACEMENT_3D ( 'NONE', #2046, #1606, #4909 ) ;
#4539 = DIRECTION ( 'NONE',  ( 0.000000000000000000, -0.000000000000000000, -1.000000000000000000 ) ) ;
#4540 = VERTEX_POINT ( 'NONE', #2200 ) ;
#4541 = CARTESIAN_POINT ( 'NONE',  ( 19.75000000000000000, 2.000000000000002665, -3.500000000000003109 ) ) ;
#4542 = UNCERTAINTY_MEASURE_WITH_UNIT (LENGTH_MEASURE( 1.000000000000000082E-05 ), #597, 'distance_accuracy_value', 'NONE');
#4543 = ORIENTED_EDGE ( 'NONE', *, *, #4841, .F. ) ;
#4544 = DIRECTION ( 'NONE',  ( -1.000000000000000000, 0.000000000000000000, 0.000000000000000000 ) ) ;
#4545 = ADVANCED_FACE ( 'NONE', ( #2631 ), #2526, .F. ) ;
#4546 = CIRCLE ( 'NONE', #372, 5.999999999999998224 ) ;
#4547 = LINE ( 'NONE', #3781, #3668 ) ;
#4548 = CARTESIAN_POINT ( 'NONE',  ( 60.00000000000000000, 33.99999999999999289, 49.99999999999997868 ) ) ;
#4549 = CARTESIAN_POINT ( 'NONE',  ( 5.000000000000000000, 2.600000000000000089, -3.250000000000000444 ) ) ;
#4550 = LINE ( 'NONE', #491, #4063 ) ;
#4551 = CARTESIAN_POINT ( 'NONE',  ( 72.00000000000000000, 4.599999999999999645, -8.000000000000000000 ) ) ;
#4552 = CARTESIAN_POINT ( 'NONE',  ( 60.00000000000000000, -4.000000000000000888, 10.90000000000000213 ) ) ;
#4553 = ORIENTED_EDGE ( 'NONE', *, *, #4978, .T. ) ;
#4554 = EDGE_CURVE ( 'NONE', #5050, #1050, #129, .T. ) ;
#4555 = CARTESIAN_POINT ( 'NONE',  ( 37.49999999999999289, 28.99999999999999645, 44.62500000000000000 ) ) ;
#4556 = VERTEX_POINT ( 'NONE', #3338 ) ;
#4557 = DIRECTION ( 'NONE',  ( -0.000000000000000000, 0.000000000000000000, 1.000000000000000000 ) ) ;
#4558 = CIRCLE ( 'NONE', #2616, 10.00000000000000178 ) ;
#4559 = ORIENTED_EDGE ( 'NONE', *, *, #3968, .T. ) ;
#4560 = EDGE_LOOP ( 'NONE', ( #142, #5041, #2258, #3050, #1632, #322 ) ) ;
#4561 = LINE ( 'NONE', #2171, #1731 ) ;
#4562 = AXIS2_PLACEMENT_3D ( 'NONE', #3060, #3510, #4288 ) ;
#4563 = LINE ( 'NONE', #1655, #5148 ) ;
#4564 = CARTESIAN_POINT ( 'NONE',  ( 30.50000000000000000, 1.000000000000003997, 51.00000000000000000 ) ) ;
#4565 = EDGE_CURVE ( 'NONE', #3184, #1737, #157, .T. ) ;
#4566 = DIRECTION ( 'NONE',  ( -1.000000000000000000, 0.000000000000000000, -4.869399230812090436E-16 ) ) ;
#4567 = ORIENTED_EDGE ( 'NONE', *, *, #4513, .T. ) ;
#4568 = AXIS2_PLACEMENT_3D ( 'NONE', #2957, #918, #5038 ) ;
#4569 = DIRECTION ( 'NONE',  ( 0.000000000000000000, 7.065269995080883413E-18, 1.000000000000000000 ) ) ;
#4570 = ORIENTED_EDGE ( 'NONE', *, *, #1717, .F. ) ;
#4571 = DIRECTION ( 'NONE',  ( -0.000000000000000000, 0.000000000000000000, -1.000000000000000000 ) ) ;
#4572 = ADVANCED_FACE ( 'NONE', ( #3395 ), #2938, .F. ) ;
#4573 = ORIENTED_EDGE ( 'NONE', *, *, #4610, .T. ) ;
#4574 = ADVANCED_FACE ( 'NONE', ( #899 ), #3421, .F. ) ;
#4575 = CARTESIAN_POINT ( 'NONE',  ( 22.50000000000000711, 30.99999999999999645, 15.37500000000000000 ) ) ;
#4576 = CARTESIAN_POINT ( 'NONE',  ( 2.000000000000007105, 108.1959594928933228, 2.000000000000009770 ) ) ;
#4577 = CARTESIAN_POINT ( 'NONE',  ( 22.50000000000001066, 28.27024810886956629, 8.249999999999998224 ) ) ;
#4578 = CARTESIAN_POINT ( 'NONE',  ( 18.25000000000000000, 7.000000000000005329, -0.5000000000000000000 ) ) ;
#4579 = FILL_AREA_STYLE_COLOUR ( '', #4915 ) ;
#4580 = DIRECTION ( 'NONE',  ( -0.000000000000000000, 1.000000000000000000, -0.000000000000000000 ) ) ;
#4581 = ORIENTED_EDGE ( 'NONE', *, *, #4805, .T. ) ;
#4582 = CARTESIAN_POINT ( 'NONE',  ( 39.73461091671529033, -1.836970198721029441E-17, -2.600000000000000089 ) ) ;
#4583 = VECTOR ( 'NONE', #5136, 1000.000000000000000 ) ;
#4584 = FACE_OUTER_BOUND ( 'NONE', #5182, .T. ) ;
#4585 = ORIENTED_EDGE ( 'NONE', *, *, #4816, .F. ) ;
#4586 = CARTESIAN_POINT ( 'NONE',  ( 60.00000000000000000, -3.500000000000001776, 10.90000000000000213 ) ) ;
#4587 = EDGE_CURVE ( 'NONE', #2317, #2761, #507, .T. ) ;
#4588 = EDGE_CURVE ( 'NONE', #2166, #1747, #1742, .T. ) ;
#4589 = ORIENTED_EDGE ( 'NONE', *, *, #2039, .T. ) ;
#4590 = EDGE_LOOP ( 'NONE', ( #4598, #2393, #679, #236, #3070, #621 ) ) ;
#4591 = CARTESIAN_POINT ( 'NONE',  ( 60.00000000000000000, 0.000000000000000000, 0.000000000000000000 ) ) ;
#4592 = DIRECTION ( 'NONE',  ( -1.000000000000000000, -0.000000000000000000, -0.000000000000000000 ) ) ;
#4593 = VECTOR ( 'NONE', #3976, 1000.000000000000000 ) ;
#4594 = VERTEX_POINT ( 'NONE', #4200 ) ;
#4595 = DIRECTION ( 'NONE',  ( -0.000000000000000000, -0.000000000000000000, 1.000000000000000000 ) ) ;
#4596 = CARTESIAN_POINT ( 'NONE',  ( 30.50000000000000000, 2.000000000000003997, 51.00000000000000000 ) ) ;
#4597 = PRODUCT_DEFINITION_CONTEXT ( 'detailed design', #1289, 'design' ) ;
#4598 = ORIENTED_EDGE ( 'NONE', *, *, #3273, .T. ) ;
#4599 = DIRECTION ( 'NONE',  ( 1.000000000000000000, 0.000000000000000000, 0.000000000000000000 ) ) ;
#4600 = VECTOR ( 'NONE', #3456, 1000.000000000000000 ) ;
#4601 = ORIENTED_EDGE ( 'NONE', *, *, #3330, .F. ) ;
#4602 = CARTESIAN_POINT ( 'NONE',  ( 47.99999999999999289, 19.00000000000000355, 47.99999999999998579 ) ) ;
#4603 = DIRECTION ( 'NONE',  ( 0.000000000000000000, 0.000000000000000000, -1.000000000000000000 ) ) ;
#4604 = CARTESIAN_POINT ( 'NONE',  ( 52.75000000000000000, 33.99999999999999289, 52.75000000000000000 ) ) ;
#4605 = DIRECTION ( 'NONE',  ( 0.000000000000000000, 1.000000000000000000, -0.000000000000000000 ) ) ;
#4606 = DIRECTION ( 'NONE',  ( -0.000000000000000000, 0.000000000000000000, 1.000000000000000000 ) ) ;
#4607 = LINE ( 'NONE', #4270, #752 ) ;
#4608 = DIRECTION ( 'NONE',  ( -3.469446951953614682E-16, 0.000000000000000000, 1.000000000000000000 ) ) ;
#4609 = DIRECTION ( 'NONE',  ( -1.000000000000000000, 0.000000000000000000, 0.000000000000000000 ) ) ;
#4610 = EDGE_CURVE ( 'NONE', #2891, #4823, #2228, .T. ) ;
#4611 = VERTEX_POINT ( 'NONE', #182 ) ;
#4612 = EDGE_LOOP ( 'NONE', ( #234, #4314, #5036, #2747 ) ) ;
#4614 = DIRECTION ( 'NONE',  ( 0.000000000000000000, 0.000000000000000000, 1.000000000000000000 ) ) ;
#4613 = CIRCLE ( 'NONE', #1029, 10.00000000000000000 ) ;
#4615 = CARTESIAN_POINT ( 'NONE',  ( 5.000000000000000000, -7.400000000000000355, -7.000000000000000000 ) ) ;
#4616 = LINE ( 'NONE', #3800, #4344 ) ;
#4617 = VERTEX_POINT ( 'NONE', #1827 ) ;
#4618 = DIRECTION ( 'NONE',  ( -0.7071067811865574537, -0.7071067811865376918, -8.433113791758441896E-17 ) ) ;
#4619 = ORIENTED_EDGE ( 'NONE', *, *, #2415, .F. ) ;
#4620 = DIRECTION ( 'NONE',  ( -0.000000000000000000, 1.000000000000000000, -0.000000000000000000 ) ) ;
#4621 = ORIENTED_EDGE ( 'NONE', *, *, #2146, .F. ) ;
#4622 = CIRCLE ( 'NONE', #2346, 1.499999999999999556 ) ;
#4623 = DIRECTION ( 'NONE',  ( -1.000000000000000000, 1.471283672476397192E-32, -1.239088197126291063E-16 ) ) ;
#4624 = LINE ( 'NONE', #3430, #3306 ) ;
#4625 = CARTESIAN_POINT ( 'NONE',  ( 75.00000000000000000, 4.649999999999999467, -8.000000000000000000 ) ) ;
#4626 = FACE_OUTER_BOUND ( 'NONE', #1536, .T. ) ;
#4627 = VECTOR ( 'NONE', #1938, 1000.000000000000000 ) ;
#4628 = CARTESIAN_POINT ( 'NONE',  ( 18.24999999999999645, -9.741139518946685749E-15, -2.000000000000000000 ) ) ;
#4629 = DIRECTION ( 'NONE',  ( 0.000000000000000000, 0.000000000000000000, -1.000000000000000000 ) ) ;
#4630 = ORIENTED_EDGE ( 'NONE', *, *, #3183, .F. ) ;
#4631 = EDGE_CURVE ( 'NONE', #4850, #158, #3233, .T. ) ;
#4632 = DIRECTION ( 'NONE',  ( -1.000000000000000000, -0.000000000000000000, -0.000000000000000000 ) ) ;
#4633 = DIRECTION ( 'NONE',  ( 1.000000000000000000, 0.000000000000000000, 0.000000000000000000 ) ) ;
#4634 = EDGE_LOOP ( 'NONE', ( #4404, #3873, #281, #1812 ) ) ;
#4635 = CARTESIAN_POINT ( 'NONE',  ( 30.50000000000000000, 1.000000000000003997, 51.00000000000000000 ) ) ;
#4636 = ADVANCED_FACE ( 'NONE', ( #3843 ), #2568, .F. ) ;
#4637 = ORIENTED_EDGE ( 'NONE', *, *, #4676, .F. ) ;
#4638 = ADVANCED_FACE ( 'NONE', ( #3789 ), #5064, .F. ) ;
#4639 = ORIENTED_EDGE ( 'NONE', *, *, #2624, .F. ) ;
#4640 = DIRECTION ( 'NONE',  ( 0.000000000000000000, 0.000000000000000000, -1.000000000000000000 ) ) ;
#4641 = CARTESIAN_POINT ( 'NONE',  ( 0.000000000000000000, -6.000000000000000888, 8.900000000000002132 ) ) ;
#4642 = CIRCLE ( 'NONE', #2366, 5.000000000000000000 ) ;
#4643 = DIRECTION ( 'NONE',  ( 0.000000000000000000, -1.084202172485504311E-16, 1.000000000000000000 ) ) ;
#4644 = ORIENTED_EDGE ( 'NONE', *, *, #4721, .T. ) ;
#4645 = DIRECTION ( 'NONE',  ( -1.387778780781445676E-15, 0.000000000000000000, 1.000000000000000000 ) ) ;
#4646 = ORIENTED_EDGE ( 'NONE', *, *, #2323, .F. ) ;
#4647 = CARTESIAN_POINT ( 'NONE',  ( 5.250000000000000000, 2.589130434782608514, -6.500000000000000888 ) ) ;
#4648 = EDGE_CURVE ( 'NONE', #260, #790, #3438, .T. ) ;
#4649 = EDGE_CURVE ( 'NONE', #1399, #4023, #3355, .T. ) ;
#4650 = CIRCLE ( 'NONE', #41, 10.00000000000000000 ) ;
#4651 = VERTEX_POINT ( 'NONE', #2672 ) ;
#4652 = DIRECTION ( 'NONE',  ( -1.000000000000000000, -0.000000000000000000, -0.000000000000000000 ) ) ;
#4653 = LINE ( 'NONE', #5058, #3553 ) ;
#4654 = CARTESIAN_POINT ( 'NONE',  ( 37.49999999999999289, 28.27024810886957340, 51.75000000000000000 ) ) ;
#4655 = LINE ( 'NONE', #4363, #4019 ) ;
#4656 = CIRCLE ( 'NONE', #3381, 5.999999999999998224 ) ;
#4657 = ORIENTED_EDGE ( 'NONE', *, *, #915, .F. ) ;
#4658 = CARTESIAN_POINT ( 'NONE',  ( 11.89999999999999325, 0.000000000000000000, -3.000000000000000000 ) ) ;
#4659 = DIRECTION ( 'NONE',  ( -1.239088197126291063E-16, -0.000000000000000000, 1.000000000000000000 ) ) ;
#4660 = EDGE_LOOP ( 'NONE', ( #3400, #3367, #2639, #1993, #2941, #1891, #716, #671 ) ) ;
#4661 = ORIENTED_EDGE ( 'NONE', *, *, #1707, .T. ) ;
#4662 = LINE ( 'NONE', #3904, #3684 ) ;
#4663 = ADVANCED_FACE ( 'NONE', ( #1341 ), #2956, .T. ) ;
#4664 = VECTOR ( 'NONE', #3289, 1000.000000000000000 ) ;
#4665 = ORIENTED_EDGE ( 'NONE', *, *, #4247, .F. ) ;
#4666 = ORIENTED_EDGE ( 'NONE', *, *, #4432, .F. ) ;
#4667 = DIRECTION ( 'NONE',  ( 0.000000000000000000, 1.000000000000000000, 0.000000000000000000 ) ) ;
#4668 = VECTOR ( 'NONE', #908, 1000.000000000000000 ) ;
#4669 = PLANE ( 'NONE',  #2433 ) ;
#4670 = EDGE_CURVE ( 'NONE', #3848, #4275, #4982, .T. ) ;
#4671 = ORIENTED_EDGE ( 'NONE', *, *, #2678, .T. ) ;
#4672 = VERTEX_POINT ( 'NONE', #5012 ) ;
#4673 = CARTESIAN_POINT ( 'NONE',  ( 48.00000000000000000, 28.99999999999999645, 2.000000000000000000 ) ) ;
#4674 = ORIENTED_EDGE ( 'NONE', *, *, #4904, .T. ) ;
#4675 = CARTESIAN_POINT ( 'NONE',  ( 12.00000000000000533, 2.000000000000003109, 1.999999999999997113 ) ) ;
#4676 = EDGE_CURVE ( 'NONE', #1450, #691, #90, .T. ) ;
#4677 = EDGE_LOOP ( 'NONE', ( #3150, #3823, #495, #3761, #2939 ) ) ;
#4678 = DIRECTION ( 'NONE',  ( 0.000000000000000000, 1.187392209762482313E-16, -1.000000000000000000 ) ) ;
#4679 =( NAMED_UNIT ( * ) PLANE_ANGLE_UNIT ( ) SI_UNIT ( $, .RADIAN. ) );
#4680 = EDGE_CURVE ( 'NONE', #4304, #1690, #3064, .T. ) ;
#4681 = VECTOR ( 'NONE', #1297, 1000.000000000000000 ) ;
#4682 = CARTESIAN_POINT ( 'NONE',  ( 31.50000000000000000, -2.168404344971008868E-16, 55.00000000000000000 ) ) ;
#4683 = LINE ( 'NONE', #3139, #5093 ) ;
#4684 = VERTEX_POINT ( 'NONE', #2646 ) ;
#4685 = DIRECTION ( 'NONE',  ( 0.000000000000000000, -7.065269995080883413E-18, -1.000000000000000000 ) ) ;
#4686 = ORIENTED_EDGE ( 'NONE', *, *, #5168, .F. ) ;
#4687 = CARTESIAN_POINT ( 'NONE',  ( 36.01774279923060362, 4.099999999999999645, 57.00000000000000000 ) ) ;
#4688 = CARTESIAN_POINT ( 'NONE',  ( 11.75000000000000355, 5.500000000000005329, -0.5000000000000000000 ) ) ;
#4689 = VECTOR ( 'NONE', #3814, 1000.000000000000000 ) ;
#4690 = ORIENTED_EDGE ( 'NONE', *, *, #3579, .T. ) ;
#4691 = VERTEX_POINT ( 'NONE', #2983 ) ;
#4692 = CARTESIAN_POINT ( 'NONE',  ( 47.99999999999997868, 1.999999999999993117, 57.99999999999997868 ) ) ;
#4693 = ORIENTED_EDGE ( 'NONE', *, *, #2922, .T. ) ;
#4694 = ORIENTED_EDGE ( 'NONE', *, *, #3691, .T. ) ;
#4695 = DIRECTION ( 'NONE',  ( 0.7071067811865481278, 0.000000000000000000, -0.7071067811865469066 ) ) ;
#4696 = LINE ( 'NONE', #1408, #1562 ) ;
#4697 = EDGE_LOOP ( 'NONE', ( #3229, #5280, #1410, #3489 ) ) ;
#4698 = AXIS2_PLACEMENT_3D ( 'NONE', #3095, #3520, #5092 ) ;
#4699 = ORIENTED_EDGE ( 'NONE', *, *, #3922, .T. ) ;
#4700 = PLANE ( 'NONE',  #3799 ) ;
#4701 = ORIENTED_EDGE ( 'NONE', *, *, #4879, .F. ) ;
#4702 = DIRECTION ( 'NONE',  ( -1.000000000000000000, -1.084202172485504804E-16, 0.000000000000000000 ) ) ;
#4703 = EDGE_CURVE ( 'NONE', #2600, #2468, #4607, .T. ) ;
#4704 = CARTESIAN_POINT ( 'NONE',  ( 11.75000000000000000, 3.500000000000001332, -2.000000000000000000 ) ) ;
#4705 = CARTESIAN_POINT ( 'NONE',  ( 25.75000000000000711, 2.000000000000003109, 0.000000000000000000 ) ) ;
#4706 = FACE_OUTER_BOUND ( 'NONE', #2791, .T. ) ;
#4707 = DIRECTION ( 'NONE',  ( -0.000000000000000000, 1.000000000000000000, -0.000000000000000000 ) ) ;
#4708 = EDGE_CURVE ( 'NONE', #1540, #2281, #5037, .T. ) ;
#4709 = DIRECTION ( 'NONE',  ( -1.000000000000000000, 0.000000000000000000, -0.000000000000000000 ) ) ;
#4710 = CARTESIAN_POINT ( 'NONE',  ( 75.00000000000000000, 1.199999999999997513, -2.999999999999999112 ) ) ;
#4711 = COLOUR_RGB ( '',0.7921568627450980005, 0.8196078431372548767, 0.9333333333333333481 ) ;
#4712 = DIRECTION ( 'NONE',  ( 0.000000000000000000, 1.000000000000000000, 0.000000000000000000 ) ) ;
#4713 = ORIENTED_EDGE ( 'NONE', *, *, #1415, .F. ) ;
#4714 = VECTOR ( 'NONE', #511, 1000.000000000000000 ) ;
#4715 = DIRECTION ( 'NONE',  ( 0.000000000000000000, 0.000000000000000000, 1.000000000000000000 ) ) ;
#4716 = ORIENTED_EDGE ( 'NONE', *, *, #2504, .F. ) ;
#4717 = VERTEX_POINT ( 'NONE', #2137 ) ;
#4718 = CARTESIAN_POINT ( 'NONE',  ( 12.00000000000000533, 19.00000000000000355, 12.00000000000000000 ) ) ;
#4719 = AXIS2_PLACEMENT_3D ( 'NONE', #4277, #3527, #1434 ) ;
#4720 = ADVANCED_FACE ( 'NONE', ( #943 ), #552, .T. ) ;
#4721 = EDGE_CURVE ( 'NONE', #2676, #2178, #522, .T. ) ;
#4722 = VERTEX_POINT ( 'NONE', #3464 ) ;
#4723 = ORIENTED_EDGE ( 'NONE', *, *, #4670, .T. ) ;
#4724 = CARTESIAN_POINT ( 'NONE',  ( 30.50000000000000000, 1.000000000000003997, 2.000000000000000000 ) ) ;
#4725 = CARTESIAN_POINT ( 'NONE',  ( 15.75000000000000000, -1.000000000000001776, 40.00000000000000000 ) ) ;
#4726 = VERTEX_POINT ( 'NONE', #4293 ) ;
#4727 = EDGE_LOOP ( 'NONE', ( #747, #1052, #3202, #3952, #2660, #1303, #4875, #174, #2578, #707 ) ) ;
#4728 = DIRECTION ( 'NONE',  ( -0.7071067811865482389, -0.000000000000000000, 0.7071067811865469066 ) ) ;
#4729 = VERTEX_POINT ( 'NONE', #1728 ) ;
#4730 = DIRECTION ( 'NONE',  ( -1.000000000000000000, -0.000000000000000000, -0.000000000000000000 ) ) ;
#4731 = EDGE_CURVE ( 'NONE', #304, #3044, #200, .T. ) ;
#4732 = VECTOR ( 'NONE', #615, 1000.000000000000000 ) ;
#4733 = ORIENTED_EDGE ( 'NONE', *, *, #1139, .T. ) ;
#4734 = CYLINDRICAL_SURFACE ( 'NONE', #3611, 1.500000000000001332 ) ;
#4735 = EDGE_CURVE ( 'NONE', #3300, #922, #145, .T. ) ;
#4736 = CARTESIAN_POINT ( 'NONE',  ( 37.50000000000000711, 28.27024810886956629, 8.250000000000000000 ) ) ;
#4737 = DIRECTION ( 'NONE',  ( 1.000000000000000000, -8.673617379884038430E-16, 0.000000000000000000 ) ) ;
#4738 = AXIS2_PLACEMENT_3D ( 'NONE', #1042, #2326, #2696 ) ;
#4739 = VECTOR ( 'NONE', #2033, 1000.000000000000000 ) ;
#4740 = VECTOR ( 'NONE', #3817, 1000.000000000000000 ) ;
#4741 = EDGE_CURVE ( 'NONE', #930, #4194, #1759, .T. ) ;
#4742 = DIRECTION ( 'NONE',  ( -1.000000000000000000, -0.000000000000000000, -4.869399230812090436E-16 ) ) ;
#4743 = ORIENTED_EDGE ( 'NONE', *, *, #5123, .F. ) ;
#4744 = CARTESIAN_POINT ( 'NONE',  ( 60.00000000000000000, -1.999999999999987121, 5.000000000000000000 ) ) ;
#4745 = DIRECTION ( 'NONE',  ( 1.000000000000000000, 4.336808689942019708E-16, 0.000000000000000000 ) ) ;
#4746 = ORIENTED_EDGE ( 'NONE', *, *, #2596, .F. ) ;
#4747 = VERTEX_POINT ( 'NONE', #3572 ) ;
#4748 = VECTOR ( 'NONE', #4008, 1000.000000000000000 ) ;
#4749 = CARTESIAN_POINT ( 'NONE',  ( 0.000000000000000000, 2.000000000000000000, 0.000000000000000000 ) ) ;
#4750 = VERTEX_POINT ( 'NONE', #277 ) ;
#4751 = ORIENTED_EDGE ( 'NONE', *, *, #1807, .F. ) ;
#4752 = ADVANCED_FACE ( 'NONE', ( #1102 ), #4371, .F. ) ;
#4753 = FACE_OUTER_BOUND ( 'NONE', #5177, .T. ) ;
#4754 = CARTESIAN_POINT ( 'NONE',  ( 12.39999999999999503, 0.000000000000000000, 0.000000000000000000 ) ) ;
#4755 = AXIS2_PLACEMENT_3D ( 'NONE', #3935, #4221, #4695 ) ;
#4756 = ORIENTED_EDGE ( 'NONE', *, *, #4501, .F. ) ;
#4757 = ORIENTED_EDGE ( 'NONE', *, *, #2755, .T. ) ;
#4758 = AXIS2_PLACEMENT_3D ( 'NONE', #4356, #686, #2338 ) ;
#4759 = FACE_OUTER_BOUND ( 'NONE', #3598, .T. ) ;
#4760 = ORIENTED_EDGE ( 'NONE', *, *, #1767, .F. ) ;
#4761 = PLANE ( 'NONE',  #279 ) ;
#4762 = CARTESIAN_POINT ( 'NONE',  ( 51.75000000000000000, 30.99999999999999645, 22.50000000000001066 ) ) ;
#4763 = AXIS2_PLACEMENT_3D ( 'NONE', #192, #3782, #4678 ) ;
#4764 = CARTESIAN_POINT ( 'NONE',  ( 7.249999999999999112, 33.99999999999999289, 52.75000000000000000 ) ) ;
#4765 = EDGE_LOOP ( 'NONE', ( #3581, #1597, #2170, #5179 ) ) ;
#4766 = PLANE ( 'NONE',  #4230 ) ;
#4767 = EDGE_CURVE ( 'NONE', #2483, #2324, #5113, .T. ) ;
#4768 = VECTOR ( 'NONE', #3113, 1000.000000000000000 ) ;
#4769 = DIRECTION ( 'NONE',  ( -1.000000000000000000, -0.000000000000000000, -0.000000000000000000 ) ) ;
#4770 = CARTESIAN_POINT ( 'NONE',  ( 37.49999999999999289, 28.99999999999999645, 44.62500000000000000 ) ) ;
#4771 = DIRECTION ( 'NONE',  ( 1.734723475976806108E-16, 0.000000000000000000, -1.000000000000000000 ) ) ;
#4772 = EDGE_LOOP ( 'NONE', ( #4581, #2715, #1047, #3580 ) ) ;
#4773 = DIRECTION ( 'NONE',  ( -0.000000000000000000, 1.000000000000000000, -4.956352788505164254E-16 ) ) ;
#4774 = CIRCLE ( 'NONE', #2981, 3.499999999999999556 ) ;
#4775 = EDGE_LOOP ( 'NONE', ( #668, #1260, #344, #3659 ) ) ;
#4776 = ORIENTED_EDGE ( 'NONE', *, *, #1257, .T. ) ;
#4777 = CARTESIAN_POINT ( 'NONE',  ( 0.000000000000000000, 29.19999999999999218, -10.09999999999999787 ) ) ;
#4778 = EDGE_CURVE ( 'NONE', #2726, #2626, #2731, .T. ) ;
#4779 = FACE_OUTER_BOUND ( 'NONE', #2838, .T. ) ;
#4780 = ORIENTED_EDGE ( 'NONE', *, *, #1325, .T. ) ;
#4781 = ORIENTED_EDGE ( 'NONE', *, *, #1587, .F. ) ;
#4782 = FACE_OUTER_BOUND ( 'NONE', #1328, .T. ) ;
#4783 = ORIENTED_EDGE ( 'NONE', *, *, #3961, .F. ) ;
#4784 = LINE ( 'NONE', #4834, #4384 ) ;
#4785 = DIRECTION ( 'NONE',  ( 0.000000000000000000, 1.000000000000000000, -0.000000000000000000 ) ) ;
#4786 = VERTEX_POINT ( 'NONE', #3898 ) ;
#4787 = CARTESIAN_POINT ( 'NONE',  ( 52.75000000000000000, 30.99999999999999645, 52.75000000000000000 ) ) ;
#4788 = DIRECTION ( 'NONE',  ( 1.239088197126291063E-16, 1.734723475976805862E-16, -1.000000000000000000 ) ) ;
#4789 = DIRECTION ( 'NONE',  ( -0.9990561583550594538, 0.04343722427630695299, -0.000000000000000000 ) ) ;
#4790 = CARTESIAN_POINT ( 'NONE',  ( 1.000000000000000000, 1.000000000000000000, 51.00000000000000000 ) ) ;
#4791 = EDGE_LOOP ( 'NONE', ( #2653, #862, #4326, #4543, #4193 ) ) ;
#4792 = CARTESIAN_POINT ( 'NONE',  ( 18.19999999999999929, 5.949999999999999289, 2.000000000000000000 ) ) ;
#4793 = FACE_OUTER_BOUND ( 'NONE', #2968, .T. ) ;
#4794 = ORIENTED_EDGE ( 'NONE', *, *, #2391, .F. ) ;
#4795 = DIRECTION ( 'NONE',  ( -0.000000000000000000, 0.000000000000000000, -1.000000000000000000 ) ) ;
#4796 = VECTOR ( 'NONE', #3258, 1000.000000000000000 ) ;
#4797 = EDGE_CURVE ( 'NONE', #4108, #1135, #1449, .T. ) ;
#4798 = AXIS2_PLACEMENT_3D ( 'NONE', #2069, #717, #2371 ) ;
#4799 = VERTEX_POINT ( 'NONE', #5193 ) ;
#4800 = VECTOR ( 'NONE', #1130, 1000.000000000000000 ) ;
#4801 = VERTEX_POINT ( 'NONE', #1046 ) ;
#4802 = CYLINDRICAL_SURFACE ( 'NONE', #4758, 5.999999999999998224 ) ;
#4803 = DIRECTION ( 'NONE',  ( 1.000000000000000000, 0.000000000000000000, 1.734723475976807094E-16 ) ) ;
#4804 = VECTOR ( 'NONE', #3499, 1000.000000000000000 ) ;
#4805 = EDGE_CURVE ( 'NONE', #2575, #3868, #2698, .T. ) ;
#4806 = VERTEX_POINT ( 'NONE', #2272 ) ;
#4807 = ORIENTED_EDGE ( 'NONE', *, *, #1531, .F. ) ;
#4808 = CARTESIAN_POINT ( 'NONE',  ( 37.49999999999999289, 28.99999999999999645, 51.75000000000000000 ) ) ;
#4809 = ORIENTED_EDGE ( 'NONE', *, *, #2679, .T. ) ;
#4810 = LINE ( 'NONE', #1143, #4211 ) ;
#4811 = CARTESIAN_POINT ( 'NONE',  ( 5.000000000000000000, 2.600000000000000089, -3.500000000000000444 ) ) ;
#4812 = APPLICATION_PROTOCOL_DEFINITION ( 'draft international standard', 'automotive_design', 1998, #1289 ) ;
#4813 = VERTEX_POINT ( 'NONE', #4319 ) ;
#4814 = DIRECTION ( 'NONE',  ( 0.000000000000000000, 0.000000000000000000, 1.000000000000000000 ) ) ;
#4815 = DIRECTION ( 'NONE',  ( 1.000000000000000000, -0.000000000000000000, -0.000000000000000000 ) ) ;
#4816 = EDGE_CURVE ( 'NONE', #457, #3686, #1947, .T. ) ;
#4817 = ADVANCED_FACE ( 'NONE', ( #303 ), #3171, .F. ) ;
#4818 = DIRECTION ( 'NONE',  ( 0.000000000000000000, -0.000000000000000000, -1.000000000000000000 ) ) ;
#4819 = ORIENTED_EDGE ( 'NONE', *, *, #1415, .T. ) ;
#4820 = DIRECTION ( 'NONE',  ( 2.736911063134408342E-48, 1.000000000000000000, 1.187392209762482313E-16 ) ) ;
#4821 = DIRECTION ( 'NONE',  ( -0.000000000000000000, 1.000000000000000000, 1.257045997084642611E-16 ) ) ;
#4822 = AXIS2_PLACEMENT_3D ( 'NONE', #4446, #828, #2846 ) ;
#4823 = VERTEX_POINT ( 'NONE', #1890 ) ;
#4824 = CARTESIAN_POINT ( 'NONE',  ( 60.00000000000000000, 1.999999999999994005, 47.99999999999997868 ) ) ;
#4825 = ORIENTED_EDGE ( 'NONE', *, *, #1612, .T. ) ;
#4826 = CIRCLE ( 'NONE', #5081, 2.000000000000000000 ) ;
#4827 = CARTESIAN_POINT ( 'NONE',  ( 59.50000000000000000, -1.500000000000000444, 0.000000000000000000 ) ) ;
#4828 = ORIENTED_EDGE ( 'NONE', *, *, #1542, .T. ) ;
#4829 = FACE_OUTER_BOUND ( 'NONE', #1575, .T. ) ;
#4830 = CARTESIAN_POINT ( 'NONE',  ( 11.89999999999999325, 1.199999999999999956, -3.000000000000000000 ) ) ;
#4831 = ORIENTED_EDGE ( 'NONE', *, *, #3741, .T. ) ;
#4832 = ORIENTED_EDGE ( 'NONE', *, *, #4976, .F. ) ;
#4833 = DIRECTION ( 'NONE',  ( -0.000000000000000000, -1.000000000000000000, -0.000000000000000000 ) ) ;
#4834 = CARTESIAN_POINT ( 'NONE',  ( 8.250000000000000000, 30.99999999999999645, 22.49999999999998934 ) ) ;
#4835 = CARTESIAN_POINT ( 'NONE',  ( 11.89999999999999325, 0.8999999999999980238, -3.500000000000000444 ) ) ;
#4836 = VECTOR ( 'NONE', #3486, 1000.000000000000000 ) ;
#4837 = DIRECTION ( 'NONE',  ( -1.000000000000000000, 0.000000000000000000, 0.000000000000000000 ) ) ;
#4838 = EDGE_LOOP ( 'NONE', ( #276, #4585, #4073, #1406 ) ) ;
#4839 = LINE ( 'NONE', #4098, #641 ) ;
#4840 = CARTESIAN_POINT ( 'NONE',  ( 0.000000000000000000, 8.199999999999999289, -22.59999999999999787 ) ) ;
#4841 = EDGE_CURVE ( 'NONE', #80, #1208, #1151, .T. ) ;
#4842 = AXIS2_PLACEMENT_3D ( 'NONE', #4208, #3403, #3457 ) ;
#4843 = EDGE_CURVE ( 'NONE', #2717, #2166, #4346, .T. ) ;
#4844 = DIRECTION ( 'NONE',  ( 1.239088197126291063E-16, -1.000000000000000000, 0.000000000000000000 ) ) ;
#4845 = EDGE_LOOP ( 'NONE', ( #2662, #3257, #2229, #198, #4671, #4219, #359, #2520, #1147 ) ) ;
#4846 = DIRECTION ( 'NONE',  ( -1.387778780781445676E-15, -1.719580307488603941E-31, 1.000000000000000000 ) ) ;
#4847 = FACE_OUTER_BOUND ( 'NONE', #4160, .T. ) ;
#4848 = LINE ( 'NONE', #390, #4739 ) ;
#4849 = VECTOR ( 'NONE', #77, 1000.000000000000000 ) ;
#4850 = VERTEX_POINT ( 'NONE', #1127 ) ;
#4851 = DIRECTION ( 'NONE',  ( 1.000000000000000000, 0.000000000000000000, -6.938893903907232322E-16 ) ) ;
#4852 = ORIENTED_EDGE ( 'NONE', *, *, #2117, .F. ) ;
#4853 = VECTOR ( 'NONE', #780, 1000.000000000000000 ) ;
#4854 = CARTESIAN_POINT ( 'NONE',  ( 19.75000000000000000, 7.000000000000006217, 0.000000000000000000 ) ) ;
#4855 = ORIENTED_EDGE ( 'NONE', *, *, #1347, .F. ) ;
#4856 = CARTESIAN_POINT ( 'NONE',  ( 21.74999999999999645, -1.000000000000001554, 15.00000000000000000 ) ) ;
#4857 = LINE ( 'NONE', #4465, #449 ) ;
#4858 = LINE ( 'NONE', #4835, #127 ) ;
#4859 = EDGE_CURVE ( 'NONE', #4284, #3184, #1073, .T. ) ;
#4860 = ITEM_DEFINED_TRANSFORMATION ( 'NONE', 'NONE', #4264,  #3931 ) ;
#4861 = DIRECTION ( 'NONE',  ( 1.000000000000000000, 0.000000000000000000, -0.000000000000000000 ) ) ;
#4862 = DIRECTION ( 'NONE',  ( 0.000000000000000000, 1.000000000000000000, 0.000000000000000000 ) ) ;
#4863 = PLANE ( 'NONE',  #2883 ) ;
#4864 = EDGE_CURVE ( 'NONE', #1090, #4672, #4396, .T. ) ;
#4865 = ORIENTED_EDGE ( 'NONE', *, *, #378, .F. ) ;
#4866 = EDGE_CURVE ( 'NONE', #1332, #633, #729, .T. ) ;
#4867 = LINE ( 'NONE', #2850, #4352 ) ;
#4868 = CARTESIAN_POINT ( 'NONE',  ( 60.00000000000000000, 33.99999999999999289, -15.10000000000000142 ) ) ;
#4869 = DIRECTION ( 'NONE',  ( 0.000000000000000000, 1.000000000000000000, 0.000000000000000000 ) ) ;
#4870 = AXIS2_PLACEMENT_3D ( 'NONE', #947, #4324, #2278 ) ;
#4871 = PLANE ( 'NONE',  #2109 ) ;
#4872 = LINE ( 'NONE', #4476, #3896 ) ;
#4873 = ORIENTED_EDGE ( 'NONE', *, *, #3542, .T. ) ;
#4874 = FACE_OUTER_BOUND ( 'NONE', #864, .T. ) ;
#4875 = ORIENTED_EDGE ( 'NONE', *, *, #2479, .T. ) ;
#4876 = VECTOR ( 'NONE', #193, 1000.000000000000000 ) ;
#4877 = CARTESIAN_POINT ( 'NONE',  ( 0.4999999999999865663, 1.199999999999999956, -22.59999999999999432 ) ) ;
#4878 = EDGE_CURVE ( 'NONE', #3496, #4275, #3951, .T. ) ;
#4879 = EDGE_CURVE ( 'NONE', #4617, #443, #703, .T. ) ;
#4880 = APPLICATION_CONTEXT ( 'automotive_design' ) ;
#4881 = AXIS2_PLACEMENT_3D ( 'NONE', #3404, #4522, #2159 ) ;
#4882 = ORIENTED_EDGE ( 'NONE', *, *, #928, .T. ) ;
#4883 = VECTOR ( 'NONE', #1268, 1000.000000000000000 ) ;
#4884 = LINE ( 'NONE', #3991, #3956 ) ;
#4885 = DIRECTION ( 'NONE',  ( -0.000000000000000000, -1.000000000000000000, -0.000000000000000000 ) ) ;
#4886 = DIRECTION ( 'NONE',  ( -1.000000000000000000, -0.000000000000000000, -0.000000000000000000 ) ) ;
#4887 = ORIENTED_EDGE ( 'NONE', *, *, #189, .F. ) ;
#4888 = CARTESIAN_POINT ( 'NONE',  ( 47.99999999999999289, 2.000000000000001776, 47.99999999999997868 ) ) ;
#4889 = DIRECTION ( 'NONE',  ( 0.000000000000000000, 1.000000000000000000, 1.734723475976805862E-16 ) ) ;
#4890 = ADVANCED_FACE ( 'NONE', ( #4005, #1977 ), #5217, .F. ) ;
#4891 = CARTESIAN_POINT ( 'NONE',  ( 13.29999999999999893, 5.949999999999999289, 2.000000000000000000 ) ) ;
#4892 = CARTESIAN_POINT ( 'NONE',  ( 11.89999999999999325, 0.8999999999999980238, -3.500000000000000444 ) ) ;
#4893 = CARTESIAN_POINT ( 'NONE',  ( 11.89999999999999325, 0.4999999999999935052, 0.000000000000000000 ) ) ;
#4894 = FACE_BOUND ( 'NONE', #1472, .T. ) ;
#4895 = DIRECTION ( 'NONE',  ( 0.000000000000000000, 1.000000000000000000, 0.000000000000000000 ) ) ;
#4896 = ADVANCED_FACE ( 'NONE', ( #2802 ), #1866, .F. ) ;
#4897 = VERTEX_POINT ( 'NONE', #358 ) ;
#4898 = VECTOR ( 'NONE', #1604, 1000.000000000000000 ) ;
#4899 = CARTESIAN_POINT ( 'NONE',  ( 60.00000000000000000, -4.000000000000000000, 2.000000000000000000 ) ) ;
#4900 = ORIENTED_EDGE ( 'NONE', *, *, #5074, .T. ) ;
#4901 = DIRECTION ( 'NONE',  ( -0.000000000000000000, -0.000000000000000000, -1.000000000000000000 ) ) ;
#4902 = AXIS2_PLACEMENT_3D ( 'NONE', #1174, #356, #4421 ) ;
#4903 = AXIS2_PLACEMENT_3D ( 'NONE', #37, #2061, #4926 ) ;
#4904 = EDGE_CURVE ( 'NONE', #1230, #1300, #3268, .T. ) ;
#4905 = ORIENTED_EDGE ( 'NONE', *, *, #650, .F. ) ;
#4906 = DIRECTION ( 'NONE',  ( 0.000000000000000000, 0.000000000000000000, 1.000000000000000000 ) ) ;
#4907 = LINE ( 'NONE', #846, #4463 ) ;
#4908 = AXIS2_PLACEMENT_3D ( 'NONE', #1224, #2435, #4056 ) ;
#4909 = DIRECTION ( 'NONE',  ( -0.000000000000000000, 0.000000000000000000, -1.000000000000000000 ) ) ;
#4910 = APPLICATION_PROTOCOL_DEFINITION ( 'draft international standard', 'automotive_design', 1998, #480 ) ;
#4911 = ORIENTED_EDGE ( 'NONE', *, *, #793, .T. ) ;
#4912 = DIRECTION ( 'NONE',  ( 0.000000000000000000, 0.000000000000000000, -1.000000000000000000 ) ) ;
#4913 = VERTEX_POINT ( 'NONE', #754 ) ;
#4914 = DIRECTION ( 'NONE',  ( 1.000000000000000000, 1.323094176592479975E-16, 0.000000000000000000 ) ) ;
#4915 = COLOUR_RGB ( '',0.7921568627450980005, 0.8196078431372548767, 0.9333333333333333481 ) ;
#4916 = ORIENTED_EDGE ( 'NONE', *, *, #1171, .T. ) ;
#4917 = DIRECTION ( 'NONE',  ( -0.000000000000000000, 1.000000000000000000, -0.000000000000000000 ) ) ;
#4918 = CARTESIAN_POINT ( 'NONE',  ( 2.000000000000001332, 1.999999999999988010, 47.99999999999997868 ) ) ;
#4919 = EDGE_CURVE ( 'NONE', #691, #1948, #4495, .T. ) ;
#4920 = CARTESIAN_POINT ( 'NONE',  ( 4.999999999999997335, 1.999999999999994005, 47.99999999999997868 ) ) ;
#4921 = PLANE ( 'NONE',  #4107 ) ;
#4922 = VECTOR ( 'NONE', #3758, 1000.000000000000000 ) ;
#4923 = DIRECTION ( 'NONE',  ( 1.000000000000000000, -1.471283672476397192E-32, 1.239088197126291063E-16 ) ) ;
#4924 = FACE_OUTER_BOUND ( 'NONE', #1246, .T. ) ;
#4925 = EDGE_LOOP ( 'NONE', ( #4911, #968, #1942, #256 ) ) ;
#4926 = DIRECTION ( 'NONE',  ( 0.000000000000000000, 0.000000000000000000, -1.000000000000000000 ) ) ;
#4927 = ORIENTED_EDGE ( 'NONE', *, *, #1325, .F. ) ;
#4928 = DIRECTION ( 'NONE',  ( 0.000000000000000000, 0.000000000000000000, -1.000000000000000000 ) ) ;
#4929 = EDGE_CURVE ( 'NONE', #3087, #341, #3584, .T. ) ;
#4930 = ORIENTED_EDGE ( 'NONE', *, *, #3932, .T. ) ;
#4931 = AXIS2_PLACEMENT_3D ( 'NONE', #4790, #1507, #1920 ) ;
#4932 = ADVANCED_FACE ( 'NONE', ( #1615 ), #3494, .F. ) ;
#4933 = AXIS2_PLACEMENT_3D ( 'NONE', #4022, #454, #430 ) ;
#4934 = ORIENTED_EDGE ( 'NONE', *, *, #1296, .T. ) ;
#4935 = PLANE ( 'NONE',  #1637 ) ;
#4936 = CARTESIAN_POINT ( 'NONE',  ( 60.00000000000000000, -4.000000000000000000, 0.000000000000000000 ) ) ;
#4937 = DIRECTION ( 'NONE',  ( -1.000000000000000000, 0.000000000000000000, 0.000000000000000000 ) ) ;
#4938 = DIRECTION ( 'NONE',  ( -0.000000000000000000, 1.000000000000000000, -0.000000000000000000 ) ) ;
#4939 = ORIENTED_EDGE ( 'NONE', *, *, #4199, .F. ) ;
#4940 = PLANE ( 'NONE',  #1932 ) ;
#4941 = ORIENTED_EDGE ( 'NONE', *, *, #128, .F. ) ;
#4942 = PLANE ( 'NONE',  #1125 ) ;
#4943 = PRODUCT_DEFINITION ( 'UNKNOWN', '', #924, #3749 ) ;
#4944 = EDGE_CURVE ( 'NONE', #3152, #3992, #3663, .T. ) ;
#4945 = DIRECTION ( 'NONE',  ( -0.000000000000000000, 0.000000000000000000, 1.000000000000000000 ) ) ;
#4946 = CARTESIAN_POINT ( 'NONE',  ( 60.00000000000000000, -1.999999999999987121, 4.500000000000012434 ) ) ;
#4947 = CARTESIAN_POINT ( 'NONE',  ( 37.59999999999999432, 1.199999999999997513, -2.899999999999998135 ) ) ;
#4948 = CARTESIAN_POINT ( 'NONE',  ( 5.000000000000000000, 2.600000000000000089, -7.000000000000000000 ) ) ;
#4949 = CARTESIAN_POINT ( 'NONE',  ( 18.19999999999999929, 5.949999999999999289, 0.000000000000000000 ) ) ;
#4950 = DIRECTION ( 'NONE',  ( -1.000000000000000000, 0.000000000000000000, 0.000000000000000000 ) ) ;
#4951 = EDGE_LOOP ( 'NONE', ( #1071, #3108, #1873, #2247 ) ) ;
#4952 = VECTOR ( 'NONE', #3660, 1000.000000000000000 ) ;
#4953 = CARTESIAN_POINT ( 'NONE',  ( 60.00000000000000000, -7.372574772901430151E-15, 49.99999999999997868 ) ) ;
#4954 = VERTEX_POINT ( 'NONE', #2484 ) ;
#4955 = CARTESIAN_POINT ( 'NONE',  ( 12.00000000000000533, 28.99999999999999645, 12.00000000000000000 ) ) ;
#4956 = EDGE_CURVE ( 'NONE', #289, #1788, #1178, .T. ) ;
#4957 = VERTEX_POINT ( 'NONE', #5247 ) ;
#4958 = EDGE_CURVE ( 'NONE', #254, #1453, #2875, .T. ) ;
#4959 = PRODUCT_DEFINITION_SHAPE ( 'NONE', 'NONE',  #5292 ) ;
#4960 = ORIENTED_EDGE ( 'NONE', *, *, #682, .T. ) ;
#4961 = CARTESIAN_POINT ( 'NONE',  ( 4.999999999999997335, 0.000000000000000000, 0.000000000000000000 ) ) ;
#4962 = CARTESIAN_POINT ( 'NONE',  ( 37.39999999999999858, -0.2999999999999999334, -2.899999999999999911 ) ) ;
#4963 = DIRECTION ( 'NONE',  ( -1.000000000000000000, -0.000000000000000000, -0.000000000000000000 ) ) ;
#4964 = VECTOR ( 'NONE', #3945, 1000.000000000000000 ) ;
#4965 = ADVANCED_FACE ( 'NONE', ( #1589 ), #4100, .F. ) ;
#4966 = CIRCLE ( 'NONE', #1040, 10.00000000000000000 ) ;
#4967 = CARTESIAN_POINT ( 'NONE',  ( 37.50000000000000711, 28.99999999999999645, 15.37500000000000000 ) ) ;
#4968 = ORIENTED_EDGE ( 'NONE', *, *, #2479, .F. ) ;
#4969 = FACE_OUTER_BOUND ( 'NONE', #4124, .T. ) ;
#4970 = ORIENTED_EDGE ( 'NONE', *, *, #1416, .F. ) ;
#4971 = CARTESIAN_POINT ( 'NONE',  ( 7.249999999999999112, 33.99999999999999289, 52.75000000000000000 ) ) ;
#4972 = VECTOR ( 'NONE', #1902, 1000.000000000000000 ) ;
#4973 = CARTESIAN_POINT ( 'NONE',  ( 60.00000000000000000, -6.000000000000000888, 8.900000000000002132 ) ) ;
#4974 = DIRECTION ( 'NONE',  ( 0.000000000000000000, -1.000000000000000000, 0.000000000000000000 ) ) ;
#4975 = PLANE ( 'NONE',  #953 ) ;
#4976 = EDGE_CURVE ( 'NONE', #2761, #1762, #4774, .T. ) ;
#4977 = LINE ( 'NONE', #4182, #1758 ) ;
#4978 = EDGE_CURVE ( 'NONE', #2581, #1496, #4, .T. ) ;
#4979 = CARTESIAN_POINT ( 'NONE',  ( 0.000000000000000000, 31.99999999999999289, 4.622231866529366047E-30 ) ) ;
#4980 = CARTESIAN_POINT ( 'NONE',  ( 18.19999999999999929, 4.049999999999999822, 2.000000000000000000 ) ) ;
#4981 = ORIENTED_EDGE ( 'NONE', *, *, #766, .T. ) ;
#4982 = LINE ( 'NONE', #4582, #670 ) ;
#4983 = CARTESIAN_POINT ( 'NONE',  ( 60.00000000000000000, 5.999999999999993783, 34.69999999999999574 ) ) ;
#4984 =( BOUNDED_CURVE ( )  B_SPLINE_CURVE ( 3, ( #4549, #4181, #55, #515 ),
 .UNSPECIFIED., .F., .F. ) 
 B_SPLINE_CURVE_WITH_KNOTS ( ( 4, 4 ),
 ( 3.141592653589793116, 4.712388980384689674 ),
 .UNSPECIFIED. ) 
 CURVE ( )  GEOMETRIC_REPRESENTATION_ITEM ( )  RATIONAL_B_SPLINE_CURVE ( ( 1.000000000000000000, 0.8047378541243649375, 0.8047378541243649375, 1.000000000000000000 ) ) 
 REPRESENTATION_ITEM ( '' )  );
#4985 = EDGE_LOOP ( 'NONE', ( #2749, #3846, #1429, #3832 ) ) ;
#4986 = FACE_OUTER_BOUND ( 'NONE', #17, .T. ) ;
#4987 = AXIS2_PLACEMENT_3D ( 'NONE', #2404, #5188, #801 ) ;
#4988 = ORIENTED_EDGE ( 'NONE', *, *, #1087, .F. ) ;
#4989 = LINE ( 'NONE', #4687, #697 ) ;
#4990 = EDGE_LOOP ( 'NONE', ( #5197, #1660, #945, #11, #2352 ) ) ;
#4991 = EDGE_CURVE ( 'NONE', #755, #4083, #385, .T. ) ;
#4992 = DIRECTION ( 'NONE',  ( 0.000000000000000000, 0.000000000000000000, -1.000000000000000000 ) ) ;
#4993 = CARTESIAN_POINT ( 'NONE',  ( 12.00000000000000711, 28.99999999999999645, 1.486905836551550262E-15 ) ) ;
#4994 = VECTOR ( 'NONE', #681, 1000.000000000000000 ) ;
#4995 = AXIS2_PLACEMENT_3D ( 'NONE', #2620, #4189, #91 ) ;
#4996 = CARTESIAN_POINT ( 'NONE',  ( 0.9999999999999997780, 2.000000000000000000, 51.00000000000000000 ) ) ;
#4997 = VERTEX_POINT ( 'NONE', #2029 ) ;
#4998 = AXIS2_PLACEMENT_3D ( 'NONE', #944, #1787, #4633 ) ;
#4999 = DIRECTION ( 'NONE',  ( -0.000000000000000000, 1.000000000000000000, -0.000000000000000000 ) ) ;
#5000 = ORIENTED_EDGE ( 'NONE', *, *, #3636, .T. ) ;
#5001 = LINE ( 'NONE', #4126, #2300 ) ;
#5002 = EDGE_LOOP ( 'NONE', ( #5016, #2398, #2363, #3723, #1766 ) ) ;
#5003 = DIRECTION ( 'NONE',  ( -1.239088197126291310E-16, 1.000000000000000000, -0.000000000000000000 ) ) ;
#5004 = CARTESIAN_POINT ( 'NONE',  ( 37.50000000000000711, 30.99999999999999645, 15.37500000000000000 ) ) ;
#5005 = DIRECTION ( 'NONE',  ( 1.000000000000000000, 0.000000000000000000, -0.000000000000000000 ) ) ;
#5006 = CARTESIAN_POINT ( 'NONE',  ( 5.250000000000000888, 2.600000000000000089, -3.000000000000000000 ) ) ;
#5007 = EDGE_CURVE ( 'NONE', #3697, #1320, #2506, .T. ) ;
#5008 = DIRECTION ( 'NONE',  ( -1.000000000000000000, 0.000000000000000000, 0.000000000000000000 ) ) ;
#5009 = VECTOR ( 'NONE', #2395, 1000.000000000000000 ) ;
#5010 = DIRECTION ( 'NONE',  ( -1.000000000000000000, -0.000000000000000000, -4.869399230812090436E-16 ) ) ;
#5011 = EDGE_CURVE ( 'NONE', #4806, #4611, #4129, .T. ) ;
#5012 = CARTESIAN_POINT ( 'NONE',  ( 60.00000000000000000, -3.499999999999987566, 8.499999999999985789 ) ) ;
#5013 = DIRECTION ( 'NONE',  ( -0.000000000000000000, -0.000000000000000000, -1.000000000000000000 ) ) ;
#5014 = ORIENTED_EDGE ( 'NONE', *, *, #4904, .F. ) ;
#5015 = DIRECTION ( 'NONE',  ( -0.000000000000000000, -0.000000000000000000, -1.000000000000000000 ) ) ;
#5016 = ORIENTED_EDGE ( 'NONE', *, *, #1416, .T. ) ;
#5017 = ORIENTED_EDGE ( 'NONE', *, *, #1007, .T. ) ;
#5018 = CARTESIAN_POINT ( 'NONE',  ( 44.62500000000000000, 28.99999999999999645, 37.50000000000000711 ) ) ;
#5019 = LINE ( 'NONE', #4510, #1043 ) ;
#5020 = VECTOR ( 'NONE', #225, 1000.000000000000000 ) ;
#5021 = CARTESIAN_POINT ( 'NONE',  ( 30.50000000000000000, 1.000000000000003997, 51.00000000000000000 ) ) ;
#5022 = ORIENTED_EDGE ( 'NONE', *, *, #3330, .T. ) ;
#5023 = UNCERTAINTY_MEASURE_WITH_UNIT (LENGTH_MEASURE( 1.000000000000000082E-05 ), #1914, 'distance_accuracy_value', 'NONE');
#5024 = VERTEX_POINT ( 'NONE', #461 ) ;
#5025 = LINE ( 'NONE', #567, #19 ) ;
#5026 = AXIS2_PLACEMENT_3D ( 'NONE', #1360, #4623, #961 ) ;
#5027 = EDGE_CURVE ( 'NONE', #1681, #3938, #4867, .T. ) ;
#5028 = ORIENTED_EDGE ( 'NONE', *, *, #1677, .T. ) ;
#5029 = LINE ( 'NONE', #2560, #3841 ) ;
#5030 = PLANE ( 'NONE',  #580 ) ;
#5031 = DIRECTION ( 'NONE',  ( 0.000000000000000000, 0.000000000000000000, -1.000000000000000000 ) ) ;
#5032 = FACE_OUTER_BOUND ( 'NONE', #3222, .T. ) ;
#5033 = CARTESIAN_POINT ( 'NONE',  ( 13.29999999999999893, 4.049999999999999822, 0.000000000000000000 ) ) ;
#5034 = DIRECTION ( 'NONE',  ( 1.000000000000000000, -0.000000000000000000, -0.000000000000000000 ) ) ;
#5035 = EDGE_CURVE ( 'NONE', #581, #2413, #804, .T. ) ;
#5036 = ORIENTED_EDGE ( 'NONE', *, *, #1445, .T. ) ;
#5037 = LINE ( 'NONE', #3762, #2222 ) ;
#5038 = DIRECTION ( 'NONE',  ( 0.000000000000000000, 0.000000000000000000, -1.000000000000000000 ) ) ;
#5039 = ORIENTED_EDGE ( 'NONE', *, *, #411, .F. ) ;
#5040 = CARTESIAN_POINT ( 'NONE',  ( 5.000000000000000000, 2.600000000000000089, -6.750000000000000000 ) ) ;
#5041 = ORIENTED_EDGE ( 'NONE', *, *, #3437, .T. ) ;
#5042 = EDGE_LOOP ( 'NONE', ( #5121, #2910, #2997, #1830 ) ) ;
#5043 = EDGE_CURVE ( 'NONE', #1788, #2797, #3930, .T. ) ;
#5045 = DIRECTION ( 'NONE',  ( 0.9990561583550594538, -0.04343722427630695299, 0.000000000000000000 ) ) ;
#5044 = VECTOR ( 'NONE', #2595, 1000.000000000000000 ) ;
#5046 = EDGE_CURVE ( 'NONE', #335, #3424, #3319, .T. ) ;
#5047 = CARTESIAN_POINT ( 'NONE',  ( 36.01774279923060362, 4.000000000000004441, 51.00000000000000000 ) ) ;
#5048 = EDGE_LOOP ( 'NONE', ( #2114, #3339, #1773 ) ) ;
#5049 = PLANE ( 'NONE',  #2099 ) ;
#5050 = VERTEX_POINT ( 'NONE', #1639 ) ;
#5051 = DIRECTION ( 'NONE',  ( -1.000000000000000000, -1.084202172485504804E-16, 0.000000000000000000 ) ) ;
#5052 = VECTOR ( 'NONE', #5106, 1000.000000000000000 ) ;
#5053 = PRODUCT_DEFINITION_SHAPE ( 'NONE', 'NONE',  #5290 ) ;
#5054 = VERTEX_POINT ( 'NONE', #3753 ) ;
#5055 = VECTOR ( 'NONE', #4820, 1000.000000000000000 ) ;
#5056 = CARTESIAN_POINT ( 'NONE',  ( 31.50000000000000000, 4.102566777143633774E-15, 55.00000000000000000 ) ) ;
#5057 = CARTESIAN_POINT ( 'NONE',  ( 0.000000000000000000, -1.500000000000000444, 0.000000000000000000 ) ) ;
#5058 = CARTESIAN_POINT ( 'NONE',  ( 60.00000000000000000, 31.99999999999999289, -10.09999999999999787 ) ) ;
#5059 = EDGE_CURVE ( 'NONE', #958, #2310, #545, .T. ) ;
#5060 = VECTOR ( 'NONE', #3107, 1000.000000000000000 ) ;
#5061 = LINE ( 'NONE', #3032, #405 ) ;
#5062 = DIRECTION ( 'NONE',  ( 0.000000000000000000, -1.000000000000000000, 0.000000000000000000 ) ) ;
#5063 = ORIENTED_EDGE ( 'NONE', *, *, #593, .F. ) ;
#5064 = PLANE ( 'NONE',  #1790 ) ;
#5065 = CARTESIAN_POINT ( 'NONE',  ( 47.99999999999998579, 1.999999999999999556, 1.999999999999997113 ) ) ;
#5066 = ORIENTED_EDGE ( 'NONE', *, *, #3701, .T. ) ;
#5067 = EDGE_CURVE ( 'NONE', #3026, #1479, #2612, .T. ) ;
#5068 = FACE_OUTER_BOUND ( 'NONE', #4420, .T. ) ;
#5069 = EDGE_LOOP ( 'NONE', ( #1088, #4781, #5014, #758 ) ) ;
#5070 = ORIENTED_EDGE ( 'NONE', *, *, #4475, .F. ) ;
#5071 = PLANE ( 'NONE',  #4330 ) ;
#5072 = ADVANCED_FACE ( 'NONE', ( #2208 ), #1304, .F. ) ;
#5073 = CARTESIAN_POINT ( 'NONE',  ( -1.999999999999999556, -1.000000000000000222, 55.00000000000000000 ) ) ;
#5074 = EDGE_CURVE ( 'NONE', #4406, #214, #4152, .T. ) ;
#5075 = AXIS2_PLACEMENT_3D ( 'NONE', #3533, #3025, #4645 ) ;
#5076 = CARTESIAN_POINT ( 'NONE',  ( 5.000000000000000000, 1.199999999999997957, -3.500000000000000444 ) ) ;
#5077 = ORIENTED_EDGE ( 'NONE', *, *, #4649, .F. ) ;
#5078 = CARTESIAN_POINT ( 'NONE',  ( 0.000000000000000000, 2.100000000000000089, 57.00000000000000000 ) ) ;
#5079 = ORIENTED_EDGE ( 'NONE', *, *, #3401, .F. ) ;
#5080 = CARTESIAN_POINT ( 'NONE',  ( 75.00000000000000000, 2.600000000000000089, -8.000000000000000000 ) ) ;
#5081 = AXIS2_PLACEMENT_3D ( 'NONE', #4899, #2880, #1209 ) ;
#5082 = ORIENTED_EDGE ( 'NONE', *, *, #4929, .F. ) ;
#5083 = CARTESIAN_POINT ( 'NONE',  ( 13.25000000000000178, 2.000000000000001776, -0.5000000000000000000 ) ) ;
#5084 = CARTESIAN_POINT ( 'NONE',  ( 16.89999999999999858, 1.199999999999997957, -3.000000000000000000 ) ) ;
#5085 = CARTESIAN_POINT ( 'NONE',  ( 11.75000000000000178, 3.500000000000000444, 0.000000000000000000 ) ) ;
#5086 = CARTESIAN_POINT ( 'NONE',  ( 4.999999999999997335, 1.999999999999994005, 47.99999999999997868 ) ) ;
#5087 = ORIENTED_EDGE ( 'NONE', *, *, #4878, .F. ) ;
#5088 = DIRECTION ( 'NONE',  ( 0.000000000000000000, -1.000000000000000000, -1.236370898448382630E-16 ) ) ;
#5089 = ORIENTED_EDGE ( 'NONE', *, *, #4422, .T. ) ;
#5090 = CARTESIAN_POINT ( 'NONE',  ( 0.000000000000000000, 33.99999999999999289, -15.10000000000000142 ) ) ;
#5091 = VERTEX_POINT ( 'NONE', #3429 ) ;
#5092 = DIRECTION ( 'NONE',  ( 0.000000000000000000, -1.000000000000000000, 6.938893903907228378E-16 ) ) ;
#5093 = VECTOR ( 'NONE', #4289, 1000.000000000000000 ) ;
#5094 = ORIENTED_EDGE ( 'NONE', *, *, #345, .T. ) ;
#5095 = EDGE_LOOP ( 'NONE', ( #1400, #4462, #3788, #395, #4690, #4228, #4061, #1212, #1658 ) ) ;
#5096 = LINE ( 'NONE', #636, #3656 ) ;
#5097 = FACE_OUTER_BOUND ( 'NONE', #4245, .T. ) ;
#5098 = EDGE_CURVE ( 'NONE', #3242, #151, #82, .T. ) ;
#5099 = EDGE_LOOP ( 'NONE', ( #3734, #4657, #2095, #1291 ) ) ;
#5100 = LINE ( 'NONE', #2202, #1846 ) ;
#5101 = VERTEX_POINT ( 'NONE', #1721 ) ;
#5102 = DIRECTION ( 'NONE',  ( -1.000000000000000000, -0.000000000000000000, -0.000000000000000000 ) ) ;
#5103 = PRODUCT_RELATED_PRODUCT_CATEGORY ( 'part', '', ( #3524 ) ) ;
#5104 = CARTESIAN_POINT ( 'NONE',  ( 4.999999999999997335, 1.999999999999994005, 47.99999999999997868 ) ) ;
#5105 = DIRECTION ( 'NONE',  ( -1.000000000000000000, -0.000000000000000000, -0.000000000000000000 ) ) ;
#5106 = DIRECTION ( 'NONE',  ( -0.000000000000000000, 1.000000000000000000, -1.734723475976804136E-15 ) ) ;
#5107 = AXIS2_PLACEMENT_3D ( 'NONE', #1560, #3195, #4818 ) ;
#5108 = LINE ( 'NONE', #4263, #1058 ) ;
#5109 = DIRECTION ( 'NONE',  ( -2.736911063134408342E-48, -1.000000000000000000, -1.187392209762482313E-16 ) ) ;
#5110 = EDGE_CURVE ( 'NONE', #755, #1399, #4207, .T. ) ;
#5111 = EDGE_CURVE ( 'NONE', #3686, #2471, #2946, .T. ) ;
#5112 = ORIENTED_EDGE ( 'NONE', *, *, #1241, .F. ) ;
#5113 = LINE ( 'NONE', #3514, #3923 ) ;
#5114 = ORIENTED_EDGE ( 'NONE', *, *, #4929, .T. ) ;
#5115 = DIRECTION ( 'NONE',  ( -0.000000000000000000, 1.000000000000000000, 0.000000000000000000 ) ) ;
#5116 = CARTESIAN_POINT ( 'NONE',  ( 47.99999999999999289, 19.00000000000000355, 37.50000000000000711 ) ) ;
#5117 = ORIENTED_EDGE ( 'NONE', *, *, #170, .T. ) ;
#5118 = ORIENTED_EDGE ( 'NONE', *, *, #2630, .T. ) ;
#5119 = DIRECTION ( 'NONE',  ( -2.407412430484044378E-31, -1.000000000000000000, 1.387778780781445478E-15 ) ) ;
#5120 = ORIENTED_EDGE ( 'NONE', *, *, #3249, .T. ) ;
#5121 = ORIENTED_EDGE ( 'NONE', *, *, #3401, .T. ) ;
#5122 = CARTESIAN_POINT ( 'NONE',  ( 12.00000000000000178, 18.99999999999999645, 47.99999999999997868 ) ) ;
#5123 = EDGE_CURVE ( 'NONE', #455, #2126, #5029, .T. ) ;
#5124 = CARTESIAN_POINT ( 'NONE',  ( 22.49999999999998934, 30.99999999999999645, 51.75000000000000000 ) ) ;
#5125 = VECTOR ( 'NONE', #1118, 1000.000000000000000 ) ;
#5126 = ORIENTED_EDGE ( 'NONE', *, *, #3226, .F. ) ;
#5127 = VECTOR ( 'NONE', #3200, 1000.000000000000000 ) ;
#5128 = ORIENTED_EDGE ( 'NONE', *, *, #820, .F. ) ;
#5129 = FACE_OUTER_BOUND ( 'NONE', #3479, .T. ) ;
#5130 = ORIENTED_EDGE ( 'NONE', *, *, #5007, .F. ) ;
#5131 = EDGE_CURVE ( 'NONE', #1762, #2065, #4179, .T. ) ;
#5132 = LINE ( 'NONE', #4704, #2735 ) ;
#5133 = ORIENTED_EDGE ( 'NONE', *, *, #73, .T. ) ;
#5134 = CARTESIAN_POINT ( 'NONE',  ( 4.999999999999997335, 1.999999999999997335, 16.40000000000000213 ) ) ;
#5135 = AXIS2_PLACEMENT_3D ( 'NONE', #2887, #20, #3309 ) ;
#5136 = DIRECTION ( 'NONE',  ( -1.000000000000000000, -0.000000000000000000, -1.156482317317871725E-16 ) ) ;
#5137 = AXIS2_PLACEMENT_3D ( 'NONE', #4078, #3197, #415 ) ;
#5138 = PRODUCT ( 'trappe de maintenance', 'trappe de maintenance', '', ( #3284 ) ) ;
#5139 = EDGE_CURVE ( 'NONE', #4957, #1747, #881, .T. ) ;
#5140 = EDGE_CURVE ( 'NONE', #1236, #4255, #1777, .T. ) ;
#5141 = CARTESIAN_POINT ( 'NONE',  ( 1.000000000000000000, 1.000000000000000000, 2.000000000000000000 ) ) ;
#5142 = ORIENTED_EDGE ( 'NONE', *, *, #1991, .T. ) ;
#5143 = VECTOR ( 'NONE', #2262, 1000.000000000000227 ) ;
#5144 = DIRECTION ( 'NONE',  ( 0.000000000000000000, -1.000000000000000000, 0.000000000000000000 ) ) ;
#5145 = CARTESIAN_POINT ( 'NONE',  ( 18.24999999999999645, 3.500000000000002220, -3.500000000000003109 ) ) ;
#5146 = VERTEX_POINT ( 'NONE', #2180 ) ;
#5147 = CARTESIAN_POINT ( 'NONE',  ( 5.000000000000000000, 1.199999999999998845, -6.603553390593274841 ) ) ;
#5148 = VECTOR ( 'NONE', #125, 1000.000000000000000 ) ;
#5149 = EDGE_LOOP ( 'NONE', ( #1702, #1370, #1034, #640 ) ) ;
#5150 = ORIENTED_EDGE ( 'NONE', *, *, #1206, .T. ) ;
#5151 = CARTESIAN_POINT ( 'NONE',  ( 5.000000000000000000, 1.199999999999997957, -6.750000000000000888 ) ) ;
#5152 = DIRECTION ( 'NONE',  ( -1.239088197126291063E-16, 1.000000000000000000, -0.000000000000000000 ) ) ;
#5153 = EDGE_CURVE ( 'NONE', #4594, #922, #2896, .T. ) ;
#5154 = EDGE_LOOP ( 'NONE', ( #814, #284, #588, #3740 ) ) ;
#5155 = ORIENTED_EDGE ( 'NONE', *, *, #514, .F. ) ;
#5156 = LINE ( 'NONE', #1494, #974 ) ;
#5157 = EDGE_LOOP ( 'NONE', ( #101, #3620, #179, #1964, #3680, #4825, #2825, #3360, #1190, #3685, #373, #240, #3750, #737 ) ) ;
#5158 = LINE ( 'NONE', #669, #5143 ) ;
#5159 = CARTESIAN_POINT ( 'NONE',  ( 25.75000000000000355, 24.36067977499790871, -4.999999999999995559 ) ) ;
#5160 = VECTOR ( 'NONE', #4833, 1000.000000000000000 ) ;
#5161 = DIRECTION ( 'NONE',  ( -1.000000000000000000, -1.239088197126291063E-16, 0.000000000000000000 ) ) ;
#5162 = ORIENTED_EDGE ( 'NONE', *, *, #2349, .F. ) ;
#5163 = LINE ( 'NONE', #220, #3261 ) ;
#5164 = DIRECTION ( 'NONE',  ( 0.000000000000000000, 1.734723475976805862E-16, -1.000000000000000000 ) ) ;
#5165 = DIRECTION ( 'NONE',  ( -0.000000000000000000, 0.000000000000000000, 1.000000000000000000 ) ) ;
#5166 = AXIS2_PLACEMENT_3D ( 'NONE', #1018, #1835, #3432 ) ;
#5167 = AXIS2_PLACEMENT_3D ( 'NONE', #1369, #523, #4608 ) ;
#5168 = EDGE_CURVE ( 'NONE', #2761, #3883, #595, .T. ) ;
#5169 = CARTESIAN_POINT ( 'NONE',  ( 37.50000000000000711, 28.99999999999999645, 15.37500000000000000 ) ) ;
#5170 = DIRECTION ( 'NONE',  ( -1.000000000000000000, -0.000000000000000000, -0.000000000000000000 ) ) ;
#5171 = PLANE ( 'NONE',  #1468 ) ;
#5172 = FACE_OUTER_BOUND ( 'NONE', #1735, .T. ) ;
#5173 = ORIENTED_EDGE ( 'NONE', *, *, #4459, .T. ) ;
#5174 = ORIENTED_EDGE ( 'NONE', *, *, #842, .F. ) ;
#5175 = CARTESIAN_POINT ( 'NONE',  ( 16.89999999999999858, -7.400000000000000355, -7.000000000000000000 ) ) ;
#5176 = ORIENTED_EDGE ( 'NONE', *, *, #2836, .F. ) ;
#5177 = EDGE_LOOP ( 'NONE', ( #1000, #2336, #3983, #1156 ) ) ;
#5178 = DIRECTION ( 'NONE',  ( 0.000000000000000000, 1.000000000000000000, -1.734723475976804333E-15 ) ) ;
#5179 = ORIENTED_EDGE ( 'NONE', *, *, #34, .T. ) ;
#5180 = VECTOR ( 'NONE', #802, 1000.000000000000000 ) ;
#5181 = FACE_OUTER_BOUND ( 'NONE', #888, .T. ) ;
#5182 = EDGE_LOOP ( 'NONE', ( #1984, #4110, #870, #3714, #3964, #3549, #605, #827, #3497, #4375, #3445, #3518, #3253, #1027, #795, #1791, #1348, #4320, #62, #2163, #2567, #4757, #2259 ) ) ;
#5183 = LINE ( 'NONE', #1549, #4295 ) ;
#5184 = CARTESIAN_POINT ( 'NONE',  ( 4.999999999999997335, 5.999999999999994671, 29.69999999999998863 ) ) ;
#5185 = AXIS2_PLACEMENT_3D ( 'NONE', #4576, #3269, #1222 ) ;
#5186 = CARTESIAN_POINT ( 'NONE',  ( 75.00000000000000000, 1.199999999999999956, -22.59999999999999432 ) ) ;
#5187 = ORIENTED_EDGE ( 'NONE', *, *, #3250, .T. ) ;
#5188 = DIRECTION ( 'NONE',  ( 0.000000000000000000, 0.000000000000000000, 1.000000000000000000 ) ) ;
#5189 = PLANE ( 'NONE',  #3735 ) ;
#5190 = EDGE_CURVE ( 'NONE', #1326, #1128, #2919, .T. ) ;
#5191 = EDGE_CURVE ( 'NONE', #4278, #1539, #4547, .T. ) ;
#5192 = VECTOR ( 'NONE', #3852, 1000.000000000000000 ) ;
#5193 = CARTESIAN_POINT ( 'NONE',  ( 60.00000000000000000, 3.999999999999994671, 34.69999999999999574 ) ) ;
#5194 = ORIENTED_EDGE ( 'NONE', *, *, #4257, .T. ) ;
#5195 = CARTESIAN_POINT ( 'NONE',  ( 60.00000000000000000, 0.4999999999999851785, 0.000000000000000000 ) ) ;
#5196 = CARTESIAN_POINT ( 'NONE',  ( 37.50000000000000711, 18.99999999999998934, 12.00000000000000000 ) ) ;
#5197 = ORIENTED_EDGE ( 'NONE', *, *, #232, .T. ) ;
#5198 = CARTESIAN_POINT ( 'NONE',  ( 48.00000000000000000, 18.99999999999998934, 1.999999999999999112 ) ) ;
#5199 = CIRCLE ( 'NONE', #592, 10.00000000000000178 ) ;
#5200 = EDGE_CURVE ( 'NONE', #3209, #78, #5199, .T. ) ;
#5201 = EDGE_LOOP ( 'NONE', ( #3369, #3022, #2476, #2701 ) ) ;
#5202 = ORIENTED_EDGE ( 'NONE', *, *, #3081, .T. ) ;
#5203 = DIRECTION ( 'NONE',  ( 0.000000000000000000, -0.000000000000000000, -1.000000000000000000 ) ) ;
#5204 = DIRECTION ( 'NONE',  ( -1.000000000000000000, -0.000000000000000000, -0.000000000000000000 ) ) ;
#5205 = ORIENTED_EDGE ( 'NONE', *, *, #1459, .F. ) ;
#5206 = ADVANCED_FACE ( 'NONE', ( #136 ), #3402, .F. ) ;
#5207 = EDGE_CURVE ( 'NONE', #3992, #160, #4232, .T. ) ;
#5208 = ORIENTED_EDGE ( 'NONE', *, *, #1538, .F. ) ;
#5209 = CARTESIAN_POINT ( 'NONE',  ( 20.75000000000000000, 24.36067977499790871, -4.999999999999998224 ) ) ;
#5210 = EDGE_LOOP ( 'NONE', ( #631, #3285, #3747, #3899, #629 ) ) ;
#5211 = DIRECTION ( 'NONE',  ( -0.000000000000000000, -0.000000000000000000, -1.000000000000000000 ) ) ;
#5212 = LINE ( 'NONE', #1966, #1852 ) ;
#5213 = VECTOR ( 'NONE', #2519, 1000.000000000000000 ) ;
#5214 = ORIENTED_EDGE ( 'NONE', *, *, #4778, .T. ) ;
#5215 = DIRECTION ( 'NONE',  ( -0.000000000000000000, 1.000000000000000000, -0.000000000000000000 ) ) ;
#5216 = CARTESIAN_POINT ( 'NONE',  ( 0.4999999999999865663, 2.600000000000000089, 0.000000000000000000 ) ) ;
#5217 = PLANE ( 'NONE',  #5107 ) ;
#5218 = EDGE_LOOP ( 'NONE', ( #844, #133, #1525, #2580 ) ) ;
#5219 = PLANE ( 'NONE',  #1910 ) ;
#5220 = DIRECTION ( 'NONE',  ( 1.000000000000000000, -0.000000000000000000, -0.000000000000000000 ) ) ;
#5221 = ORIENTED_EDGE ( 'NONE', *, *, #3426, .T. ) ;
#5222 = CARTESIAN_POINT ( 'NONE',  ( 12.00000000000000178, 19.00000000000000355, 37.49999999999999289 ) ) ;
#5223 =( GEOMETRIC_REPRESENTATION_CONTEXT ( 3 ) GLOBAL_UNCERTAINTY_ASSIGNED_CONTEXT ( ( #4542 ) ) GLOBAL_UNIT_ASSIGNED_CONTEXT ( ( #597, #4679, #2297 ) ) REPRESENTATION_CONTEXT ( 'NONE', 'WORKASPACE' ) );
#5224 = VECTOR ( 'NONE', #2232, 1000.000000000000000 ) ;
#5225 = VERTEX_POINT ( 'NONE', #4764 ) ;
#5226 =( REPRESENTATION_RELATIONSHIP ('NONE','NONE', #1324, #3693 ) REPRESENTATION_RELATIONSHIP_WITH_TRANSFORMATION ( #2611 )SHAPE_REPRESENTATION_RELATIONSHIP( ) );
#5227 = VECTOR ( 'NONE', #4886, 1000.000000000000000 ) ;
#5228 = LINE ( 'NONE', #2904, #2106 ) ;
#5229 = EDGE_CURVE ( 'NONE', #4717, #3187, #3943, .T. ) ;
#5230 = ORIENTED_EDGE ( 'NONE', *, *, #1335, .F. ) ;
#5231 = LINE ( 'NONE', #3960, #3219 ) ;
#5232 = CARTESIAN_POINT ( 'NONE',  ( 12.00000000000000533, 18.99999999999999645, 12.00000000000000000 ) ) ;
#5233 = AXIS2_PLACEMENT_3D ( 'NONE', #4615, #3392, #2888 ) ;
#5234 = ORIENTED_EDGE ( 'NONE', *, *, #2558, .T. ) ;
#5235 = EDGE_CURVE ( 'NONE', #3179, #4272, #5132, .T. ) ;
#5236 = VERTEX_POINT ( 'NONE', #296 ) ;
#5237 = DIRECTION ( 'NONE',  ( -5.337610695313252371E-16, -1.000000000000000000, -0.000000000000000000 ) ) ;
#5238 = CARTESIAN_POINT ( 'NONE',  ( 52.75000000000000000, 30.99999999999999645, 7.249999999999999112 ) ) ;
#5239 = DIRECTION ( 'NONE',  ( 0.000000000000000000, -1.000000000000000000, 0.000000000000000000 ) ) ;
#5240 = ADVANCED_FACE ( 'NONE', ( #247 ), #1502, .F. ) ;
#5241 = DIRECTION ( 'NONE',  ( 1.000000000000000000, 0.000000000000000000, 0.000000000000000000 ) ) ;
#5242 = ORIENTED_EDGE ( 'NONE', *, *, #2794, .F. ) ;
#5243 = CARTESIAN_POINT ( 'NONE',  ( 31.50000000000000000, 4.000000000000003553, 51.00000000000000000 ) ) ;
#5244 = CARTESIAN_POINT ( 'NONE',  ( 52.75000000000000000, 33.99999999999999289, 7.249999999999999112 ) ) ;
#5245 = VECTOR ( 'NONE', #4999, 1000.000000000000000 ) ;
#5246 = VERTEX_POINT ( 'NONE', #5186 ) ;
#5247 = CARTESIAN_POINT ( 'NONE',  ( 1.000000000000000000, 1.000000000000000000, 51.00000000000000000 ) ) ;
#5248 = ORIENTED_EDGE ( 'NONE', *, *, #4017, .F. ) ;
#5249 = LINE ( 'NONE', #1153, #1644 ) ;
#5250 = PLANE ( 'NONE',  #1231 ) ;
#5251 = AXIS2_PLACEMENT_3D ( 'NONE', #3972, #298, #3920 ) ;
#5252 = VECTOR ( 'NONE', #1310, 1000.000000000000000 ) ;
#5253 = CARTESIAN_POINT ( 'NONE',  ( 75.00000000000000000, 2.600000000000000089, -8.000000000000000000 ) ) ;
#5254 = VERTEX_POINT ( 'NONE', #3890 ) ;
#5255 = CIRCLE ( 'NONE', #5167, 9.999999999999998224 ) ;
#5256 = CARTESIAN_POINT ( 'NONE',  ( 5.000000000000000000, 2.600000000000000089, -6.500000000000000888 ) ) ;
#5257 = VERTEX_POINT ( 'NONE', #3538 ) ;
#5258 = CARTESIAN_POINT ( 'NONE',  ( 60.00000000000000000, -8.673617379884035472E-16, 8.000000000000001776 ) ) ;
#5259 = ORIENTED_EDGE ( 'NONE', *, *, #3226, .T. ) ;
#5260 = FACE_OUTER_BOUND ( 'NONE', #1031, .T. ) ;
#5261 = DIRECTION ( 'NONE',  ( -0.7071067811865524577, 0.7071067811865426878, -0.000000000000000000 ) ) ;
#5262 = FACE_OUTER_BOUND ( 'NONE', #1969, .T. ) ;
#5263 = EDGE_CURVE ( 'NONE', #1788, #3300, #3917, .T. ) ;
#5264 = AXIS2_PLACEMENT_3D ( 'NONE', #3751, #4599, #2582 ) ;
#5265 = APPLICATION_PROTOCOL_DEFINITION ( 'draft international standard', 'automotive_design', 1998, #2609 ) ;
#5266 = ORIENTED_EDGE ( 'NONE', *, *, #1717, .T. ) ;
#5267 = CARTESIAN_POINT ( 'NONE',  ( 13.25000000000000178, 5.500000000000004441, 0.000000000000000000 ) ) ;
#5268 = DIRECTION ( 'NONE',  ( -0.000000000000000000, 1.000000000000000000, -4.956352788505164254E-16 ) ) ;
#5269 = VECTOR ( 'NONE', #1251, 1000.000000000000000 ) ;
#5270 = DIRECTION ( 'NONE',  ( 0.000000000000000000, 0.000000000000000000, -1.000000000000000000 ) ) ;
#5271 = DIRECTION ( 'NONE',  ( 0.000000000000000000, -1.000000000000000000, 0.000000000000000000 ) ) ;
#5272 = DIRECTION ( 'NONE',  ( 1.000000000000000000, -0.000000000000000000, 9.738798461624180871E-16 ) ) ;
#5273 = EDGE_CURVE ( 'NONE', #185, #3834, #4313, .T. ) ;
#5274 = DIRECTION ( 'NONE',  ( 0.000000000000000000, -1.257045997084642611E-16, 1.000000000000000000 ) ) ;
#5275 = EDGE_CURVE ( 'NONE', #400, #3605, #2742, .T. ) ;
#5276 = PLANE ( 'NONE',  #811 ) ;
#5277 = VECTOR ( 'NONE', #2244, 1000.000000000000000 ) ;
#5278 = ORIENTED_EDGE ( 'NONE', *, *, #1612, .F. ) ;
#5279 = DIRECTION ( 'NONE',  ( -1.000000000000000000, 0.000000000000000000, 0.000000000000000000 ) ) ;
#5280 = ORIENTED_EDGE ( 'NONE', *, *, #1680, .F. ) ;
#5281 = VECTOR ( 'NONE', #3675, 1000.000000000000000 ) ;
#5282 = DIRECTION ( 'NONE',  ( -1.000000000000000000, -1.084202172485504804E-16, 0.000000000000000000 ) ) ;
#5283 = CARTESIAN_POINT ( 'NONE',  ( 60.00000000000000000, 29.19999999999999218, -10.09999999999999787 ) ) ;
#5284 = ORIENTED_EDGE ( 'NONE', *, *, #4587, .F. ) ;
#5285 = EDGE_CURVE ( 'NONE', #48, #5054, #1526, .T. ) ;
#5286 = EDGE_LOOP ( 'NONE', ( #2291, #441, #1937, #5089, #2195 ) ) ;
#5287 = DIRECTION ( 'NONE',  ( -0.000000000000000000, 1.000000000000000000, -0.000000000000000000 ) ) ;
#5288 = CARTESIAN_POINT ( 'NONE',  ( 75.00000000000000000, 1.199999999999997513, -2.600000000000000089 ) ) ;
#5289 = CARTESIAN_POINT ( 'NONE',  ( 60.00000000000000000, -4.000000000000000888, 8.900000000000002132 ) ) ;
#5290 = NEXT_ASSEMBLY_USAGE_OCCURRENCE ( 'NAUO1', ' ', ' ', #2734, #2283, $ ) ;
#5291 = NEXT_ASSEMBLY_USAGE_OCCURRENCE ( 'NAUO2', ' ', ' ', #2734, #4943, $ ) ;
#5292 = NEXT_ASSEMBLY_USAGE_OCCURRENCE ( 'NAUO3', ' ', ' ', #2734, #1544, $ ) ;
ENDSEC;
END-ISO-10303-21;
