ISO-10303-21;
HEADER;
FILE_DESCRIPTION (( 'STEP AP214' ),
    '1' );
FILE_NAME ('support capteur PV.STEP',
    '2025-10-09T11:10:55',
    ( '' ),
    ( '' ),
    'SwSTEP 2.0',
    'SolidWorks 2023',
    '' );
FILE_SCHEMA (( 'AUTOMOTIVE_DESIGN' ));
ENDSEC;

DATA;
#1 = DIRECTION ( 'NONE',  ( 0.000000000000000000, 0.000000000000000000, 1.000000000000000000 ) ) ;
#2 = DIRECTION ( 'NONE',  ( -1.000000000000000000, -0.000000000000000000, -0.000000000000000000 ) ) ;
#3 = ORIENTED_EDGE ( 'NONE', *, *, #122, .F. ) ;
#4 = AXIS2_PLACEMENT_3D ( 'NONE', #361, #152, #198 ) ;
#5 = EDGE_CURVE ( 'NONE', #1405, #883, #1818, .T. ) ;
#6 = DIRECTION ( 'NONE',  ( 0.000000000000000000, -1.000000000000000000, 7.228014483236692611E-16 ) ) ;
#7 = VECTOR ( 'NONE', #497, 1000.000000000000000 ) ;
#8 = ORIENTED_EDGE ( 'NONE', *, *, #2404, .F. ) ;
#9 = ORIENTED_EDGE ( 'NONE', *, *, #533, .F. ) ;
#10 = CIRCLE ( 'NONE', #1573, 10.00000000000000178 ) ;
#11 = CARTESIAN_POINT ( 'NONE',  ( 60.00000000000000000, -3.500000000000001776, 14.40000000000000213 ) ) ;
#12 = LINE ( 'NONE', #80, #1675 ) ;
#13 = ORIENTED_EDGE ( 'NONE', *, *, #244, .F. ) ;
#14 = DIRECTION ( 'NONE',  ( 1.000000000000000000, 0.000000000000000000, -0.000000000000000000 ) ) ;
#15 = VECTOR ( 'NONE', #1168, 1000.000000000000000 ) ;
#16 = ORIENTED_EDGE ( 'NONE', *, *, #1399, .F. ) ;
#17 = EDGE_CURVE ( 'NONE', #1240, #2128, #139, .T. ) ;
#18 = CARTESIAN_POINT ( 'NONE',  ( 60.00000000000000000, 33.99999999999999289, -15.10000000000000142 ) ) ;
#19 = EDGE_CURVE ( 'NONE', #600, #1240, #2396, .T. ) ;
#20 = VERTEX_POINT ( 'NONE', #1086 ) ;
#21 = ORIENTED_EDGE ( 'NONE', *, *, #761, .T. ) ;
#22 = FACE_OUTER_BOUND ( 'NONE', #2381, .T. ) ;
#23 = LINE ( 'NONE', #770, #542 ) ;
#24 = DIRECTION ( 'NONE',  ( -0.000000000000000000, 1.000000000000000000, -0.000000000000000000 ) ) ;
#25 = ORIENTED_EDGE ( 'NONE', *, *, #2091, .F. ) ;
#26 = LINE ( 'NONE', #782, #1701 ) ;
#27 = EDGE_CURVE ( 'NONE', #735, #1432, #1828, .T. ) ;
#28 = ORIENTED_EDGE ( 'NONE', *, *, #282, .F. ) ;
#29 = ORIENTED_EDGE ( 'NONE', *, *, #1572, .F. ) ;
#30 = EDGE_CURVE ( 'NONE', #2098, #650, #1459, .T. ) ;
#31 = CARTESIAN_POINT ( 'NONE',  ( 12.00000000000000533, 19.00000000000000355, 12.00000000000000000 ) ) ;
#32 = PLANE ( 'NONE',  #1769 ) ;
#33 = CARTESIAN_POINT ( 'NONE',  ( 22.49999999999998934, 28.99999999999999645, 51.75000000000000000 ) ) ;
#34 = MANIFOLD_SOLID_BREP ( 'Enlèv. mat.-Extru.11', #2388 ) ;
#35 = DIRECTION ( 'NONE',  ( -0.000000000000000000, -0.000000000000000000, 1.000000000000000000 ) ) ;
#36 = ORIENTED_EDGE ( 'NONE', *, *, #1169, .F. ) ;
#37 = FACE_OUTER_BOUND ( 'NONE', #1280, .T. ) ;
#38 = VECTOR ( 'NONE', #1084, 1000.000000000000000 ) ;
#39 = VECTOR ( 'NONE', #2072, 1000.000000000000000 ) ;
#40 = LINE ( 'NONE', #794, #599 ) ;
#41 = ORIENTED_EDGE ( 'NONE', *, *, #2387, .F. ) ;
#42 = CIRCLE ( 'NONE', #274, 10.00000000000000000 ) ;
#43 = EDGE_CURVE ( 'NONE', #843, #1405, #1046, .T. ) ;
#44 = EDGE_LOOP ( 'NONE', ( #1262, #1510, #1634, #2000, #92 ) ) ;
#45 = DIRECTION ( 'NONE',  ( -0.000000000000000000, -1.000000000000000000, -0.000000000000000000 ) ) ;
#46 = CARTESIAN_POINT ( 'NONE',  ( 37.49999999999999289, 28.27024810886957340, 51.75000000000000000 ) ) ;
#47 = LINE ( 'NONE', #1358, #1061 ) ;
#48 = AXIS2_PLACEMENT_3D ( 'NONE', #1166, #1932, #644 ) ;
#49 = PLANE ( 'NONE',  #2286 ) ;
#50 = ORIENTED_EDGE ( 'NONE', *, *, #1799, .F. ) ;
#51 = AXIS2_PLACEMENT_3D ( 'NONE', #1873, #1842, #1324 ) ;
#52 = DIRECTION ( 'NONE',  ( 2.736911063134408342E-48, 1.000000000000000000, 1.187392209762482313E-16 ) ) ;
#53 = FACE_OUTER_BOUND ( 'NONE', #890, .T. ) ;
#54 = ORIENTED_EDGE ( 'NONE', *, *, #1899, .F. ) ;
#55 = ORIENTED_EDGE ( 'NONE', *, *, #1037, .T. ) ;
#56 = EDGE_CURVE ( 'NONE', #1854, #2349, #2414, .T. ) ;
#57 = DIRECTION ( 'NONE',  ( -6.938893903907227392E-16, 1.000000000000000000, 0.000000000000000000 ) ) ;
#58 = DIRECTION ( 'NONE',  ( 0.000000000000000000, -1.000000000000000000, 0.000000000000000000 ) ) ;
#59 = PLANE ( 'NONE',  #597 ) ;
#60 = EDGE_CURVE ( 'NONE', #1903, #567, #1658, .T. ) ;
#61 = DIRECTION ( 'NONE',  ( -0.000000000000000000, 1.000000000000000000, 0.000000000000000000 ) ) ;
#62 = ORIENTED_EDGE ( 'NONE', *, *, #101, .F. ) ;
#63 = CARTESIAN_POINT ( 'NONE',  ( 44.62500000000000000, 28.99999999999999645, 22.50000000000000711 ) ) ;
#64 = EDGE_CURVE ( 'NONE', #1903, #1013, #1325, .T. ) ;
#65 = DIRECTION ( 'NONE',  ( 0.000000000000000000, 0.000000000000000000, -1.000000000000000000 ) ) ;
#66 = ORIENTED_EDGE ( 'NONE', *, *, #156, .T. ) ;
#67 = AXIS2_PLACEMENT_3D ( 'NONE', #1380, #2125, #2146 ) ;
#68 = DIRECTION ( 'NONE',  ( -1.734723475976806848E-16, -1.203706215242021970E-31, 1.000000000000000000 ) ) ;
#69 = CARTESIAN_POINT ( 'NONE',  ( 58.00000000000000000, 5.999999999999994671, 29.69999999999998863 ) ) ;
#70 = ORIENTED_EDGE ( 'NONE', *, *, #56, .T. ) ;
#71 = LINE ( 'NONE', #2138, #2051 ) ;
#72 = DIRECTION ( 'NONE',  ( -0.000000000000000000, 1.000000000000000000, -0.000000000000000000 ) ) ;
#73 = VERTEX_POINT ( 'NONE', #1874 ) ;
#74 = CARTESIAN_POINT ( 'NONE',  ( 60.00000000000000000, 5.999999999999993783, 34.69999999999999574 ) ) ;
#75 = PLANE ( 'NONE',  #1689 ) ;
#76 = VERTEX_POINT ( 'NONE', #373 ) ;
#77 = VECTOR ( 'NONE', #1565, 1000.000000000000000 ) ;
#78 = VECTOR ( 'NONE', #2231, 1000.000000000000000 ) ;
#79 = DIRECTION ( 'NONE',  ( 0.000000000000000000, -1.000000000000000000, 6.938893903907228378E-16 ) ) ;
#80 = CARTESIAN_POINT ( 'NONE',  ( 60.00000000000000000, -1.734723475976807094E-15, 14.40000000000000213 ) ) ;
#81 = ORIENTED_EDGE ( 'NONE', *, *, #594, .T. ) ;
#82 = CARTESIAN_POINT ( 'NONE',  ( 49.99999999999999289, -3.500000000000001776, 49.99999999999997868 ) ) ;
#83 = PLANE ( 'NONE',  #323 ) ;
#84 = EDGE_LOOP ( 'NONE', ( #1398, #789, #2406, #1266, #1685 ) ) ;
#85 = PLANE ( 'NONE',  #1379 ) ;
#86 = VECTOR ( 'NONE', #1274, 1000.000000000000000 ) ;
#87 = EDGE_CURVE ( 'NONE', #1844, #1120, #1509, .T. ) ;
#88 = CIRCLE ( 'NONE', #1115, 10.00000000000000000 ) ;
#89 = LINE ( 'NONE', #1364, #1491 ) ;
#90 = VECTOR ( 'NONE', #164, 1000.000000000000000 ) ;
#91 = EDGE_CURVE ( 'NONE', #715, #1490, #1335, .T. ) ;
#92 = ORIENTED_EDGE ( 'NONE', *, *, #859, .T. ) ;
#93 = DIRECTION ( 'NONE',  ( -0.000000000000000000, 1.000000000000000000, -0.000000000000000000 ) ) ;
#94 = FACE_BOUND ( 'NONE', #2269, .T. ) ;
#95 = ORIENTED_EDGE ( 'NONE', *, *, #1518, .F. ) ;
#96 = CARTESIAN_POINT ( 'NONE',  ( 37.50000000000000711, 28.99999999999999645, 15.37500000000000000 ) ) ;
#97 = CARTESIAN_POINT ( 'NONE',  ( 2.000000000000000000, 108.1959594928933086, 57.99999999999999289 ) ) ;
#98 = ORIENTED_EDGE ( 'NONE', *, *, #1680, .T. ) ;
#99 = ORIENTED_EDGE ( 'NONE', *, *, #87, .T. ) ;
#100 = DIRECTION ( 'NONE',  ( -0.000000000000000000, -1.000000000000000000, -0.000000000000000000 ) ) ;
#101 = EDGE_CURVE ( 'NONE', #1439, #1095, #23, .T. ) ;
#102 = LINE ( 'NONE', #673, #7 ) ;
#103 = ORIENTED_EDGE ( 'NONE', *, *, #1007, .T. ) ;
#104 = VECTOR ( 'NONE', #1894, 1000.000000000000000 ) ;
#105 = LINE ( 'NONE', #301, #2251 ) ;
#106 = DIRECTION ( 'NONE',  ( -1.000000000000000000, 1.471283672476397192E-32, -1.239088197126291063E-16 ) ) ;
#107 = ORIENTED_EDGE ( 'NONE', *, *, #2193, .F. ) ;
#108 = DIRECTION ( 'NONE',  ( 0.000000000000000000, 0.000000000000000000, 1.000000000000000000 ) ) ;
#109 = CARTESIAN_POINT ( 'NONE',  ( 60.00000000000000000, -7.372574772901430151E-15, 59.99999999999998579 ) ) ;
#110 = FILL_AREA_STYLE_COLOUR ( '', #1205 ) ;
#111 = ORIENTED_EDGE ( 'NONE', *, *, #1437, .T. ) ;
#112 = CARTESIAN_POINT ( 'NONE',  ( 48.00000000000000000, 108.1959594928933086, 12.00000000000001066 ) ) ;
#113 = DIRECTION ( 'NONE',  ( -0.000000000000000000, 1.000000000000000000, -0.000000000000000000 ) ) ;
#114 = ORIENTED_EDGE ( 'NONE', *, *, #1212, .F. ) ;
#115 = ADVANCED_FACE ( 'NONE', ( #584, #1496 ), #573, .F. ) ;
#116 = LINE ( 'NONE', #133, #369 ) ;
#117 = AXIS2_PLACEMENT_3D ( 'NONE', #2427, #188, #938 ) ;
#118 = CARTESIAN_POINT ( 'NONE',  ( 0.000000000000000000, -3.500000000000001776, 14.40000000000000213 ) ) ;
#119 = VERTEX_POINT ( 'NONE', #547 ) ;
#120 = DIRECTION ( 'NONE',  ( 0.7071067811865481278, 0.000000000000000000, -0.7071067811865469066 ) ) ;
#121 = AXIS2_PLACEMENT_3D ( 'NONE', #751, #1488, #763 ) ;
#122 = EDGE_CURVE ( 'NONE', #662, #1313, #1914, .T. ) ;
#123 = DIRECTION ( 'NONE',  ( 1.000000000000000000, 0.000000000000000000, 9.738798461624180871E-16 ) ) ;
#124 = EDGE_LOOP ( 'NONE', ( #926, #911, #1539, #1025 ) ) ;
#125 = ORIENTED_EDGE ( 'NONE', *, *, #1560, .F. ) ;
#126 = FACE_OUTER_BOUND ( 'NONE', #1562, .T. ) ;
#127 = VECTOR ( 'NONE', #2342, 1000.000000000000000 ) ;
#128 = CIRCLE ( 'NONE', #1696, 2.000000000000000000 ) ;
#129 = DIRECTION ( 'NONE',  ( 0.000000000000000000, 0.000000000000000000, -1.000000000000000000 ) ) ;
#130 = VECTOR ( 'NONE', #651, 1000.000000000000000 ) ;
#131 = ORIENTED_EDGE ( 'NONE', *, *, #1651, .F. ) ;
#132 = VECTOR ( 'NONE', #100, 1000.000000000000000 ) ;
#133 = CARTESIAN_POINT ( 'NONE',  ( 8.250000000000000000, 28.99999999999999645, 22.49999999999998934 ) ) ;
#134 = PLANE ( 'NONE',  #1536 ) ;
#135 = EDGE_LOOP ( 'NONE', ( #2175, #370, #1040, #1275 ) ) ;
#136 = EDGE_CURVE ( 'NONE', #1534, #299, #1520, .T. ) ;
#137 = LINE ( 'NONE', #1469, #472 ) ;
#138 = DIRECTION ( 'NONE',  ( 0.000000000000000000, 1.187392209762482313E-16, -1.000000000000000000 ) ) ;
#139 = LINE ( 'NONE', #708, #388 ) ;
#140 = VERTEX_POINT ( 'NONE', #925 ) ;
#141 = EDGE_CURVE ( 'NONE', #260, #1480, #1109, .T. ) ;
#142 = CARTESIAN_POINT ( 'NONE',  ( 60.00000000000000000, -3.000000000000000888, 8.000000000000000000 ) ) ;
#143 = CARTESIAN_POINT ( 'NONE',  ( 60.00000000000000000, -3.500000000000001776, 10.90000000000000213 ) ) ;
#144 = VERTEX_POINT ( 'NONE', #1141 ) ;
#145 = ORIENTED_EDGE ( 'NONE', *, *, #1583, .T. ) ;
#146 = CARTESIAN_POINT ( 'NONE',  ( 60.00000000000000000, 29.19999999999999218, -10.09999999999999787 ) ) ;
#147 = ORIENTED_EDGE ( 'NONE', *, *, #1070, .F. ) ;
#148 = LINE ( 'NONE', #343, #1407 ) ;
#149 = DIRECTION ( 'NONE',  ( 0.000000000000000000, 0.000000000000000000, 1.000000000000000000 ) ) ;
#150 = DIRECTION ( 'NONE',  ( -0.000000000000000000, 1.000000000000000000, -0.000000000000000000 ) ) ;
#151 = ORIENTED_EDGE ( 'NONE', *, *, #590, .T. ) ;
#152 = DIRECTION ( 'NONE',  ( 0.000000000000000000, -1.000000000000000000, 0.000000000000000000 ) ) ;
#153 = EDGE_CURVE ( 'NONE', #144, #959, #2425, .T. ) ;
#154 = PLANE ( 'NONE',  #2211 ) ;
#155 = LINE ( 'NONE', #1821, #2164 ) ;
#156 = EDGE_CURVE ( 'NONE', #1968, #1351, #780, .T. ) ;
#157 = ORIENTED_EDGE ( 'NONE', *, *, #1361, .F. ) ;
#158 = PLANE ( 'NONE',  #1028 ) ;
#159 = ORIENTED_EDGE ( 'NONE', *, *, #2373, .F. ) ;
#160 = DIRECTION ( 'NONE',  ( -0.000000000000000000, 1.000000000000000000, -0.000000000000000000 ) ) ;
#161 = CARTESIAN_POINT ( 'NONE',  ( 60.00000000000000000, 0.4999999999999851785, 0.000000000000000000 ) ) ;
#162 = EDGE_LOOP ( 'NONE', ( #1208, #1593, #535 ) ) ;
#163 = AXIS2_PLACEMENT_3D ( 'NONE', #2046, #2213, #2224 ) ;
#164 = DIRECTION ( 'NONE',  ( 1.239088197126291063E-16, 1.734723475976805862E-16, -1.000000000000000000 ) ) ;
#165 = DIRECTION ( 'NONE',  ( -0.7071067811865469066, 0.000000000000000000, -0.7071067811865481278 ) ) ;
#166 = EDGE_CURVE ( 'NONE', #1755, #1903, #745, .T. ) ;
#167 = AXIS2_PLACEMENT_3D ( 'NONE', #2157, #474, #885 ) ;
#168 = EDGE_CURVE ( 'NONE', #1967, #1854, #945, .T. ) ;
#169 = VECTOR ( 'NONE', #583, 999.9999999999998863 ) ;
#170 = EDGE_LOOP ( 'NONE', ( #1257, #1585, #1690, #2430, #1267, #2310, #218, #294 ) ) ;
#171 = CARTESIAN_POINT ( 'NONE',  ( 37.49999999999999289, 28.99999999999999645, 44.62500000000000000 ) ) ;
#172 = VECTOR ( 'NONE', #2112, 1000.000000000000000 ) ;
#173 = VERTEX_POINT ( 'NONE', #1692 ) ;
#174 = CYLINDRICAL_SURFACE ( 'NONE', #946, 10.00000000000000178 ) ;
#175 = EDGE_CURVE ( 'NONE', #896, #1145, #12, .T. ) ;
#176 = VECTOR ( 'NONE', #621, 1000.000000000000000 ) ;
#177 = DIRECTION ( 'NONE',  ( 0.000000000000000000, 1.187392209762482313E-16, -1.000000000000000000 ) ) ;
#178 = CARTESIAN_POINT ( 'NONE',  ( 8.250000000000000000, 28.99999999999999645, 37.49999999999998579 ) ) ;
#179 = FACE_OUTER_BOUND ( 'NONE', #1161, .T. ) ;
#180 = DIRECTION ( 'NONE',  ( -0.000000000000000000, 7.228014483236692611E-16, 1.000000000000000000 ) ) ;
#181 = DIRECTION ( 'NONE',  ( -0.000000000000000000, 1.236370898448382630E-16, -1.000000000000000000 ) ) ;
#182 = ORIENTED_EDGE ( 'NONE', *, *, #1664, .T. ) ;
#183 = DIRECTION ( 'NONE',  ( -0.000000000000000000, 1.000000000000000000, -0.000000000000000000 ) ) ;
#184 = ORIENTED_EDGE ( 'NONE', *, *, #136, .T. ) ;
#185 = DIRECTION ( 'NONE',  ( 0.000000000000000000, 0.000000000000000000, 1.000000000000000000 ) ) ;
#186 = DIRECTION ( 'NONE',  ( -0.000000000000000000, 1.000000000000000000, -7.228014483236692611E-16 ) ) ;
#187 = EDGE_CURVE ( 'NONE', #2419, #1029, #264, .T. ) ;
#188 = DIRECTION ( 'NONE',  ( 2.736911063134408342E-48, 1.000000000000000000, 1.187392209762482313E-16 ) ) ;
#189 = ORIENTED_EDGE ( 'NONE', *, *, #2270, .T. ) ;
#190 = CARTESIAN_POINT ( 'NONE',  ( 60.00000000000000000, -3.000000000000000888, 5.000000000000000000 ) ) ;
#191 = CYLINDRICAL_SURFACE ( 'NONE', #121, 10.00000000000000178 ) ;
#192 = ORIENTED_EDGE ( 'NONE', *, *, #412, .F. ) ;
#193 = ORIENTED_EDGE ( 'NONE', *, *, #1969, .F. ) ;
#194 = APPLICATION_CONTEXT ( 'automotive_design' ) ;
#195 = ADVANCED_FACE ( 'NONE', ( #992 ), #1761, .F. ) ;
#196 = CARTESIAN_POINT ( 'NONE',  ( 0.000000000000000000, -6.000000000000000000, 1.999999999999999556 ) ) ;
#197 = CARTESIAN_POINT ( 'NONE',  ( 22.50000000000000711, 18.99999999999998934, 12.00000000000000000 ) ) ;
#198 = DIRECTION ( 'NONE',  ( 0.000000000000000000, -0.000000000000000000, -1.000000000000000000 ) ) ;
#199 = EDGE_CURVE ( 'NONE', #342, #299, #1953, .T. ) ;
#200 = EDGE_LOOP ( 'NONE', ( #1800, #2295, #295, #823, #2305 ) ) ;
#201 = VECTOR ( 'NONE', #1326, 1000.000000000000000 ) ;
#202 = LINE ( 'NONE', #2063, #1575 ) ;
#203 = VECTOR ( 'NONE', #2028, 1000.000000000000000 ) ;
#204 = ORIENTED_EDGE ( 'NONE', *, *, #1560, .T. ) ;
#205 = EDGE_LOOP ( 'NONE', ( #1394, #2234, #2055, #2336 ) ) ;
#206 = VECTOR ( 'NONE', #2395, 1000.000000000000000 ) ;
#207 = DIRECTION ( 'NONE',  ( 0.000000000000000000, 0.000000000000000000, 1.000000000000000000 ) ) ;
#208 = VECTOR ( 'NONE', #1187, 1000.000000000000000 ) ;
#209 = DIRECTION ( 'NONE',  ( 1.000000000000000000, -0.000000000000000000, -0.000000000000000000 ) ) ;
#210 = ADVANCED_FACE ( 'NONE', ( #1389 ), #1730, .T. ) ;
#211 = FACE_OUTER_BOUND ( 'NONE', #390, .T. ) ;
#212 = VECTOR ( 'NONE', #413, 1000.000000000000000 ) ;
#213 = ORIENTED_EDGE ( 'NONE', *, *, #2003, .F. ) ;
#214 = CARTESIAN_POINT ( 'NONE',  ( 60.00000000000000000, 31.99999999999999289, 4.622231866529366047E-30 ) ) ;
#215 = PRODUCT_CONTEXT ( 'NONE', #194, 'mechanical' ) ;
#216 = ADVANCED_FACE ( 'NONE', ( #1544 ), #2332, .F. ) ;
#217 = ORIENTED_EDGE ( 'NONE', *, *, #1572, .T. ) ;
#218 = ORIENTED_EDGE ( 'NONE', *, *, #993, .F. ) ;
#219 = DIRECTION ( 'NONE',  ( 0.000000000000000000, -0.000000000000000000, -1.000000000000000000 ) ) ;
#220 = LINE ( 'NONE', #417, #1811 ) ;
#221 = CARTESIAN_POINT ( 'NONE',  ( 37.50000000000000711, 28.99999999999999645, 8.250000000000000000 ) ) ;
#222 = LINE ( 'NONE', #1719, #1657 ) ;
#223 = ORIENTED_EDGE ( 'NONE', *, *, #1514, .F. ) ;
#224 = DIRECTION ( 'NONE',  ( -1.000000000000000000, 0.000000000000000000, -1.156482317317871971E-16 ) ) ;
#225 = ADVANCED_FACE ( 'NONE', ( #2100 ), #800, .F. ) ;
#226 = CARTESIAN_POINT ( 'NONE',  ( 57.99999999999999289, 19.00000000000000355, 47.99999999999998579 ) ) ;
#227 = EDGE_LOOP ( 'NONE', ( #2084, #2356, #13, #914 ) ) ;
#228 = ORIENTED_EDGE ( 'NONE', *, *, #156, .F. ) ;
#229 = CARTESIAN_POINT ( 'NONE',  ( 48.00000000000000000, 18.99999999999999645, 12.00000000000000000 ) ) ;
#230 = LINE ( 'NONE', #640, #2284 ) ;
#231 = FACE_OUTER_BOUND ( 'NONE', #1343, .T. ) ;
#232 = CARTESIAN_POINT ( 'NONE',  ( 47.99999999999998579, 1.999999999999999556, 1.999999999999997113 ) ) ;
#233 = ORIENTED_EDGE ( 'NONE', *, *, #1352, .F. ) ;
#234 = DIRECTION ( 'NONE',  ( 0.000000000000000000, 0.000000000000000000, -1.000000000000000000 ) ) ;
#235 = EDGE_CURVE ( 'NONE', #1497, #73, #968, .T. ) ;
#236 = VECTOR ( 'NONE', #1595, 1000.000000000000000 ) ;
#237 = DIRECTION ( 'NONE',  ( -0.000000000000000000, 1.000000000000000000, 1.187392209762482313E-16 ) ) ;
#238 = VERTEX_POINT ( 'NONE', #46 ) ;
#239 = EDGE_CURVE ( 'NONE', #843, #1734, #220, .T. ) ;
#240 = ORIENTED_EDGE ( 'NONE', *, *, #827, .F. ) ;
#241 = LINE ( 'NONE', #1543, #799 ) ;
#242 = DIRECTION ( 'NONE',  ( 0.000000000000000000, -1.000000000000000000, -1.444447458290427547E-31 ) ) ;
#243 = AXIS2_PLACEMENT_3D ( 'NONE', #2103, #1158, #61 ) ;
#244 = EDGE_CURVE ( 'NONE', #307, #2352, #2137, .T. ) ;
#245 = ORIENTED_EDGE ( 'NONE', *, *, #783, .T. ) ;
#246 = CARTESIAN_POINT ( 'NONE',  ( 2.000000000000007105, 18.99999999999998934, 12.00000000000000000 ) ) ;
#247 = AXIS2_PLACEMENT_3D ( 'NONE', #1264, #2006, #2370 ) ;
#248 = DIRECTION ( 'NONE',  ( -6.938893903907227392E-16, -0.000000000000000000, 1.000000000000000000 ) ) ;
#249 = VERTEX_POINT ( 'NONE', #966 ) ;
#250 = CIRCLE ( 'NONE', #953, 10.00000000000000000 ) ;
#251 = LINE ( 'NONE', #1242, #2328 ) ;
#252 = LINE ( 'NONE', #1385, #2318 ) ;
#253 = ORIENTED_EDGE ( 'NONE', *, *, #2330, .F. ) ;
#254 = CARTESIAN_POINT ( 'NONE',  ( 60.00000000000000000, 0.4999999999999859002, 7.222237291451933012E-32 ) ) ;
#255 = CARTESIAN_POINT ( 'NONE',  ( 15.37500000000000000, 28.99999999999999645, 37.49999999999999289 ) ) ;
#256 = ORIENTED_EDGE ( 'NONE', *, *, #1799, .T. ) ;
#257 = CARTESIAN_POINT ( 'NONE',  ( 0.000000000000000000, -4.000000000000000888, 8.900000000000002132 ) ) ;
#258 = EDGE_CURVE ( 'NONE', #1029, #1526, #1455, .T. ) ;
#259 = DIRECTION ( 'NONE',  ( 0.000000000000000000, -1.000000000000000000, -5.782411586589356653E-16 ) ) ;
#260 = VERTEX_POINT ( 'NONE', #617 ) ;
#261 = PLANE ( 'NONE',  #1939 ) ;
#262 = DIRECTION ( 'NONE',  ( 0.000000000000000000, 0.000000000000000000, -1.000000000000000000 ) ) ;
#263 = ORIENTED_EDGE ( 'NONE', *, *, #960, .F. ) ;
#264 = LINE ( 'NONE', #1943, #622 ) ;
#265 = ADVANCED_FACE ( 'NONE', ( #1717 ), #32, .F. ) ;
#266 = DIRECTION ( 'NONE',  ( 1.000000000000000000, 0.000000000000000000, -0.000000000000000000 ) ) ;
#267 = FACE_OUTER_BOUND ( 'NONE', #1184, .T. ) ;
#268 = ORIENTED_EDGE ( 'NONE', *, *, #2340, .T. ) ;
#269 = EDGE_CURVE ( 'NONE', #2012, #1907, #230, .T. ) ;
#270 = LINE ( 'NONE', #1624, #1151 ) ;
#271 = DIRECTION ( 'NONE',  ( 1.000000000000000000, 0.000000000000000000, -0.000000000000000000 ) ) ;
#272 = ORIENTED_EDGE ( 'NONE', *, *, #19, .T. ) ;
#273 = AXIS2_PLACEMENT_3D ( 'NONE', #246, #1521, #1707 ) ;
#274 = AXIS2_PLACEMENT_3D ( 'NONE', #458, #841, #1561 ) ;
#275 = LINE ( 'NONE', #1026, #1377 ) ;
#276 = DIRECTION ( 'NONE',  ( 0.000000000000000000, 0.000000000000000000, -1.000000000000000000 ) ) ;
#277 = EDGE_LOOP ( 'NONE', ( #1823, #863, #2081, #1356 ) ) ;
#278 = DIRECTION ( 'NONE',  ( 0.000000000000000000, -1.000000000000000000, 0.000000000000000000 ) ) ;
#279 = CARTESIAN_POINT ( 'NONE',  ( 60.00000000000000000, 1.999999999999997335, 16.40000000000000213 ) ) ;
#280 = VECTOR ( 'NONE', #1751, 1000.000000000000000 ) ;
#281 = ORIENTED_EDGE ( 'NONE', *, *, #153, .T. ) ;
#282 = EDGE_CURVE ( 'NONE', #1659, #76, #606, .T. ) ;
#283 = VERTEX_POINT ( 'NONE', #255 ) ;
#284 = DIRECTION ( 'NONE',  ( -0.000000000000000000, 1.000000000000000000, -0.000000000000000000 ) ) ;
#285 = VECTOR ( 'NONE', #1508, 1000.000000000000000 ) ;
#286 = LINE ( 'NONE', #1782, #236 ) ;
#287 = VECTOR ( 'NONE', #1807, 1000.000000000000000 ) ;
#288 = EDGE_LOOP ( 'NONE', ( #2260, #1605, #2155, #2189, #184 ) ) ;
#289 = CARTESIAN_POINT ( 'NONE',  ( 4.999999999999997335, 0.000000000000000000, 0.000000000000000000 ) ) ;
#290 = PLANE ( 'NONE',  #2092 ) ;
#291 = ORIENTED_EDGE ( 'NONE', *, *, #1958, .F. ) ;
#292 = LINE ( 'NONE', #1589, #434 ) ;
#293 = DIRECTION ( 'NONE',  ( 0.000000000000000000, -1.000000000000000000, -1.187392209762482313E-16 ) ) ;
#294 = ORIENTED_EDGE ( 'NONE', *, *, #2106, .F. ) ;
#295 = ORIENTED_EDGE ( 'NONE', *, *, #17, .F. ) ;
#296 = CARTESIAN_POINT ( 'NONE',  ( 22.49999999999998934, 30.99999999999999645, 51.75000000000000000 ) ) ;
#297 = LINE ( 'NONE', #1609, #1891 ) ;
#298 = EDGE_CURVE ( 'NONE', #1439, #754, #1554, .T. ) ;
#299 = VERTEX_POINT ( 'NONE', #810 ) ;
#300 = EDGE_CURVE ( 'NONE', #307, #843, #2307, .T. ) ;
#301 = CARTESIAN_POINT ( 'NONE',  ( 4.999999999999997335, 3.999999999999994671, 29.69999999999998863 ) ) ;
#302 = CARTESIAN_POINT ( 'NONE',  ( 44.62500000000000000, 30.99999999999999645, 22.50000000000000711 ) ) ;
#303 = ORIENTED_EDGE ( 'NONE', *, *, #498, .F. ) ;
#304 = FACE_OUTER_BOUND ( 'NONE', #1956, .T. ) ;
#305 = DIRECTION ( 'NONE',  ( -9.738798461624180871E-16, 0.000000000000000000, 1.000000000000000000 ) ) ;
#306 = ORIENTED_EDGE ( 'NONE', *, *, #1726, .F. ) ;
#307 = VERTEX_POINT ( 'NONE', #69 ) ;
#308 = FACE_OUTER_BOUND ( 'NONE', #2143, .T. ) ;
#309 = PLANE ( 'NONE',  #2358 ) ;
#310 = ORIENTED_EDGE ( 'NONE', *, *, #64, .T. ) ;
#311 = EDGE_CURVE ( 'NONE', #2018, #1321, #820, .T. ) ;
#312 = DIRECTION ( 'NONE',  ( -1.000000000000000000, -0.000000000000000000, 0.000000000000000000 ) ) ;
#313 = VECTOR ( 'NONE', #979, 1000.000000000000000 ) ;
#314 = FACE_OUTER_BOUND ( 'NONE', #227, .T. ) ;
#315 = ADVANCED_FACE ( 'NONE', ( #897 ), #1401, .F. ) ;
#316 = ORIENTED_EDGE ( 'NONE', *, *, #2021, .F. ) ;
#317 = LINE ( 'NONE', #1069, #1527 ) ;
#318 = AXIS2_PLACEMENT_3D ( 'NONE', #1374, #447, #1949 ) ;
#319 = CARTESIAN_POINT ( 'NONE',  ( 51.75000000000000000, 30.99999999999999645, 22.50000000000001066 ) ) ;
#320 = VERTEX_POINT ( 'NONE', #1248 ) ;
#321 = ORIENTED_EDGE ( 'NONE', *, *, #1726, .T. ) ;
#322 = DIRECTION ( 'NONE',  ( -0.000000000000000000, 0.000000000000000000, -1.000000000000000000 ) ) ;
#323 = AXIS2_PLACEMENT_3D ( 'NONE', #837, #1580, #1533 ) ;
#324 = CARTESIAN_POINT ( 'NONE',  ( 0.000000000000000000, -3.000000000000000888, 5.000000000000000000 ) ) ;
#325 = AXIS2_PLACEMENT_3D ( 'NONE', #944, #177, #733 ) ;
#326 = ORIENTED_EDGE ( 'NONE', *, *, #17, .T. ) ;
#327 = AXIS2_PLACEMENT_3D ( 'NONE', #2290, #612, #1735 ) ;
#328 = CARTESIAN_POINT ( 'NONE',  ( 12.00000000000000178, 1.999999999999999556, 1.999999999999997113 ) ) ;
#329 = CARTESIAN_POINT ( 'NONE',  ( 60.00000000000000000, -3.500000000000001776, 14.40000000000000213 ) ) ;
#330 = ORIENTED_EDGE ( 'NONE', *, *, #935, .T. ) ;
#331 = CARTESIAN_POINT ( 'NONE',  ( 4.999999999999997335, -6.071532165918824830E-15, 47.99999999999997868 ) ) ;
#332 = FACE_OUTER_BOUND ( 'NONE', #558, .T. ) ;
#333 = ORIENTED_EDGE ( 'NONE', *, *, #907, .T. ) ;
#334 = ORIENTED_EDGE ( 'NONE', *, *, #1132, .T. ) ;
#335 = CARTESIAN_POINT ( 'NONE',  ( 7.249999999999999112, 30.99999999999999645, 52.75000000000000000 ) ) ;
#336 = EDGE_CURVE ( 'NONE', #1067, #2186, #1640, .T. ) ;
#337 = DIRECTION ( 'NONE',  ( -1.000000000000000000, -0.000000000000000000, -0.000000000000000000 ) ) ;
#338 = CARTESIAN_POINT ( 'NONE',  ( 60.00000000000000000, -1.999999999999987121, 0.000000000000000000 ) ) ;
#339 = ORIENTED_EDGE ( 'NONE', *, *, #533, .T. ) ;
#340 = ORIENTED_EDGE ( 'NONE', *, *, #1435, .T. ) ;
#341 = FACE_OUTER_BOUND ( 'NONE', #775, .T. ) ;
#342 = VERTEX_POINT ( 'NONE', #302 ) ;
#343 = CARTESIAN_POINT ( 'NONE',  ( 22.50000000000000711, 30.99999999999999645, 15.37500000000000000 ) ) ;
#344 = CARTESIAN_POINT ( 'NONE',  ( 60.00000000000000000, -1.981997655666484015E-15, 16.40000000000000568 ) ) ;
#345 = AXIS2_PLACEMENT_3D ( 'NONE', #1131, #1682, #1 ) ;
#346 = CARTESIAN_POINT ( 'NONE',  ( 52.75000000000000000, 30.99999999999999645, 52.75000000000000000 ) ) ;
#347 = ADVANCED_FACE ( 'NONE', ( #2355 ), #872, .F. ) ;
#348 = LINE ( 'NONE', #1088, #1270 ) ;
#349 = EDGE_CURVE ( 'NONE', #567, #1245, #1693, .T. ) ;
#350 = FACE_OUTER_BOUND ( 'NONE', #1897, .T. ) ;
#351 = DIRECTION ( 'NONE',  ( -0.000000000000000000, -0.000000000000000000, -1.000000000000000000 ) ) ;
#352 = ORIENTED_EDGE ( 'NONE', *, *, #2340, .F. ) ;
#353 = UNCERTAINTY_MEASURE_WITH_UNIT (LENGTH_MEASURE( 1.000000000000000082E-05 ), #393, 'distance_accuracy_value', 'NONE');
#354 = CARTESIAN_POINT ( 'NONE',  ( 22.49999999999999289, 28.99999999999999645, 44.62500000000000000 ) ) ;
#355 = ORIENTED_EDGE ( 'NONE', *, *, #30, .T. ) ;
#356 = PLANE ( 'NONE',  #556 ) ;
#357 = CIRCLE ( 'NONE', #2161, 10.00000000000000178 ) ;
#358 = CYLINDRICAL_SURFACE ( 'NONE', #2017, 3.499999999999997780 ) ;
#359 = DIRECTION ( 'NONE',  ( 0.000000000000000000, 0.000000000000000000, -1.000000000000000000 ) ) ;
#360 = VECTOR ( 'NONE', #689, 1000.000000000000000 ) ;
#361 = CARTESIAN_POINT ( 'NONE',  ( 60.00000000000000000, -1.500000000000000444, 5.000000000000000000 ) ) ;
#362 = PRODUCT_RELATED_PRODUCT_CATEGORY ( 'part', '', ( #632 ) ) ;
#363 = VECTOR ( 'NONE', #262, 1000.000000000000000 ) ;
#364 = CARTESIAN_POINT ( 'NONE',  ( 37.49999999999999289, 28.99999999999999645, 47.99999999999997868 ) ) ;
#365 = LINE ( 'NONE', #1504, #1568 ) ;
#366 = VECTOR ( 'NONE', #410, 1000.000000000000000 ) ;
#367 = ORIENTED_EDGE ( 'NONE', *, *, #714, .T. ) ;
#368 = CARTESIAN_POINT ( 'NONE',  ( 4.999999999999997335, 1.999999999999994005, 47.99999999999997868 ) ) ;
#369 = VECTOR ( 'NONE', #884, 1000.000000000000000 ) ;
#370 = ORIENTED_EDGE ( 'NONE', *, *, #1722, .F. ) ;
#371 = CARTESIAN_POINT ( 'NONE',  ( 51.75000000000000000, 28.27024810886958051, 22.50000000000001066 ) ) ;
#372 = LINE ( 'NONE', #1315, #285 ) ;
#373 = CARTESIAN_POINT ( 'NONE',  ( 60.00000000000000000, 1.999999999999994005, 47.99999999999997868 ) ) ;
#374 = CARTESIAN_POINT ( 'NONE',  ( 2.000000000000007105, 18.99999999999998934, 1.999999999999999112 ) ) ;
#375 = CARTESIAN_POINT ( 'NONE',  ( 15.37500000000000000, 28.99999999999999645, 22.49999999999999289 ) ) ;
#376 = ADVANCED_FACE ( 'NONE', ( #314 ), #2380, .F. ) ;
#377 = EDGE_LOOP ( 'NONE', ( #1639, #1803, #1478, #1996 ) ) ;
#378 = ADVANCED_FACE ( 'NONE', ( #1452 ), #290, .F. ) ;
#379 = ORIENTED_EDGE ( 'NONE', *, *, #2087, .F. ) ;
#380 = CARTESIAN_POINT ( 'NONE',  ( 37.50000000000000711, 30.99999999999999645, 8.250000000000000000 ) ) ;
#381 = DIRECTION ( 'NONE',  ( -1.000000000000000000, -0.000000000000000000, -0.000000000000000000 ) ) ;
#382 = CARTESIAN_POINT ( 'NONE',  ( 57.99999999999999289, 108.1959594928933086, 57.99999999999999289 ) ) ;
#383 = ORIENTED_EDGE ( 'NONE', *, *, #2217, .T. ) ;
#384 = CARTESIAN_POINT ( 'NONE',  ( 60.00000000000000000, -3.000000000000000888, 8.000000000000000000 ) ) ;
#385 = ORIENTED_EDGE ( 'NONE', *, *, #141, .T. ) ;
#386 = AXIS2_PLACEMENT_3D ( 'NONE', #462, #788, #1906 ) ;
#387 = FACE_OUTER_BOUND ( 'NONE', #1995, .T. ) ;
#388 = VECTOR ( 'NONE', #850, 1000.000000000000000 ) ;
#389 = ADVANCED_FACE ( 'NONE', ( #2016 ), #846, .F. ) ;
#390 = EDGE_LOOP ( 'NONE', ( #1203, #1215, #2076 ) ) ;
#391 = ORIENTED_EDGE ( 'NONE', *, *, #300, .F. ) ;
#392 = DIRECTION ( 'NONE',  ( -0.000000000000000000, 1.000000000000000000, 0.000000000000000000 ) ) ;
#393 =( LENGTH_UNIT ( ) NAMED_UNIT ( * ) SI_UNIT ( .MILLI., .METRE. ) );
#394 = CARTESIAN_POINT ( 'NONE',  ( 60.00000000000000000, 5.999999999999993783, 34.69999999999999574 ) ) ;
#395 = ORIENTED_EDGE ( 'NONE', *, *, #1070, .T. ) ;
#396 = VECTOR ( 'NONE', #1381, 1000.000000000000000 ) ;
#397 = DIRECTION ( 'NONE',  ( -0.000000000000000000, 1.000000000000000000, 1.257045997084642611E-16 ) ) ;
#398 = CARTESIAN_POINT ( 'NONE',  ( 51.75000000000000000, 30.99999999999999645, 37.50000000000000711 ) ) ;
#399 =( GEOMETRIC_REPRESENTATION_CONTEXT ( 3 ) GLOBAL_UNCERTAINTY_ASSIGNED_CONTEXT ( ( #845 ) ) GLOBAL_UNIT_ASSIGNED_CONTEXT ( ( #1710, #1901, #588 ) ) REPRESENTATION_CONTEXT ( 'NONE', 'WORKASPACE' ) );
#400 = ORIENTED_EDGE ( 'NONE', *, *, #1987, .F. ) ;
#401 = ORIENTED_EDGE ( 'NONE', *, *, #1185, .F. ) ;
#402 = AXIS2_PLACEMENT_3D ( 'NONE', #932, #1287, #2407 ) ;
#403 = CARTESIAN_POINT ( 'NONE',  ( 8.250000000000000000, 30.99999999999999645, 22.49999999999998934 ) ) ;
#404 = AXIS2_PLACEMENT_3D ( 'NONE', #916, #1319, #562 ) ;
#405 = DIRECTION ( 'NONE',  ( -4.869399230812090436E-16, -0.000000000000000000, 1.000000000000000000 ) ) ;
#406 = ORIENTED_EDGE ( 'NONE', *, *, #1089, .F. ) ;
#407 = ADVANCED_FACE ( 'NONE', ( #2367, #1236 ), #134, .T. ) ;
#408 = LINE ( 'NONE', #1555, #513 ) ;
#409 = AXIS2_PLACEMENT_3D ( 'NONE', #112, #1232, #1970 ) ;
#410 = DIRECTION ( 'NONE',  ( -0.000000000000000000, 1.000000000000000000, -0.000000000000000000 ) ) ;
#411 = ORIENTED_EDGE ( 'NONE', *, *, #1913, .F. ) ;
#412 = EDGE_CURVE ( 'NONE', #739, #20, #2210, .T. ) ;
#413 = DIRECTION ( 'NONE',  ( -1.000000000000000000, -0.000000000000000000, -0.000000000000000000 ) ) ;
#414 = VERTEX_POINT ( 'NONE', #1824 ) ;
#415 = ORIENTED_EDGE ( 'NONE', *, *, #1712, .F. ) ;
#416 = DIRECTION ( 'NONE',  ( 1.000000000000000000, 1.387778780781445478E-15, 0.000000000000000000 ) ) ;
#417 = CARTESIAN_POINT ( 'NONE',  ( 4.999999999999997335, 5.999999999999993783, 34.69999999999999574 ) ) ;
#418 = DIRECTION ( 'NONE',  ( 1.000000000000000000, -0.000000000000000000, -0.000000000000000000 ) ) ;
#419 = CARTESIAN_POINT ( 'NONE',  ( 47.99999999999999289, 28.99999999999999645, 47.99999999999997868 ) ) ;
#420 = VERTEX_POINT ( 'NONE', #1052 ) ;
#421 = ADVANCED_FACE ( 'NONE', ( #1081 ), #1441, .F. ) ;
#422 = FACE_OUTER_BOUND ( 'NONE', #1272, .T. ) ;
#423 = ADVANCED_FACE ( 'NONE', ( #1066 ), #2197, .T. ) ;
#424 = DIRECTION ( 'NONE',  ( 0.000000000000000000, 1.301042606982605074E-16, -1.000000000000000000 ) ) ;
#425 = ORIENTED_EDGE ( 'NONE', *, *, #1998, .F. ) ;
#426 = EDGE_CURVE ( 'NONE', #974, #1490, #502, .T. ) ;
#427 = ORIENTED_EDGE ( 'NONE', *, *, #1846, .F. ) ;
#428 = FACE_OUTER_BOUND ( 'NONE', #1963, .T. ) ;
#429 = CARTESIAN_POINT ( 'NONE',  ( 60.00000000000000000, 0.000000000000000000, 0.000000000000000000 ) ) ;
#430 = CARTESIAN_POINT ( 'NONE',  ( 7.249999999999999112, 30.99999999999999645, 7.249999999999999112 ) ) ;
#431 = CARTESIAN_POINT ( 'NONE',  ( 51.75000000000000000, 28.99999999999999645, 22.50000000000001066 ) ) ;
#432 = ORIENTED_EDGE ( 'NONE', *, *, #43, .F. ) ;
#433 = DIRECTION ( 'NONE',  ( -0.000000000000000000, 1.000000000000000000, 5.782411586589356653E-16 ) ) ;
#434 = VECTOR ( 'NONE', #1213, 1000.000000000000000 ) ;
#435 = AXIS2_PLACEMENT_3D ( 'NONE', #624, #1551, #817 ) ;
#436 = PLANE ( 'NONE',  #435 ) ;
#437 = ORIENTED_EDGE ( 'NONE', *, *, #469, .F. ) ;
#438 = LINE ( 'NONE', #1952, #172 ) ;
#439 = DIRECTION ( 'NONE',  ( 1.000000000000000000, -0.000000000000000000, -0.000000000000000000 ) ) ;
#440 = VECTOR ( 'NONE', #2188, 1000.000000000000227 ) ;
#441 = DIRECTION ( 'NONE',  ( -0.000000000000000000, 1.000000000000000000, -0.000000000000000000 ) ) ;
#442 = VECTOR ( 'NONE', #337, 1000.000000000000000 ) ;
#443 = FACE_OUTER_BOUND ( 'NONE', #1062, .T. ) ;
#444 = VERTEX_POINT ( 'NONE', #1261 ) ;
#445 = AXIS2_PLACEMENT_3D ( 'NONE', #1793, #852, #685 ) ;
#446 = LINE ( 'NONE', #984, #2173 ) ;
#447 = DIRECTION ( 'NONE',  ( -0.000000000000000000, 1.000000000000000000, 1.084202172485504311E-16 ) ) ;
#448 = ORIENTED_EDGE ( 'NONE', *, *, #2258, .T. ) ;
#449 = ADVANCED_FACE ( 'NONE', ( #94, #514 ), #1587, .F. ) ;
#450 = DIRECTION ( 'NONE',  ( -1.000000000000000000, -0.000000000000000000, -0.000000000000000000 ) ) ;
#451 = PRODUCT_DEFINITION_CONTEXT ( 'detailed design', #2376, 'design' ) ;
#452 = DIRECTION ( 'NONE',  ( 0.000000000000000000, -1.000000000000000000, -1.236370898448382630E-16 ) ) ;
#453 = ADVANCED_FACE ( 'NONE', ( #341 ), #2420, .F. ) ;
#454 = CARTESIAN_POINT ( 'NONE',  ( 12.00000000000000533, 19.00000000000000355, 22.49999999999999289 ) ) ;
#455 = DIRECTION ( 'NONE',  ( -1.239088197126291063E-16, -0.000000000000000000, 1.000000000000000000 ) ) ;
#456 = ORIENTED_EDGE ( 'NONE', *, *, #1597, .F. ) ;
#457 = DIRECTION ( 'NONE',  ( -1.000000000000000000, -0.000000000000000000, -0.000000000000000000 ) ) ;
#458 = CARTESIAN_POINT ( 'NONE',  ( 48.00000000000000000, 2.000000000000001776, 11.99999999999999822 ) ) ;
#459 = VERTEX_POINT ( 'NONE', #740 ) ;
#460 = EDGE_CURVE ( 'NONE', #2247, #739, #541, .T. ) ;
#461 = CARTESIAN_POINT ( 'NONE',  ( 60.00000000000000000, -2.168404344971008868E-15, 14.40000000000000213 ) ) ;
#462 = CARTESIAN_POINT ( 'NONE',  ( 60.00000000000000000, -4.000000000000000888, 8.900000000000002132 ) ) ;
#463 = ORIENTED_EDGE ( 'NONE', *, *, #2021, .T. ) ;
#464 = CARTESIAN_POINT ( 'NONE',  ( 4.999999999999997335, 1.999999999999997335, 16.40000000000000213 ) ) ;
#465 = LINE ( 'NONE', #1620, #834 ) ;
#466 = ORIENTED_EDGE ( 'NONE', *, *, #1244, .F. ) ;
#467 = ORIENTED_EDGE ( 'NONE', *, *, #60, .T. ) ;
#468 = LINE ( 'NONE', #1218, #1077 ) ;
#469 = EDGE_CURVE ( 'NONE', #795, #2152, #10, .T. ) ;
#470 = CARTESIAN_POINT ( 'NONE',  ( 0.000000000000000000, -3.500000000000001776, 49.99999999999997868 ) ) ;
#471 = ORIENTED_EDGE ( 'NONE', *, *, #1409, .F. ) ;
#472 = VECTOR ( 'NONE', #1302, 1000.000000000000000 ) ;
#473 = DIRECTION ( 'NONE',  ( -1.000000000000000000, -0.000000000000000000, -0.000000000000000000 ) ) ;
#474 = DIRECTION ( 'NONE',  ( -1.000000000000000000, 0.000000000000000000, -4.869399230812090436E-16 ) ) ;
#475 = ORIENTED_EDGE ( 'NONE', *, *, #864, .T. ) ;
#476 = DIRECTION ( 'NONE',  ( 0.7071067811865469066, -0.000000000000000000, 0.7071067811865482389 ) ) ;
#477 = CARTESIAN_POINT ( 'NONE',  ( 0.000000000000000000, 31.99999999999999289, 4.622231866529366047E-30 ) ) ;
#478 = SURFACE_STYLE_USAGE ( .BOTH. , #1592 ) ;
#479 = ORIENTED_EDGE ( 'NONE', *, *, #962, .F. ) ;
#480 = EDGE_CURVE ( 'NONE', #283, #260, #1300, .T. ) ;
#481 = CARTESIAN_POINT ( 'NONE',  ( 0.000000000000000000, 29.19999999999999218, -10.09999999999999787 ) ) ;
#482 = CIRCLE ( 'NONE', #1499, 10.00000000000000178 ) ;
#483 = AXIS2_PLACEMENT_3D ( 'NONE', #289, #312, #1576 ) ;
#484 = ADVANCED_FACE ( 'NONE', ( #1677 ), #158, .F. ) ;
#485 = LINE ( 'NONE', #1113, #635 ) ;
#486 = AXIS2_PLACEMENT_3D ( 'NONE', #1997, #1254, #1594 ) ;
#487 = ORIENTED_EDGE ( 'NONE', *, *, #1550, .T. ) ;
#488 = LINE ( 'NONE', #2366, #643 ) ;
#489 = DIRECTION ( 'NONE',  ( 1.000000000000000000, 0.000000000000000000, 0.000000000000000000 ) ) ;
#490 = ORIENTED_EDGE ( 'NONE', *, *, #528, .T. ) ;
#491 = DIRECTION ( 'NONE',  ( -1.000000000000000000, 0.000000000000000000, -3.469446951953614189E-16 ) ) ;
#492 = CARTESIAN_POINT ( 'NONE',  ( 15.37500000000000000, 28.99999999999999645, 37.49999999999999289 ) ) ;
#493 = ORIENTED_EDGE ( 'NONE', *, *, #2054, .T. ) ;
#494 = ORIENTED_EDGE ( 'NONE', *, *, #1712, .T. ) ;
#495 = DIRECTION ( 'NONE',  ( -0.000000000000000000, 0.000000000000000000, 1.000000000000000000 ) ) ;
#496 = ADVANCED_FACE ( 'NONE', ( #2044 ), #1653, .F. ) ;
#497 = DIRECTION ( 'NONE',  ( 0.000000000000000000, 1.000000000000000000, 1.444447458290427328E-31 ) ) ;
#498 = EDGE_CURVE ( 'NONE', #1526, #679, #1105, .T. ) ;
#499 = ORIENTED_EDGE ( 'NONE', *, *, #244, .T. ) ;
#500 = VECTOR ( 'NONE', #958, 1000.000000000000000 ) ;
#501 = LINE ( 'NONE', #1080, #991 ) ;
#502 = LINE ( 'NONE', #1027, #797 ) ;
#503 = VECTOR ( 'NONE', #1930, 1000.000000000000000 ) ;
#504 = ORIENTED_EDGE ( 'NONE', *, *, #2316, .T. ) ;
#505 = DIRECTION ( 'NONE',  ( 0.000000000000000000, 0.000000000000000000, 1.000000000000000000 ) ) ;
#506 = DIRECTION ( 'NONE',  ( -1.000000000000000000, -0.000000000000000000, -0.000000000000000000 ) ) ;
#507 = ORIENTED_EDGE ( 'NONE', *, *, #1989, .T. ) ;
#508 = ORIENTED_EDGE ( 'NONE', *, *, #2144, .T. ) ;
#509 = CARTESIAN_POINT ( 'NONE',  ( 7.249999999999999112, 33.99999999999999289, 52.75000000000000000 ) ) ;
#510 = DIRECTION ( 'NONE',  ( -1.000000000000000000, 0.000000000000000000, -0.000000000000000000 ) ) ;
#511 = ORIENTED_EDGE ( 'NONE', *, *, #609, .T. ) ;
#512 = DIRECTION ( 'NONE',  ( 0.000000000000000000, 0.000000000000000000, -1.000000000000000000 ) ) ;
#513 = VECTOR ( 'NONE', #1695, 1000.000000000000000 ) ;
#514 = FACE_OUTER_BOUND ( 'NONE', #752, .T. ) ;
#515 = EDGE_CURVE ( 'NONE', #959, #1167, #1467, .T. ) ;
#516 = ORIENTED_EDGE ( 'NONE', *, *, #1294, .F. ) ;
#517 = CARTESIAN_POINT ( 'NONE',  ( 12.00000000000000533, 18.99999999999998934, 1.999999999999999112 ) ) ;
#518 = CIRCLE ( 'NONE', #870, 3.499999999999999556 ) ;
#519 = DIRECTION ( 'NONE',  ( -0.000000000000000000, -0.000000000000000000, -1.000000000000000000 ) ) ;
#520 = ORIENTED_EDGE ( 'NONE', *, *, #811, .T. ) ;
#521 = ORIENTED_EDGE ( 'NONE', *, *, #1851, .F. ) ;
#522 = LINE ( 'NONE', #2090, #868 ) ;
#523 = VECTOR ( 'NONE', #1393, 1000.000000000000000 ) ;
#524 = DIRECTION ( 'NONE',  ( 0.000000000000000000, -0.000000000000000000, -1.000000000000000000 ) ) ;
#525 = VECTOR ( 'NONE', #2417, 1000.000000000000000 ) ;
#526 = VERTEX_POINT ( 'NONE', #2431 ) ;
#527 = VECTOR ( 'NONE', #560, 1000.000000000000000 ) ;
#528 = EDGE_CURVE ( 'NONE', #2128, #140, #2222, .T. ) ;
#529 = VERTEX_POINT ( 'NONE', #920 ) ;
#530 = CARTESIAN_POINT ( 'NONE',  ( 49.99999999999999289, -6.071532165918824830E-15, 49.99999999999997868 ) ) ;
#531 = ORIENTED_EDGE ( 'NONE', *, *, #1998, .T. ) ;
#532 = DIRECTION ( 'NONE',  ( -1.239088197126291063E-16, -1.187392209762482313E-16, 1.000000000000000000 ) ) ;
#533 = EDGE_CURVE ( 'NONE', #2098, #1067, #482, .T. ) ;
#534 = CARTESIAN_POINT ( 'NONE',  ( 0.000000000000000000, 31.99999999999999289, -10.09999999999999787 ) ) ;
#535 = ORIENTED_EDGE ( 'NONE', *, *, #1100, .F. ) ;
#536 = ORIENTED_EDGE ( 'NONE', *, *, #904, .F. ) ;
#537 = CARTESIAN_POINT ( 'NONE',  ( 15.37500000000000000, 30.99999999999999645, 37.49999999999999289 ) ) ;
#538 = CARTESIAN_POINT ( 'NONE',  ( 57.99999999999999289, 1.999999999999997335, 16.40000000000000213 ) ) ;
#539 = DIRECTION ( 'NONE',  ( 1.000000000000000000, 0.000000000000000000, 0.000000000000000000 ) ) ;
#540 = ORIENTED_EDGE ( 'NONE', *, *, #2387, .T. ) ;
#541 = LINE ( 'NONE', #753, #2169 ) ;
#542 = VECTOR ( 'NONE', #1304, 1000.000000000000000 ) ;
#543 = ORIENTED_EDGE ( 'NONE', *, *, #480, .T. ) ;
#544 = EDGE_CURVE ( 'NONE', #2018, #781, #2300, .T. ) ;
#545 = CARTESIAN_POINT ( 'NONE',  ( 49.99999999999999289, 33.99999999999999289, 59.99999999999998579 ) ) ;
#546 = LINE ( 'NONE', #1893, #2365 ) ;
#547 = CARTESIAN_POINT ( 'NONE',  ( 0.000000000000000000, -1.500000000000000444, 0.000000000000000000 ) ) ;
#548 = ORIENTED_EDGE ( 'NONE', *, *, #1684, .F. ) ;
#549 = CARTESIAN_POINT ( 'NONE',  ( 60.00000000000000000, 1.999999999999997335, 16.40000000000000213 ) ) ;
#550 = EDGE_CURVE ( 'NONE', #2256, #697, #996, .T. ) ;
#551 = DIRECTION ( 'NONE',  ( -1.000000000000000000, 0.000000000000000000, 0.000000000000000000 ) ) ;
#552 = FACE_OUTER_BOUND ( 'NONE', #1252, .T. ) ;
#553 = DIRECTION ( 'NONE',  ( 0.000000000000000000, -1.000000000000000000, 0.000000000000000000 ) ) ;
#554 = ORIENTED_EDGE ( 'NONE', *, *, #1138, .T. ) ;
#555 = CARTESIAN_POINT ( 'NONE',  ( 12.00000000000000533, 28.99999999999999645, 12.00000000000000000 ) ) ;
#556 = AXIS2_PLACEMENT_3D ( 'NONE', #706, #1872, #1630 ) ;
#557 = CARTESIAN_POINT ( 'NONE',  ( 60.00000000000000000, -6.000000000000000000, 1.999999999999999556 ) ) ;
#558 = EDGE_LOOP ( 'NONE', ( #1887, #2232, #355, #1829 ) ) ;
#559 = VECTOR ( 'NONE', #181, 1000.000000000000000 ) ;
#560 = DIRECTION ( 'NONE',  ( 1.000000000000000000, 0.000000000000000000, 0.000000000000000000 ) ) ;
#561 = EDGE_CURVE ( 'NONE', #2116, #1067, #619, .T. ) ;
#562 = DIRECTION ( 'NONE',  ( 0.000000000000000000, 0.000000000000000000, -1.000000000000000000 ) ) ;
#563 = VECTOR ( 'NONE', #1164, 1000.000000000000000 ) ;
#564 = EDGE_CURVE ( 'NONE', #1095, #2256, #2139, .T. ) ;
#565 = VECTOR ( 'NONE', #1643, 1000.000000000000000 ) ;
#566 = VECTOR ( 'NONE', #787, 1000.000000000000000 ) ;
#567 = VERTEX_POINT ( 'NONE', #803 ) ;
#568 = DIRECTION ( 'NONE',  ( 0.000000000000000000, 1.301042606982605074E-16, -1.000000000000000000 ) ) ;
#569 = AXIS2_PLACEMENT_3D ( 'NONE', #229, #68, #57 ) ;
#570 = ORIENTED_EDGE ( 'NONE', *, *, #578, .T. ) ;
#571 = DIRECTION ( 'NONE',  ( -1.000000000000000000, -0.000000000000000000, -0.000000000000000000 ) ) ;
#572 = LINE ( 'NONE', #1097, #1814 ) ;
#573 = PLANE ( 'NONE',  #1202 ) ;
#574 = ORIENTED_EDGE ( 'NONE', *, *, #1437, .F. ) ;
#575 = CARTESIAN_POINT ( 'NONE',  ( 0.000000000000000000, -6.000000000000000000, 1.999999999999999556 ) ) ;
#576 = ORIENTED_EDGE ( 'NONE', *, *, #1169, .T. ) ;
#577 = CARTESIAN_POINT ( 'NONE',  ( 57.99999999999999289, 1.999999999999993117, 57.99999999999997868 ) ) ;
#578 = EDGE_CURVE ( 'NONE', #807, #1890, #1547, .T. ) ;
#579 = ADVANCED_FACE ( 'NONE', ( #969 ), #2322, .F. ) ;
#580 = ORIENTED_EDGE ( 'NONE', *, *, #972, .F. ) ;
#581 = EDGE_LOOP ( 'NONE', ( #504, #614, #898, #494, #690 ) ) ;
#582 = ADVANCED_FACE ( 'NONE', ( #2287 ), #1733, .F. ) ;
#583 = DIRECTION ( 'NONE',  ( -0.7071067811865578978, -0.7071067811865372477, -1.021378592824819534E-31 ) ) ;
#584 = FACE_BOUND ( 'NONE', #377, .T. ) ;
#585 = DIRECTION ( 'NONE',  ( 0.000000000000000000, 0.000000000000000000, 1.000000000000000000 ) ) ;
#586 = ORIENTED_EDGE ( 'NONE', *, *, #1200, .T. ) ;
#587 = PLANE ( 'NONE',  #2291 ) ;
#588 =( NAMED_UNIT ( * ) SI_UNIT ( $, .STERADIAN. ) SOLID_ANGLE_UNIT ( ) );
#589 = ORIENTED_EDGE ( 'NONE', *, *, #1768, .F. ) ;
#590 = EDGE_CURVE ( 'NONE', #1843, #119, #610, .T. ) ;
#591 = ORIENTED_EDGE ( 'NONE', *, *, #827, .T. ) ;
#592 = DIRECTION ( 'NONE',  ( -1.000000000000000000, -0.000000000000000000, -4.869399230812090436E-16 ) ) ;
#593 = CARTESIAN_POINT ( 'NONE',  ( 22.50000000000001066, 28.99999999999999645, 8.249999999999998224 ) ) ;
#594 = EDGE_CURVE ( 'NONE', #2186, #600, #1736, .T. ) ;
#595 = DIRECTION ( 'NONE',  ( -1.734723475976806848E-16, 0.000000000000000000, 1.000000000000000000 ) ) ;
#596 = VERTEX_POINT ( 'NONE', #232 ) ;
#597 = AXIS2_PLACEMENT_3D ( 'NONE', #221, #1176, #2080 ) ;
#598 = CARTESIAN_POINT ( 'NONE',  ( 60.00000000000000000, 31.99999999999999289, -10.09999999999999787 ) ) ;
#599 = VECTOR ( 'NONE', #613, 1000.000000000000000 ) ;
#600 = VERTEX_POINT ( 'NONE', #419 ) ;
#601 = ORIENTED_EDGE ( 'NONE', *, *, #298, .F. ) ;
#602 = VECTOR ( 'NONE', #183, 1000.000000000000000 ) ;
#603 = ADVANCED_FACE ( 'NONE', ( #443 ), #1557, .T. ) ;
#604 = CARTESIAN_POINT ( 'NONE',  ( 58.00000000000000000, 108.1959594928933086, 29.69999999999998863 ) ) ;
#605 = AXIS2_PLACEMENT_3D ( 'NONE', #2015, #2001, #2353 ) ;
#606 = LINE ( 'NONE', #1357, #563 ) ;
#607 = CARTESIAN_POINT ( 'NONE',  ( 0.000000000000000000, -4.000000000000000000, 0.000000000000000000 ) ) ;
#608 = VECTOR ( 'NONE', #1461, 1000.000000000000000 ) ;
#609 = EDGE_CURVE ( 'NONE', #1118, #2024, #1375, .T. ) ;
#610 = LINE ( 'NONE', #1909, #366 ) ;
#611 = ORIENTED_EDGE ( 'NONE', *, *, #64, .F. ) ;
#612 = DIRECTION ( 'NONE',  ( -0.000000000000000000, 1.000000000000000000, -0.000000000000000000 ) ) ;
#613 = DIRECTION ( 'NONE',  ( -0.7071067811865469066, -0.000000000000000000, -0.7071067811865482389 ) ) ;
#614 = ORIENTED_EDGE ( 'NONE', *, *, #1155, .F. ) ;
#615 = VERTEX_POINT ( 'NONE', #1359 ) ;
#616 = LINE ( 'NONE', #1174, #765 ) ;
#617 = CARTESIAN_POINT ( 'NONE',  ( 22.49999999999999289, 28.99999999999999645, 44.62500000000000000 ) ) ;
#618 = CARTESIAN_POINT ( 'NONE',  ( 4.999999999999997335, -6.071532165918824830E-15, 47.99999999999997868 ) ) ;
#619 = LINE ( 'NONE', #1946, #523 ) ;
#620 = ORIENTED_EDGE ( 'NONE', *, *, #1617, .F. ) ;
#621 = DIRECTION ( 'NONE',  ( -0.000000000000000000, -0.000000000000000000, 1.000000000000000000 ) ) ;
#622 = VECTOR ( 'NONE', #58, 1000.000000000000000 ) ;
#623 = EDGE_CURVE ( 'NONE', #1120, #1926, #222, .T. ) ;
#624 = CARTESIAN_POINT ( 'NONE',  ( 0.000000000000000000, 28.99999999999999645, 0.000000000000000000 ) ) ;
#625 = ORIENTED_EDGE ( 'NONE', *, *, #1470, .T. ) ;
#626 = DIRECTION ( 'NONE',  ( -6.938893903907228378E-16, -1.000000000000000000, 0.000000000000000000 ) ) ;
#627 = CARTESIAN_POINT ( 'NONE',  ( 10.00000000000000178, -7.372574772901430151E-15, 49.99999999999997868 ) ) ;
#628 = DIRECTION ( 'NONE',  ( 2.736911063134408342E-48, 1.000000000000000000, 1.187392209762482313E-16 ) ) ;
#629 = CARTESIAN_POINT ( 'NONE',  ( 47.99999999999999289, 18.99999999999999645, 47.99999999999997868 ) ) ;
#630 = ORIENTED_EDGE ( 'NONE', *, *, #153, .F. ) ;
#631 = CARTESIAN_POINT ( 'NONE',  ( 15.37500000000000000, 30.99999999999999645, 37.49999999999999289 ) ) ;
#632 = PRODUCT ( 'support capteur PV', 'support capteur PV', '', ( #215 ) ) ;
#633 = EDGE_CURVE ( 'NONE', #1351, #1074, #791, .T. ) ;
#634 = AXIS2_PLACEMENT_3D ( 'NONE', #82, #1753, #505 ) ;
#635 = VECTOR ( 'NONE', #1848, 1000.000000000000000 ) ;
#636 = FACE_OUTER_BOUND ( 'NONE', #1724, .T. ) ;
#637 = EDGE_CURVE ( 'NONE', #1780, #700, #813, .T. ) ;
#638 = ORIENTED_EDGE ( 'NONE', *, *, #2033, .T. ) ;
#639 = DIRECTION ( 'NONE',  ( 1.387778780781445478E-15, -1.000000000000000000, 0.000000000000000000 ) ) ;
#640 = CARTESIAN_POINT ( 'NONE',  ( 4.999999999999997335, 1.999999999999997335, 16.40000000000000213 ) ) ;
#641 = VECTOR ( 'NONE', #1603, 1000.000000000000000 ) ;
#642 = CARTESIAN_POINT ( 'NONE',  ( 4.999999999999997335, 1.999999999999994005, 47.99999999999997868 ) ) ;
#643 = VECTOR ( 'NONE', #1586, 1000.000000000000000 ) ;
#644 = DIRECTION ( 'NONE',  ( 0.000000000000000000, -0.000000000000000000, 1.000000000000000000 ) ) ;
#645 = EDGE_LOOP ( 'NONE', ( #2109, #1172, #1567, #1493 ) ) ;
#646 = AXIS2_PLACEMENT_3D ( 'NONE', #1396, #878, #2361 ) ;
#647 = DIRECTION ( 'NONE',  ( 1.000000000000000000, 0.000000000000000000, 0.000000000000000000 ) ) ;
#648 = ADVANCED_FACE ( 'NONE', ( #981 ), #49, .F. ) ;
#649 = DIRECTION ( 'NONE',  ( -1.000000000000000000, -0.000000000000000000, -0.000000000000000000 ) ) ;
#650 = VERTEX_POINT ( 'NONE', #1955 ) ;
#651 = DIRECTION ( 'NONE',  ( -0.000000000000000000, 1.000000000000000000, -0.000000000000000000 ) ) ;
#652 = DIRECTION ( 'NONE',  ( 4.869399230812090436E-16, 0.000000000000000000, -1.000000000000000000 ) ) ;
#653 = ADVANCED_FACE ( 'NONE', ( #267 ), #83, .F. ) ;
#654 = VERTEX_POINT ( 'NONE', #1350 ) ;
#655 = CARTESIAN_POINT ( 'NONE',  ( 52.75000000000000000, 33.99999999999999289, 7.249999999999999112 ) ) ;
#656 = CARTESIAN_POINT ( 'NONE',  ( 59.50000000000000000, -3.000000000000000444, 8.000000000000000000 ) ) ;
#657 = ORIENTED_EDGE ( 'NONE', *, *, #1623, .F. ) ;
#658 = ORIENTED_EDGE ( 'NONE', *, *, #2118, .T. ) ;
#659 = LINE ( 'NONE', #866, #881 ) ;
#660 = PLANE ( 'NONE',  #318 ) ;
#661 = AXIS2_PLACEMENT_3D ( 'NONE', #1564, #652, #978 ) ;
#662 = VERTEX_POINT ( 'NONE', #2162 ) ;
#663 = VECTOR ( 'NONE', #1445, 1000.000000000000000 ) ;
#664 = EDGE_CURVE ( 'NONE', #908, #1843, #128, .T. ) ;
#665 = FACE_OUTER_BOUND ( 'NONE', #1779, .T. ) ;
#666 = DIRECTION ( 'NONE',  ( -0.000000000000000000, 0.000000000000000000, -1.000000000000000000 ) ) ;
#667 = EDGE_LOOP ( 'NONE', ( #385, #1152, #2179, #1621, #543 ) ) ;
#668 = DIRECTION ( 'NONE',  ( -0.7071067811865469066, 0.000000000000000000, -0.7071067811865481278 ) ) ;
#669 = CARTESIAN_POINT ( 'NONE',  ( 0.000000000000000000, 29.19999999999999218, -10.09999999999999787 ) ) ;
#670 = ORIENTED_EDGE ( 'NONE', *, *, #815, .T. ) ;
#671 = ORIENTED_EDGE ( 'NONE', *, *, #1453, .F. ) ;
#672 = PLANE ( 'NONE',  #767 ) ;
#673 = CARTESIAN_POINT ( 'NONE',  ( 0.000000000000000000, 0.000000000000000000, 0.000000000000000000 ) ) ;
#674 = AXIS2_PLACEMENT_3D ( 'NONE', #257, #14, #585 ) ;
#675 = EDGE_LOOP ( 'NONE', ( #741, #2259, #808, #147, #204 ) ) ;
#676 = VECTOR ( 'NONE', #906, 1000.000000000000000 ) ;
#677 = CARTESIAN_POINT ( 'NONE',  ( 60.00000000000000000, -8.673617379884035472E-16, 8.000000000000001776 ) ) ;
#678 = DIRECTION ( 'NONE',  ( -0.000000000000000000, 0.000000000000000000, 1.000000000000000000 ) ) ;
#679 = VERTEX_POINT ( 'NONE', #2150 ) ;
#680 = EDGE_CURVE ( 'NONE', #886, #1890, #1239, .T. ) ;
#681 = CARTESIAN_POINT ( 'NONE',  ( 60.50000000000000711, -2.499999999999982236, 4.000000000000016875 ) ) ;
#682 = DIRECTION ( 'NONE',  ( -0.000000000000000000, 1.000000000000000000, -0.000000000000000000 ) ) ;
#683 = VERTEX_POINT ( 'NONE', #477 ) ;
#684 = EDGE_CURVE ( 'NONE', #2194, #2247, #1404, .T. ) ;
#685 = DIRECTION ( 'NONE',  ( 1.000000000000000000, 0.000000000000000000, 1.734723475976807094E-16 ) ) ;
#686 = AXIS2_PLACEMENT_3D ( 'NONE', #900, #506, #149 ) ;
#687 = VECTOR ( 'NONE', #1864, 1000.000000000000000 ) ;
#688 = ADVANCED_FACE ( 'NONE', ( #1827 ), #2347, .F. ) ;
#689 = DIRECTION ( 'NONE',  ( 1.000000000000000000, -0.000000000000000000, -0.000000000000000000 ) ) ;
#690 = ORIENTED_EDGE ( 'NONE', *, *, #544, .T. ) ;
#691 = LINE ( 'NONE', #2341, #1502 ) ;
#692 = CARTESIAN_POINT ( 'NONE',  ( 57.99999999999999289, 28.99999999999999645, 47.99999999999998579 ) ) ;
#693 = ORIENTED_EDGE ( 'NONE', *, *, #1190, .T. ) ;
#694 = CARTESIAN_POINT ( 'NONE',  ( 0.000000000000000000, 33.99999999999999289, 49.99999999999997868 ) ) ;
#695 = CARTESIAN_POINT ( 'NONE',  ( 52.75000000000000000, 30.99999999999999645, 52.75000000000000000 ) ) ;
#696 = ORIENTED_EDGE ( 'NONE', *, *, #2375, .T. ) ;
#697 = VERTEX_POINT ( 'NONE', #1431 ) ;
#698 = CARTESIAN_POINT ( 'NONE',  ( 44.62500000000000000, 28.99999999999999645, 37.50000000000000711 ) ) ;
#699 = DIRECTION ( 'NONE',  ( 0.000000000000000000, 0.000000000000000000, -1.000000000000000000 ) ) ;
#700 = VERTEX_POINT ( 'NONE', #1631 ) ;
#701 = EDGE_CURVE ( 'NONE', #596, #1968, #1994, .T. ) ;
#702 =( GEOMETRIC_REPRESENTATION_CONTEXT ( 3 ) GLOBAL_UNCERTAINTY_ASSIGNED_CONTEXT ( ( #353 ) ) GLOBAL_UNIT_ASSIGNED_CONTEXT ( ( #393, #1316, #1291 ) ) REPRESENTATION_CONTEXT ( 'NONE', 'WORKASPACE' ) );
#703 = DIRECTION ( 'NONE',  ( 0.000000000000000000, -1.000000000000000000, 0.000000000000000000 ) ) ;
#704 = DIRECTION ( 'NONE',  ( 0.000000000000000000, 0.000000000000000000, -1.000000000000000000 ) ) ;
#705 = ORIENTED_EDGE ( 'NONE', *, *, #633, .F. ) ;
#706 = CARTESIAN_POINT ( 'NONE',  ( 4.999999999999997335, 5.999999999999993783, 34.69999999999999574 ) ) ;
#707 = CARTESIAN_POINT ( 'NONE',  ( 60.00000000000000000, 29.19999999999999218, -10.09999999999999787 ) ) ;
#708 = CARTESIAN_POINT ( 'NONE',  ( 37.49999999999999289, 28.99999999999999645, 44.62500000000000000 ) ) ;
#709 = ORIENTED_EDGE ( 'NONE', *, *, #1664, .F. ) ;
#710 = DIRECTION ( 'NONE',  ( 4.869399230812090436E-16, 0.000000000000000000, -1.000000000000000000 ) ) ;
#711 = CARTESIAN_POINT ( 'NONE',  ( 0.000000000000000000, 28.99999999999999645, 0.000000000000000000 ) ) ;
#712 = ADVANCED_FACE ( 'NONE', ( #332 ), #1056, .F. ) ;
#713 = ORIENTED_EDGE ( 'NONE', *, *, #2330, .T. ) ;
#714 = EDGE_CURVE ( 'NONE', #1534, #1245, #465, .T. ) ;
#715 = VERTEX_POINT ( 'NONE', #2383 ) ;
#716 = DIRECTION ( 'NONE',  ( -1.000000000000000000, 0.000000000000000000, 0.000000000000000000 ) ) ;
#717 = ORIENTED_EDGE ( 'NONE', *, *, #1638, .F. ) ;
#718 = LINE ( 'NONE', #2422, #1219 ) ;
#719 = AXIS2_PLACEMENT_3D ( 'NONE', #1959, #1537, #2304 ) ;
#720 = LINE ( 'NONE', #279, #1224 ) ;
#721 = ORIENTED_EDGE ( 'NONE', *, *, #1390, .T. ) ;
#722 = ORIENTED_EDGE ( 'NONE', *, *, #578, .F. ) ;
#723 = DIRECTION ( 'NONE',  ( -0.000000000000000000, 1.257045997084642611E-16, -1.000000000000000000 ) ) ;
#724 = VECTOR ( 'NONE', #1130, 1000.000000000000000 ) ;
#725 = DIRECTION ( 'NONE',  ( -0.000000000000000000, -0.000000000000000000, 1.000000000000000000 ) ) ;
#726 = VECTOR ( 'NONE', #769, 1000.000000000000000 ) ;
#727 = EDGE_CURVE ( 'NONE', #2152, #1029, #1214, .T. ) ;
#728 = VECTOR ( 'NONE', #1876, 1000.000000000000000 ) ;
#729 = ORIENTED_EDGE ( 'NONE', *, *, #1969, .T. ) ;
#730 = DIRECTION ( 'NONE',  ( 0.000000000000000000, 1.000000000000000000, 1.097926250618233259E-16 ) ) ;
#731 = EDGE_LOOP ( 'NONE', ( #471, #1788, #213, #466 ) ) ;
#732 = CARTESIAN_POINT ( 'NONE',  ( 0.000000000000000000, -3.500000000000001776, 10.90000000000000213 ) ) ;
#733 = DIRECTION ( 'NONE',  ( 0.000000000000000000, 1.000000000000000000, 1.187392209762482313E-16 ) ) ;
#734 = CARTESIAN_POINT ( 'NONE',  ( 22.49999999999998934, 28.99999999999999645, 51.75000000000000000 ) ) ;
#735 = VERTEX_POINT ( 'NONE', #695 ) ;
#736 = CARTESIAN_POINT ( 'NONE',  ( 0.000000000000000000, -1.500000000000000444, 5.000000000000000000 ) ) ;
#737 = DIRECTION ( 'NONE',  ( -0.000000000000000000, 1.000000000000000000, -0.000000000000000000 ) ) ;
#738 = CARTESIAN_POINT ( 'NONE',  ( 0.000000000000000000, -3.500000000000001776, 14.40000000000000213 ) ) ;
#739 = VERTEX_POINT ( 'NONE', #1966 ) ;
#740 = CARTESIAN_POINT ( 'NONE',  ( 7.249999999999999112, 30.99999999999999645, 52.75000000000000000 ) ) ;
#741 = ORIENTED_EDGE ( 'NONE', *, *, #1011, .T. ) ;
#742 = DIRECTION ( 'NONE',  ( 0.000000000000000000, 0.000000000000000000, -1.000000000000000000 ) ) ;
#743 = ADVANCED_FACE ( 'NONE', ( #862 ), #2177, .F. ) ;
#744 = CARTESIAN_POINT ( 'NONE',  ( 60.00000000000000000, 29.19999999999999218, -10.09999999999999787 ) ) ;
#745 = CIRCLE ( 'NONE', #2110, 9.999999999999998224 ) ;
#746 = DIRECTION ( 'NONE',  ( 1.000000000000000000, -1.471283672476397192E-32, 1.239088197126291063E-16 ) ) ;
#747 = ORIENTED_EDGE ( 'NONE', *, *, #175, .T. ) ;
#748 = CARTESIAN_POINT ( 'NONE',  ( 48.00000000000000000, 19.00000000000000355, 22.50000000000000711 ) ) ;
#749 = VECTOR ( 'NONE', #889, 1000.000000000000000 ) ;
#750 = FACE_OUTER_BOUND ( 'NONE', #1345, .T. ) ;
#751 = CARTESIAN_POINT ( 'NONE',  ( 47.99999999999999289, 108.1959594928933086, 47.99999999999999289 ) ) ;
#752 = EDGE_LOOP ( 'NONE', ( #1442, #1103, #16, #2421, #1466, #2391 ) ) ;
#753 = CARTESIAN_POINT ( 'NONE',  ( 60.00000000000000000, -1.999999999999987121, 5.000000000000000000 ) ) ;
#754 = VERTEX_POINT ( 'NONE', #1045 ) ;
#755 = CARTESIAN_POINT ( 'NONE',  ( 15.37500000000000000, 28.99999999999999645, 37.49999999999999289 ) ) ;
#756 = FACE_OUTER_BOUND ( 'NONE', #84, .T. ) ;
#757 = ADVANCED_FACE ( 'NONE', ( #1790 ), #1444, .F. ) ;
#758 = VECTOR ( 'NONE', #1038, 1000.000000000000000 ) ;
#759 = DIRECTION ( 'NONE',  ( 1.000000000000000000, -0.000000000000000000, 9.738798461624180871E-16 ) ) ;
#760 = EDGE_LOOP ( 'NONE', ( #729, #1596, #1652, #2301 ) ) ;
#761 = EDGE_CURVE ( 'NONE', #1704, #20, #1802, .T. ) ;
#762 = CARTESIAN_POINT ( 'NONE',  ( 51.75000000000000000, 28.27024810886958051, 37.50000000000000711 ) ) ;
#763 = DIRECTION ( 'NONE',  ( 0.000000000000000000, 0.000000000000000000, 1.000000000000000000 ) ) ;
#764 = AXIS2_PLACEMENT_3D ( 'NONE', #1681, #1457, #185 ) ;
#765 = VECTOR ( 'NONE', #592, 1000.000000000000000 ) ;
#766 = ORIENTED_EDGE ( 'NONE', *, *, #1019, .T. ) ;
#767 = AXIS2_PLACEMENT_3D ( 'NONE', #1957, #495, #1059 ) ;
#768 = ORIENTED_EDGE ( 'NONE', *, *, #460, .T. ) ;
#769 = DIRECTION ( 'NONE',  ( -0.000000000000000000, 1.000000000000000000, -0.000000000000000000 ) ) ;
#770 = CARTESIAN_POINT ( 'NONE',  ( 59.50000000000000000, -8.673617379884037444E-16, 8.000000000000001776 ) ) ;
#771 = LINE ( 'NONE', #618, #313 ) ;
#772 = ORIENTED_EDGE ( 'NONE', *, *, #2225, .T. ) ;
#773 = LINE ( 'NONE', #1847, #1975 ) ;
#774 = ADVANCED_FACE ( 'NONE', ( #2022 ), #1085, .T. ) ;
#775 = EDGE_LOOP ( 'NONE', ( #1910, #2045, #860, #2329 ) ) ;
#776 = VERTEX_POINT ( 'NONE', #1251 ) ;
#777 = DIRECTION ( 'NONE',  ( 1.000000000000000000, 0.000000000000000000, 6.938893903907228378E-16 ) ) ;
#778 = CARTESIAN_POINT ( 'NONE',  ( 12.00000000000000178, 18.99999999999999645, 47.99999999999997868 ) ) ;
#779 = DIRECTION ( 'NONE',  ( 1.000000000000000000, 0.000000000000000000, 1.734723475976806848E-16 ) ) ;
#780 = CIRCLE ( 'NONE', #345, 9.999999999999998224 ) ;
#781 = VERTEX_POINT ( 'NONE', #319 ) ;
#782 = CARTESIAN_POINT ( 'NONE',  ( 0.000000000000000000, -8.673617379884035472E-16, 8.000000000000001776 ) ) ;
#783 = EDGE_CURVE ( 'NONE', #807, #2279, #1071, .T. ) ;
#784 = ORIENTED_EDGE ( 'NONE', *, *, #460, .F. ) ;
#785 = EDGE_CURVE ( 'NONE', #896, #1659, #720, .T. ) ;
#786 = EDGE_LOOP ( 'NONE', ( #1791, #591, #1749, #1365, #1548 ) ) ;
#787 = DIRECTION ( 'NONE',  ( 1.000000000000000000, -0.000000000000000000, -0.000000000000000000 ) ) ;
#788 = DIRECTION ( 'NONE',  ( 1.000000000000000000, 0.000000000000000000, -0.000000000000000000 ) ) ;
#789 = ORIENTED_EDGE ( 'NONE', *, *, #1756, .F. ) ;
#790 = CARTESIAN_POINT ( 'NONE',  ( 2.000000000000005773, 28.99999999999999645, 12.00000000000000000 ) ) ;
#791 = LINE ( 'NONE', #1370, #1896 ) ;
#792 = ORIENTED_EDGE ( 'NONE', *, *, #891, .F. ) ;
#793 = CARTESIAN_POINT ( 'NONE',  ( 51.75000000000000000, 28.99999999999999645, 37.50000000000000711 ) ) ;
#794 = CARTESIAN_POINT ( 'NONE',  ( 37.50000000000000711, 28.99999999999999645, 15.37500000000000000 ) ) ;
#795 = VERTEX_POINT ( 'NONE', #849 ) ;
#796 = ORIENTED_EDGE ( 'NONE', *, *, #2239, .F. ) ;
#797 = VECTOR ( 'NONE', #1775, 1000.000000000000000 ) ;
#798 = LINE ( 'NONE', #990, #1615 ) ;
#799 = VECTOR ( 'NONE', #1528, 1000.000000000000000 ) ;
#800 = PLANE ( 'NONE',  #67 ) ;
#801 = DIRECTION ( 'NONE',  ( 0.000000000000000000, 0.000000000000000000, -1.000000000000000000 ) ) ;
#802 = VECTOR ( 'NONE', #1549, 1000.000000000000000 ) ;
#803 = CARTESIAN_POINT ( 'NONE',  ( 37.50000000000000711, 28.27024810886956629, 8.250000000000000000 ) ) ;
#804 = ORIENTED_EDGE ( 'NONE', *, *, #1546, .F. ) ;
#805 = CARTESIAN_POINT ( 'NONE',  ( 60.00000000000000000, -6.000000000000000000, 1.999999999999999556 ) ) ;
#806 = CARTESIAN_POINT ( 'NONE',  ( 59.50000000000000000, -3.000000000000000888, 5.000000000000000000 ) ) ;
#807 = VERTEX_POINT ( 'NONE', #744 ) ;
#808 = ORIENTED_EDGE ( 'NONE', *, *, #1927, .T. ) ;
#809 = FACE_OUTER_BOUND ( 'NONE', #162, .T. ) ;
#810 = CARTESIAN_POINT ( 'NONE',  ( 37.50000000000000711, 30.99999999999999645, 15.37500000000000000 ) ) ;
#811 = EDGE_CURVE ( 'NONE', #2073, #1755, #372, .T. ) ;
#812 = FACE_OUTER_BOUND ( 'NONE', #1249, .T. ) ;
#813 = LINE ( 'NONE', #1192, #2325 ) ;
#814 = ORIENTED_EDGE ( 'NONE', *, *, #1883, .F. ) ;
#815 = EDGE_CURVE ( 'NONE', #73, #1054, #2413, .T. ) ;
#816 = CARTESIAN_POINT ( 'NONE',  ( 58.00000000000000000, 1.999999999999998668, 11.99999999999999645 ) ) ;
#817 = DIRECTION ( 'NONE',  ( 0.000000000000000000, -0.000000000000000000, -1.000000000000000000 ) ) ;
#818 = ORIENTED_EDGE ( 'NONE', *, *, #1671, .F. ) ;
#819 = DIRECTION ( 'NONE',  ( -2.407412430484044378E-31, -1.000000000000000000, 1.387778780781445478E-15 ) ) ;
#820 = LINE ( 'NONE', #1223, #1933 ) ;
#821 = CARTESIAN_POINT ( 'NONE',  ( 47.99999999999999289, 19.00000000000000355, 47.99999999999998579 ) ) ;
#822 = CARTESIAN_POINT ( 'NONE',  ( 60.00000000000000000, 29.19999999999999218, -10.09999999999999787 ) ) ;
#823 = ORIENTED_EDGE ( 'NONE', *, *, #1987, .T. ) ;
#824 = ADVANCED_FACE ( 'NONE', ( #924 ), #936, .F. ) ;
#825 = FACE_OUTER_BOUND ( 'NONE', #1406, .T. ) ;
#826 = AXIS2_PLACEMENT_3D ( 'NONE', #821, #278, #1801 ) ;
#827 = EDGE_CURVE ( 'NONE', #959, #1439, #1290, .T. ) ;
#828 = AXIS2_PLACEMENT_3D ( 'NONE', #1923, #271, #1723 ) ;
#829 = CARTESIAN_POINT ( 'NONE',  ( 4.999999999999997335, 1.999999999999994005, 47.99999999999997868 ) ) ;
#830 = ORIENTED_EDGE ( 'NONE', *, *, #1602, .F. ) ;
#831 = ADVANCED_FACE ( 'NONE', ( #2035 ), #1108, .T. ) ;
#832 = DIRECTION ( 'NONE',  ( 1.000000000000000000, -0.000000000000000000, -0.000000000000000000 ) ) ;
#833 = DIRECTION ( 'NONE',  ( 0.7071067811865469066, 0.000000000000000000, 0.7071067811865481278 ) ) ;
#834 = VECTOR ( 'NONE', #519, 1000.000000000000000 ) ;
#835 = CYLINDRICAL_SURFACE ( 'NONE', #634, 10.00000000000000178 ) ;
#836 = VECTOR ( 'NONE', #1101, 1000.000000000000000 ) ;
#837 = CARTESIAN_POINT ( 'NONE',  ( 4.999999999999997335, 1.999999999999997335, 16.40000000000000213 ) ) ;
#838 = ORIENTED_EDGE ( 'NONE', *, *, #101, .T. ) ;
#839 = VECTOR ( 'NONE', #2399, 1000.000000000000000 ) ;
#840 = FACE_OUTER_BOUND ( 'NONE', #1001, .T. ) ;
#841 = DIRECTION ( 'NONE',  ( -0.000000000000000000, 1.000000000000000000, 1.187392209762482313E-16 ) ) ;
#842 = ADVANCED_FACE ( 'NONE', ( #1140 ), #1483, .F. ) ;
#843 = VERTEX_POINT ( 'NONE', #1122 ) ;
#844 = FACE_OUTER_BOUND ( 'NONE', #205, .T. ) ;
#845 = UNCERTAINTY_MEASURE_WITH_UNIT (LENGTH_MEASURE( 1.000000000000000082E-05 ), #1710, 'distance_accuracy_value', 'NONE');
#846 = PLANE ( 'NONE',  #2130 ) ;
#847 = ORIENTED_EDGE ( 'NONE', *, *, #2278, .F. ) ;
#848 = CARTESIAN_POINT ( 'NONE',  ( 60.00000000000000000, 33.99999999999999289, -15.10000000000000142 ) ) ;
#849 = CARTESIAN_POINT ( 'NONE',  ( 60.00000000000000000, -6.136203874453046338E-15, 49.99999999999997868 ) ) ;
#850 = DIRECTION ( 'NONE',  ( -0.000000000000000000, -0.000000000000000000, -1.000000000000000000 ) ) ;
#851 = EDGE_LOOP ( 'NONE', ( #303, #940, #1009, #1885, #804, #2432, #41, #2245, #1512, #574, #901, #1916, #709, #1241, #1703, #620, #427, #1273, #943 ) ) ;
#852 = DIRECTION ( 'NONE',  ( -1.734723475976807094E-16, 0.000000000000000000, 1.000000000000000000 ) ) ;
#853 = VECTOR ( 'NONE', #209, 1000.000000000000000 ) ;
#854 = CARTESIAN_POINT ( 'NONE',  ( 60.00000000000000000, 33.99999999999999289, -15.10000000000000142 ) ) ;
#855 = ORIENTED_EDGE ( 'NONE', *, *, #168, .F. ) ;
#856 = ADVANCED_FACE ( 'NONE', ( #756 ), #1705, .F. ) ;
#857 = CYLINDRICAL_SURFACE ( 'NONE', #605, 9.999999999999998224 ) ;
#858 = DIRECTION ( 'NONE',  ( 0.000000000000000000, -1.000000000000000000, 0.000000000000000000 ) ) ;
#859 = EDGE_CURVE ( 'NONE', #1460, #2147, #2070, .T. ) ;
#860 = ORIENTED_EDGE ( 'NONE', *, *, #1039, .F. ) ;
#861 = CARTESIAN_POINT ( 'NONE',  ( 37.49999999999999289, 19.00000000000000355, 47.99999999999997868 ) ) ;
#862 = FACE_OUTER_BOUND ( 'NONE', #2390, .T. ) ;
#863 = ORIENTED_EDGE ( 'NONE', *, *, #1830, .T. ) ;
#864 = EDGE_CURVE ( 'NONE', #1704, #1967, #546, .T. ) ;
#865 = EDGE_LOOP ( 'NONE', ( #638, #970, #1840, #2227, #1558 ) ) ;
#866 = CARTESIAN_POINT ( 'NONE',  ( 60.00000000000000000, -3.000000000000000888, 5.000000000000000000 ) ) ;
#867 = LINE ( 'NONE', #1425, #1063 ) ;
#868 = VECTOR ( 'NONE', #441, 1000.000000000000000 ) ;
#869 = ORIENTED_EDGE ( 'NONE', *, *, #166, .T. ) ;
#870 = AXIS2_PLACEMENT_3D ( 'NONE', #738, #2266, #929 ) ;
#871 = CARTESIAN_POINT ( 'NONE',  ( 60.00000000000000000, 31.99999999999999289, 4.622231866529366047E-30 ) ) ;
#872 = PLANE ( 'NONE',  #1068 ) ;
#873 = EDGE_LOOP ( 'NONE', ( #855, #696, #145, #182 ) ) ;
#874 = LINE ( 'NONE', #1618, #1763 ) ;
#875 = CARTESIAN_POINT ( 'NONE',  ( 60.00000000000000711, -3.499999999999992450, 4.500000000000007994 ) ) ;
#876 = ORIENTED_EDGE ( 'NONE', *, *, #2270, .F. ) ;
#877 = ORIENTED_EDGE ( 'NONE', *, *, #1911, .F. ) ;
#878 = DIRECTION ( 'NONE',  ( 0.000000000000000000, 0.000000000000000000, -1.000000000000000000 ) ) ;
#879 = CIRCLE ( 'NONE', #1031, 10.00000000000000000 ) ;
#880 = ADVANCED_FACE ( 'NONE', ( #2215 ), #2236, .F. ) ;
#881 = VECTOR ( 'NONE', #457, 1000.000000000000000 ) ;
#882 = FACE_OUTER_BOUND ( 'NONE', #986, .T. ) ;
#883 = VERTEX_POINT ( 'NONE', #1691 ) ;
#884 = DIRECTION ( 'NONE',  ( -1.000000000000000000, -0.000000000000000000, -4.869399230812090436E-16 ) ) ;
#885 = DIRECTION ( 'NONE',  ( -4.869399230812090436E-16, 0.000000000000000000, 1.000000000000000000 ) ) ;
#886 = VERTEX_POINT ( 'NONE', #534 ) ;
#887 = FACE_OUTER_BOUND ( 'NONE', #1740, .T. ) ;
#888 = DIRECTION ( 'NONE',  ( 1.000000000000000000, 0.000000000000000000, -0.000000000000000000 ) ) ;
#889 = DIRECTION ( 'NONE',  ( 1.000000000000000000, -0.000000000000000000, -0.000000000000000000 ) ) ;
#890 = EDGE_LOOP ( 'NONE', ( #2339, #721, #272, #326, #576 ) ) ;
#891 = EDGE_CURVE ( 'NONE', #1159, #2247, #1856, .T. ) ;
#892 = CARTESIAN_POINT ( 'NONE',  ( 60.00000000000000000, -4.000000000000000888, 10.90000000000000213 ) ) ;
#893 = ADVANCED_FACE ( 'NONE', ( #22 ), #358, .F. ) ;
#894 = DIRECTION ( 'NONE',  ( -1.000000000000000000, -0.000000000000000000, -0.000000000000000000 ) ) ;
#895 = VERTEX_POINT ( 'NONE', #957 ) ;
#896 = VERTEX_POINT ( 'NONE', #344 ) ;
#897 = FACE_OUTER_BOUND ( 'NONE', #982, .T. ) ;
#898 = ORIENTED_EDGE ( 'NONE', *, *, #1870, .F. ) ;
#899 = FACE_OUTER_BOUND ( 'NONE', #667, .T. ) ;
#900 = CARTESIAN_POINT ( 'NONE',  ( 60.00000000000000000, -4.000000000000000888, 8.900000000000002132 ) ) ;
#901 = ORIENTED_EDGE ( 'NONE', *, *, #930, .F. ) ;
#902 = EDGE_LOOP ( 'NONE', ( #792, #2397, #1915, #784 ) ) ;
#903 = CARTESIAN_POINT ( 'NONE',  ( 8.250000000000000000, 28.27024810886958051, 22.49999999999998934 ) ) ;
#904 = EDGE_CURVE ( 'NONE', #2315, #1904, #1884, .T. ) ;
#905 = PLANE ( 'NONE',  #1861 ) ;
#906 = DIRECTION ( 'NONE',  ( -0.000000000000000000, 1.000000000000000000, -0.000000000000000000 ) ) ;
#907 = EDGE_CURVE ( 'NONE', #1497, #2043, #572, .T. ) ;
#908 = VERTEX_POINT ( 'NONE', #196 ) ;
#909 = CIRCLE ( 'NONE', #980, 10.00000000000000178 ) ;
#910 = DIRECTION ( 'NONE',  ( 0.000000000000000000, -1.097926250618233259E-16, 1.000000000000000000 ) ) ;
#911 = ORIENTED_EDGE ( 'NONE', *, *, #2409, .F. ) ;
#912 = CARTESIAN_POINT ( 'NONE',  ( 60.00000000000000000, -2.168404344971008868E-15, 14.40000000000000213 ) ) ;
#913 = DIRECTION ( 'NONE',  ( -0.000000000000000000, 1.000000000000000000, -0.000000000000000000 ) ) ;
#914 = ORIENTED_EDGE ( 'NONE', *, *, #976, .F. ) ;
#915 = LINE ( 'NONE', #736, #2412 ) ;
#916 = CARTESIAN_POINT ( 'NONE',  ( 2.000000000000000000, 19.00000000000000355, 47.99999999999997868 ) ) ;
#917 = CIRCLE ( 'NONE', #2289, 10.00000000000000000 ) ;
#918 = EDGE_CURVE ( 'NONE', #895, #754, #1656, .T. ) ;
#919 = VECTOR ( 'NONE', #1474, 1000.000000000000000 ) ;
#920 = CARTESIAN_POINT ( 'NONE',  ( 60.00000000000000000, 3.999999999999994671, 29.69999999999998863 ) ) ;
#921 = EDGE_CURVE ( 'NONE', #76, #173, #1942, .T. ) ;
#922 = ORIENTED_EDGE ( 'NONE', *, *, #426, .F. ) ;
#923 = DIRECTION ( 'NONE',  ( 1.239088197126291063E-16, 0.000000000000000000, -1.000000000000000000 ) ) ;
#924 = FACE_OUTER_BOUND ( 'NONE', #1473, .T. ) ;
#925 = CARTESIAN_POINT ( 'NONE',  ( 37.49999999999999289, 30.99999999999999645, 44.62500000000000000 ) ) ;
#926 = ORIENTED_EDGE ( 'NONE', *, *, #2149, .F. ) ;
#927 = CYLINDRICAL_SURFACE ( 'NONE', #117, 10.00000000000000178 ) ;
#928 = DIRECTION ( 'NONE',  ( -0.000000000000000000, -0.000000000000000000, 1.000000000000000000 ) ) ;
#929 = DIRECTION ( 'NONE',  ( 0.000000000000000000, 0.000000000000000000, -1.000000000000000000 ) ) ;
#930 = EDGE_CURVE ( 'NONE', #2349, #1433, #241, .T. ) ;
#931 = EDGE_LOOP ( 'NONE', ( #223, #475, #1127, #70 ) ) ;
#932 = CARTESIAN_POINT ( 'NONE',  ( 4.999999999999997335, 3.999999999999994227, 34.69999999999999574 ) ) ;
#933 = ORIENTED_EDGE ( 'NONE', *, *, #1465, .F. ) ;
#934 = CARTESIAN_POINT ( 'NONE',  ( 0.000000000000000000, -4.000000000000000888, 10.90000000000000213 ) ) ;
#935 = EDGE_CURVE ( 'NONE', #1968, #2036, #1269, .T. ) ;
#936 = CYLINDRICAL_SURFACE ( 'NONE', #1936, 10.00000000000000178 ) ;
#937 = DIRECTION ( 'NONE',  ( -0.000000000000000000, 1.000000000000000000, -0.000000000000000000 ) ) ;
#938 = DIRECTION ( 'NONE',  ( 0.000000000000000000, 0.000000000000000000, 1.000000000000000000 ) ) ;
#939 = ADVANCED_FACE ( 'NONE', ( #1153, #1716 ), #1334, .F. ) ;
#940 = ORIENTED_EDGE ( 'NONE', *, *, #2302, .T. ) ;
#941 = CARTESIAN_POINT ( 'NONE',  ( 12.00000000000000178, 19.00000000000000355, 57.99999999999997868 ) ) ;
#942 = ORIENTED_EDGE ( 'NONE', *, *, #2258, .F. ) ;
#943 = ORIENTED_EDGE ( 'NONE', *, *, #2418, .F. ) ;
#944 = CARTESIAN_POINT ( 'NONE',  ( 2.000000000000007105, 108.1959594928933228, 2.000000000000009770 ) ) ;
#945 = LINE ( 'NONE', #1484, #1714 ) ;
#946 = AXIS2_PLACEMENT_3D ( 'NONE', #2382, #923, #1571 ) ;
#947 = CARTESIAN_POINT ( 'NONE',  ( 60.00000000000000000, -4.000000000000000888, 10.90000000000000213 ) ) ;
#948 = ORIENTED_EDGE ( 'NONE', *, *, #2267, .F. ) ;
#949 = EDGE_CURVE ( 'NONE', #1460, #320, #438, .T. ) ;
#950 = LINE ( 'NONE', #1475, #525 ) ;
#951 = LINE ( 'NONE', #1476, #78 ) ;
#952 = VECTOR ( 'NONE', #72, 1000.000000000000000 ) ;
#953 = AXIS2_PLACEMENT_3D ( 'NONE', #2184, #1235, #512 ) ;
#954 = ORIENTED_EDGE ( 'NONE', *, *, #2267, .T. ) ;
#955 = AXIS2_PLACEMENT_3D ( 'NONE', #1747, #971, #234 ) ;
#956 = EDGE_LOOP ( 'NONE', ( #1665, #1815, #1974, #432 ) ) ;
#957 = CARTESIAN_POINT ( 'NONE',  ( 0.000000000000000000, -8.673617379884035472E-16, 8.000000000000001776 ) ) ;
#958 = DIRECTION ( 'NONE',  ( -0.000000000000000000, 1.000000000000000000, -0.000000000000000000 ) ) ;
#959 = VERTEX_POINT ( 'NONE', #254 ) ;
#960 = EDGE_CURVE ( 'NONE', #1755, #1196, #1563, .T. ) ;
#961 = LINE ( 'NONE', #214, #212 ) ;
#962 = EDGE_CURVE ( 'NONE', #1780, #2057, #88, .T. ) ;
#963 = ORIENTED_EDGE ( 'NONE', *, *, #2193, .T. ) ;
#964 = ORIENTED_EDGE ( 'NONE', *, *, #412, .T. ) ;
#965 = CARTESIAN_POINT ( 'NONE',  ( 22.50000000000000711, 28.99999999999999645, 15.37500000000000000 ) ) ;
#966 = CARTESIAN_POINT ( 'NONE',  ( 60.00000000000000000, 33.99999999999999289, 49.99999999999997868 ) ) ;
#967 = DIRECTION ( 'NONE',  ( -0.7071067811865482389, -0.000000000000000000, 0.7071067811865469066 ) ) ;
#968 = CIRCLE ( 'NONE', #386, 2.000000000000000000 ) ;
#969 = FACE_OUTER_BOUND ( 'NONE', #760, .T. ) ;
#970 = ORIENTED_EDGE ( 'NONE', *, *, #1212, .T. ) ;
#971 = DIRECTION ( 'NONE',  ( -0.000000000000000000, 1.000000000000000000, -0.000000000000000000 ) ) ;
#972 = EDGE_CURVE ( 'NONE', #2012, #896, #1729, .T. ) ;
#973 = CARTESIAN_POINT ( 'NONE',  ( 47.99999999999999289, 19.00000000000000355, 57.99999999999997868 ) ) ;
#974 = VERTEX_POINT ( 'NONE', #403 ) ;
#975 = ORIENTED_EDGE ( 'NONE', *, *, #1100, .T. ) ;
#976 = EDGE_CURVE ( 'NONE', #1875, #307, #1003, .T. ) ;
#977 = LINE ( 'NONE', #2319, #1149 ) ;
#978 = DIRECTION ( 'NONE',  ( -1.000000000000000000, 0.000000000000000000, -4.869399230812090436E-16 ) ) ;
#979 = DIRECTION ( 'NONE',  ( 1.000000000000000000, -0.000000000000000000, -0.000000000000000000 ) ) ;
#980 = AXIS2_PLACEMENT_3D ( 'NONE', #861, #266, #2357 ) ;
#981 = FACE_OUTER_BOUND ( 'NONE', #1311, .T. ) ;
#982 = EDGE_LOOP ( 'NONE', ( #463, #1581, #625, #1776, #2372 ) ) ;
#983 = VECTOR ( 'NONE', #1636, 1000.000000000000000 ) ;
#984 = CARTESIAN_POINT ( 'NONE',  ( 12.00000000000000178, 28.99999999999999645, 57.99999999999998579 ) ) ;
#985 = DIRECTION ( 'NONE',  ( -1.000000000000000000, 0.000000000000000000, -0.000000000000000000 ) ) ;
#986 = EDGE_LOOP ( 'NONE', ( #1697, #1622, #1866, #713 ) ) ;
#987 = EDGE_CURVE ( 'NONE', #1054, #908, #798, .T. ) ;
#988 = ORIENTED_EDGE ( 'NONE', *, *, #1804, .T. ) ;
#989 = VECTOR ( 'NONE', #1590, 1000.000000000000000 ) ;
#990 = CARTESIAN_POINT ( 'NONE',  ( 60.00000000000000000, -6.000000000000000000, 1.999999999999999556 ) ) ;
#991 = VECTOR ( 'NONE', #1990, 1000.000000000000000 ) ;
#992 = FACE_OUTER_BOUND ( 'NONE', #1819, .T. ) ;
#993 = EDGE_CURVE ( 'NONE', #526, #715, #879, .T. ) ;
#994 = EDGE_LOOP ( 'NONE', ( #2323, #2140, #217, #111 ) ) ;
#995 = CARTESIAN_POINT ( 'NONE',  ( 47.99999999999999289, 19.00000000000000355, 47.99999999999997868 ) ) ;
#996 = LINE ( 'NONE', #2115, #1812 ) ;
#997 = ORIENTED_EDGE ( 'NONE', *, *, #544, .F. ) ;
#998 = PLANE ( 'NONE',  #1862 ) ;
#999 = CARTESIAN_POINT ( 'NONE',  ( 60.00000000000000000, -3.499999999999998224, 8.499999999999985789 ) ) ;
#1000 = PRODUCT_DEFINITION_SHAPE ( 'NONE', 'NONE',  #1633 ) ;
#1001 = EDGE_LOOP ( 'NONE', ( #499, #55, #2335, #391 ) ) ;
#1002 = ADVANCED_FACE ( 'NONE', ( #428 ), #2296, .F. ) ;
#1003 = LINE ( 'NONE', #604, #2094 ) ;
#1004 = CARTESIAN_POINT ( 'NONE',  ( 57.99999999999999289, 5.999999999999991118, 57.99999999999997868 ) ) ;
#1005 = EDGE_LOOP ( 'NONE', ( #1641, #1221, #1759, #114 ) ) ;
#1006 = CARTESIAN_POINT ( 'NONE',  ( 60.00000000000000000, 29.19999999999999218, -15.09999999999999964 ) ) ;
#1007 = EDGE_CURVE ( 'NONE', #414, #2073, #977, .T. ) ;
#1008 = DIRECTION ( 'NONE',  ( -0.000000000000000000, 1.000000000000000000, 1.187392209762482313E-16 ) ) ;
#1009 = ORIENTED_EDGE ( 'NONE', *, *, #623, .F. ) ;
#1010 = CARTESIAN_POINT ( 'NONE',  ( 60.00000000000000000, 33.99999999999999289, 59.99999999999998579 ) ) ;
#1011 = EDGE_CURVE ( 'NONE', #2111, #974, #616, .T. ) ;
#1012 = FACE_OUTER_BOUND ( 'NONE', #2281, .T. ) ;
#1013 = VERTEX_POINT ( 'NONE', #1929 ) ;
#1014 = DIRECTION ( 'NONE',  ( -1.734723475976807094E-16, 1.203706215242022408E-31, 1.000000000000000000 ) ) ;
#1015 = CARTESIAN_POINT ( 'NONE',  ( 37.50000000000000711, 30.99999999999999645, 15.37500000000000000 ) ) ;
#1016 = LINE ( 'NONE', #2187, #2277 ) ;
#1017 = CARTESIAN_POINT ( 'NONE',  ( 22.49999999999999289, 28.99999999999999645, 44.62500000000000000 ) ) ;
#1018 = ORIENTED_EDGE ( 'NONE', *, *, #815, .F. ) ;
#1019 = EDGE_CURVE ( 'NONE', #1904, #1629, #1197, .T. ) ;
#1020 = DIRECTION ( 'NONE',  ( -1.000000000000000000, -0.000000000000000000, -4.869399230812090436E-16 ) ) ;
#1021 = CIRCLE ( 'NONE', #1333, 10.00000000000000178 ) ;
#1022 = ADVANCED_FACE ( 'NONE', ( #809 ), #2306, .F. ) ;
#1023 = PRODUCT_DEFINITION_FORMATION_WITH_SPECIFIED_SOURCE ( 'ANY', '', #632, .NOT_KNOWN. ) ;
#1024 = DIRECTION ( 'NONE',  ( 0.000000000000000000, -1.000000000000000000, -5.782411586589356653E-16 ) ) ;
#1025 = ORIENTED_EDGE ( 'NONE', *, *, #701, .F. ) ;
#1026 = CARTESIAN_POINT ( 'NONE',  ( 44.62500000000000000, 28.99999999999999645, 22.50000000000000711 ) ) ;
#1027 = CARTESIAN_POINT ( 'NONE',  ( 8.250000000000000000, 30.99999999999999645, 37.49999999999998579 ) ) ;
#1028 = AXIS2_PLACEMENT_3D ( 'NONE', #1094, #1839, #2056 ) ;
#1029 = VERTEX_POINT ( 'NONE', #1553 ) ;
#1030 = DIRECTION ( 'NONE',  ( -0.000000000000000000, -1.097926250618233136E-16, 1.000000000000000000 ) ) ;
#1031 = AXIS2_PLACEMENT_3D ( 'NONE', #1163, #1750, #777 ) ;
#1032 = DIRECTION ( 'NONE',  ( 0.000000000000000000, -1.000000000000000000, -1.187392209762482313E-16 ) ) ;
#1033 = ORIENTED_EDGE ( 'NONE', *, *, #2404, .T. ) ;
#1034 = ORIENTED_EDGE ( 'NONE', *, *, #811, .F. ) ;
#1035 = VECTOR ( 'NONE', #1860, 1000.000000000000000 ) ;
#1036 = LINE ( 'NONE', #509, #1462 ) ;
#1037 = EDGE_CURVE ( 'NONE', #2352, #1734, #1760, .T. ) ;
#1038 = DIRECTION ( 'NONE',  ( -0.000000000000000000, 1.000000000000000000, -0.000000000000000000 ) ) ;
#1039 = EDGE_CURVE ( 'NONE', #1875, #529, #105, .T. ) ;
#1040 = ORIENTED_EDGE ( 'NONE', *, *, #2091, .T. ) ;
#1041 = DIRECTION ( 'NONE',  ( -0.000000000000000000, -0.000000000000000000, -1.000000000000000000 ) ) ;
#1042 = CARTESIAN_POINT ( 'NONE',  ( 4.999999999999997335, 5.999999999999994671, 29.69999999999998863 ) ) ;
#1043 = ORIENTED_EDGE ( 'NONE', *, *, #2040, .F. ) ;
#1044 = CARTESIAN_POINT ( 'NONE',  ( 2.000000000000000000, 19.00000000000000355, 57.99999999999997868 ) ) ;
#1045 = CARTESIAN_POINT ( 'NONE',  ( 0.000000000000000000, 0.000000000000000000, 0.000000000000000000 ) ) ;
#1046 = LINE ( 'NONE', #1123, #1477 ) ;
#1047 = ORIENTED_EDGE ( 'NONE', *, *, #258, .F. ) ;
#1048 = CARTESIAN_POINT ( 'NONE',  ( 22.49999999999999289, 30.99999999999999645, 44.62500000000000000 ) ) ;
#1049 = LINE ( 'NONE', #2192, #758 ) ;
#1050 = ORIENTED_EDGE ( 'NONE', *, *, #2311, .F. ) ;
#1051 = CARTESIAN_POINT ( 'NONE',  ( 0.000000000000000000, 33.99999999999999289, -15.10000000000000142 ) ) ;
#1052 = CARTESIAN_POINT ( 'NONE',  ( 60.00000000000000000, 33.99999999999999289, -15.10000000000000142 ) ) ;
#1053 = ADVANCED_FACE ( 'NONE', ( #1976 ), #1627, .F. ) ;
#1054 = VERTEX_POINT ( 'NONE', #1209 ) ;
#1055 = DIRECTION ( 'NONE',  ( 1.000000000000000000, 0.000000000000000000, 0.000000000000000000 ) ) ;
#1056 = PLANE ( 'NONE',  #1973 ) ;
#1057 = ORIENTED_EDGE ( 'NONE', *, *, #199, .F. ) ;
#1058 = ORIENTED_EDGE ( 'NONE', *, *, #1989, .F. ) ;
#1059 = DIRECTION ( 'NONE',  ( 1.000000000000000000, 0.000000000000000000, 0.000000000000000000 ) ) ;
#1060 = DIRECTION ( 'NONE',  ( -0.000000000000000000, 1.000000000000000000, 1.236370898448382630E-16 ) ) ;
#1061 = VECTOR ( 'NONE', #801, 1000.000000000000000 ) ;
#1062 = EDGE_LOOP ( 'NONE', ( #21, #192, #2202, #1092 ) ) ;
#1063 = VECTOR ( 'NONE', #1078, 1000.000000000000000 ) ;
#1064 = ADVANCED_FACE ( 'NONE', ( #665 ), #1065, .F. ) ;
#1065 = SPHERICAL_SURFACE ( 'NONE', #1538, 10.00000000000000000 ) ;
#1066 = FACE_OUTER_BOUND ( 'NONE', #902, .T. ) ;
#1067 = VERTEX_POINT ( 'NONE', #1400 ) ;
#1068 = AXIS2_PLACEMENT_3D ( 'NONE', #1599, #2392, #678 ) ;
#1069 = CARTESIAN_POINT ( 'NONE',  ( 57.99999999999999289, 1.999999999999993117, 57.99999999999997868 ) ) ;
#1070 = EDGE_CURVE ( 'NONE', #2368, #414, #116, .T. ) ;
#1071 = LINE ( 'NONE', #707, #565 ) ;
#1072 = AXIS2_PLACEMENT_3D ( 'NONE', #2185, #1798, #276 ) ;
#1073 = EDGE_LOOP ( 'NONE', ( #601, #838, #2426, #1676 ) ) ;
#1074 = VERTEX_POINT ( 'NONE', #1598 ) ;
#1075 = CYLINDRICAL_SURFACE ( 'NONE', #409, 10.00000000000000178 ) ;
#1076 = VECTOR ( 'NONE', #1283, 1000.000000000000000 ) ;
#1077 = VECTOR ( 'NONE', #284, 1000.000000000000000 ) ;
#1078 = DIRECTION ( 'NONE',  ( -0.000000000000000000, -1.000000000000000000, -0.000000000000000000 ) ) ;
#1079 = ORIENTED_EDGE ( 'NONE', *, *, #2373, .T. ) ;
#1080 = CARTESIAN_POINT ( 'NONE',  ( 0.000000000000000000, 28.99999999999999645, 12.00000000000000000 ) ) ;
#1081 = FACE_OUTER_BOUND ( 'NONE', #2066, .T. ) ;
#1082 = EDGE_LOOP ( 'NONE', ( #540, #717, #1822, #340 ) ) ;
#1083 = EDGE_CURVE ( 'NONE', #299, #2201, #1786, .T. ) ;
#1084 = DIRECTION ( 'NONE',  ( -0.000000000000000000, -1.000000000000000000, -0.000000000000000000 ) ) ;
#1085 = CYLINDRICAL_SURFACE ( 'NONE', #686, 2.000000000000000000 ) ;
#1086 = CARTESIAN_POINT ( 'NONE',  ( 60.00000000000000000, -3.499999999999987566, 4.500000000000012434 ) ) ;
#1087 = ORIENTED_EDGE ( 'NONE', *, *, #1951, .T. ) ;
#1088 = CARTESIAN_POINT ( 'NONE',  ( 60.00000000000000000, -1.500000000000000444, 0.000000000000000000 ) ) ;
#1089 = EDGE_CURVE ( 'NONE', #1313, #700, #2171, .T. ) ;
#1090 = CARTESIAN_POINT ( 'NONE',  ( 51.75000000000000000, 28.99999999999999645, 37.50000000000000711 ) ) ;
#1091 = DIRECTION ( 'NONE',  ( 0.000000000000000000, -1.000000000000000000, 0.000000000000000000 ) ) ;
#1092 = ORIENTED_EDGE ( 'NONE', *, *, #864, .F. ) ;
#1093 = EDGE_LOOP ( 'NONE', ( #1468, #1323, #2023, #333 ) ) ;
#1094 = CARTESIAN_POINT ( 'NONE',  ( 60.00000000000000000, 29.19999999999999218, -10.09999999999999787 ) ) ;
#1095 = VERTEX_POINT ( 'NONE', #2196 ) ;
#1096 = LINE ( 'NONE', #2433, #1606 ) ;
#1097 = CARTESIAN_POINT ( 'NONE',  ( 60.00000000000000000, -4.000000000000000888, 10.90000000000000213 ) ) ;
#1098 = SURFACE_STYLE_FILL_AREA ( #1279 ) ;
#1099 = DIRECTION ( 'NONE',  ( 0.5773502691896371664, 0.5773502691896201799, 0.5773502691896198469 ) ) ;
#1100 = EDGE_CURVE ( 'NONE', #2073, #2057, #250, .T. ) ;
#1101 = DIRECTION ( 'NONE',  ( 0.000000000000000000, 1.000000000000000000, 5.782411586589356653E-16 ) ) ;
#1102 = SHAPE_DEFINITION_REPRESENTATION ( #1000, #2026 ) ;
#1103 = ORIENTED_EDGE ( 'NONE', *, *, #1361, .T. ) ;
#1104 = VECTOR ( 'NONE', #628, 1000.000000000000000 ) ;
#1105 = LINE ( 'NONE', #1853, #2013 ) ;
#1106 = ORIENTED_EDGE ( 'NONE', *, *, #930, .T. ) ;
#1107 = DIRECTION ( 'NONE',  ( 1.000000000000000000, 0.000000000000000000, 0.000000000000000000 ) ) ;
#1108 = CYLINDRICAL_SURFACE ( 'NONE', #764, 2.000000000000000000 ) ;
#1109 = LINE ( 'NONE', #734, #1515 ) ;
#1110 = LINE ( 'NONE', #1645, #839 ) ;
#1111 = AXIS2_PLACEMENT_3D ( 'NONE', #1017, #2309, #2127 ) ;
#1112 = CYLINDRICAL_SURFACE ( 'NONE', #404, 10.00000000000000178 ) ;
#1113 = CARTESIAN_POINT ( 'NONE',  ( 59.50000000000000000, -1.500000000000000444, 0.000000000000000000 ) ) ;
#1114 = ADVANCED_FACE ( 'NONE', ( #1260 ), #857, .F. ) ;
#1115 = AXIS2_PLACEMENT_3D ( 'NONE', #31, #819, #1378 ) ;
#1116 = CIRCLE ( 'NONE', #1540, 10.00000000000000178 ) ;
#1117 = EDGE_CURVE ( 'NONE', #1095, #895, #1388, .T. ) ;
#1118 = VERTEX_POINT ( 'NONE', #328 ) ;
#1119 = DIRECTION ( 'NONE',  ( -0.000000000000000000, 1.236370898448382630E-16, -1.000000000000000000 ) ) ;
#1120 = VERTEX_POINT ( 'NONE', #1051 ) ;
#1121 = CARTESIAN_POINT ( 'NONE',  ( 2.000000000000005773, 1.999999999999998668, 11.99999999999999645 ) ) ;
#1122 = CARTESIAN_POINT ( 'NONE',  ( 57.99999999999999289, 5.999999999999993783, 34.69999999999999574 ) ) ;
#1123 = CARTESIAN_POINT ( 'NONE',  ( 57.99999999999999289, 108.1959594928933086, 34.69999999999999574 ) ) ;
#1124 = PLANE ( 'NONE',  #4 ) ;
#1125 = LINE ( 'NONE', #1699, #687 ) ;
#1126 = DIRECTION ( 'NONE',  ( -2.736911063134408342E-48, -1.000000000000000000, -1.187392209762482313E-16 ) ) ;
#1127 = ORIENTED_EDGE ( 'NONE', *, *, #168, .T. ) ;
#1128 = ORIENTED_EDGE ( 'NONE', *, *, #1648, .T. ) ;
#1129 = DIRECTION ( 'NONE',  ( 1.239088197126291063E-16, -0.000000000000000000, -1.000000000000000000 ) ) ;
#1130 = DIRECTION ( 'NONE',  ( -0.000000000000000000, 1.257045997084642611E-16, -1.000000000000000000 ) ) ;
#1131 = CARTESIAN_POINT ( 'NONE',  ( 48.00000000000000000, 18.99999999999999645, 12.00000000000000000 ) ) ;
#1132 = EDGE_CURVE ( 'NONE', #1245, #1351, #501, .T. ) ;
#1133 = LINE ( 'NONE', #1498, #2214 ) ;
#1134 = ORIENTED_EDGE ( 'NONE', *, *, #1155, .T. ) ;
#1135 = CARTESIAN_POINT ( 'NONE',  ( 37.50000000000000711, 28.99999999999999645, 12.00000000000000000 ) ) ;
#1136 = VERTEX_POINT ( 'NONE', #2172 ) ;
#1137 = ORIENTED_EDGE ( 'NONE', *, *, #27, .F. ) ;
#1138 = EDGE_CURVE ( 'NONE', #567, #2201, #1222, .T. ) ;
#1139 = AXIS2_PLACEMENT_3D ( 'NONE', #2285, #595, #779 ) ;
#1140 = FACE_OUTER_BOUND ( 'NONE', #135, .T. ) ;
#1141 = CARTESIAN_POINT ( 'NONE',  ( 60.00000000000000000, 0.4999999999999850675, 8.499999999999987566 ) ) ;
#1142 = ORIENTED_EDGE ( 'NONE', *, *, #921, .F. ) ;
#1143 = LINE ( 'NONE', #790, #1104 ) ;
#1144 = ADVANCED_FACE ( 'NONE', ( #844 ), #1613, .T. ) ;
#1145 = VERTEX_POINT ( 'NONE', #461 ) ;
#1146 = CARTESIAN_POINT ( 'NONE',  ( 0.000000000000000000, 28.99999999999999645, 0.000000000000000000 ) ) ;
#1147 = VECTOR ( 'NONE', #439, 1000.000000000000000 ) ;
#1148 = VECTOR ( 'NONE', #1666, 1000.000000000000000 ) ;
#1149 = VECTOR ( 'NONE', #1917, 1000.000000000000000 ) ;
#1150 = ORIENTED_EDGE ( 'NONE', *, *, #1083, .F. ) ;
#1151 = VECTOR ( 'NONE', #2153, 1000.000000000000000 ) ;
#1152 = ORIENTED_EDGE ( 'NONE', *, *, #1671, .T. ) ;
#1153 = FACE_OUTER_BOUND ( 'NONE', #1162, .T. ) ;
#1154 = CARTESIAN_POINT ( 'NONE',  ( 60.00000000000000000, 0.4999999999999859002, 5.421010862427368712E-17 ) ) ;
#1155 = EDGE_CURVE ( 'NONE', #1626, #342, #275, .T. ) ;
#1156 = ORIENTED_EDGE ( 'NONE', *, *, #515, .T. ) ;
#1157 = CARTESIAN_POINT ( 'NONE',  ( 8.250000000000000000, 28.27024810886958051, 37.49999999999998579 ) ) ;
#1158 = DIRECTION ( 'NONE',  ( 0.7071067811865383579, 0.000000000000000000, 0.7071067811865566766 ) ) ;
#1159 = VERTEX_POINT ( 'NONE', #1773 ) ;
#1160 = DIRECTION ( 'NONE',  ( -1.000000000000000000, 0.000000000000000000, -4.869399230812089449E-16 ) ) ;
#1161 = EDGE_LOOP ( 'NONE', ( #2364, #2238, #479, #2209 ) ) ;
#1162 = EDGE_LOOP ( 'NONE', ( #1616, #1947, #1391, #321 ) ) ;
#1163 = CARTESIAN_POINT ( 'NONE',  ( 12.00000000000000178, 19.00000000000000355, 37.49999999999999289 ) ) ;
#1164 = DIRECTION ( 'NONE',  ( -0.000000000000000000, -1.097926250618233136E-16, 1.000000000000000000 ) ) ;
#1165 = LINE ( 'NONE', #33, #1649 ) ;
#1166 = CARTESIAN_POINT ( 'NONE',  ( 60.00000000000000000, 31.99999999999999289, -10.09999999999999787 ) ) ;
#1167 = VERTEX_POINT ( 'NONE', #871 ) ;
#1168 = DIRECTION ( 'NONE',  ( 0.000000000000000000, -1.000000000000000000, 0.000000000000000000 ) ) ;
#1169 = EDGE_CURVE ( 'NONE', #2128, #1460, #488, .T. ) ;
#1170 = CARTESIAN_POINT ( 'NONE',  ( 4.999999999999997335, -6.071532165918824830E-15, 47.99999999999997868 ) ) ;
#1171 = EDGE_CURVE ( 'NONE', #1792, #1629, #691, .T. ) ;
#1172 = ORIENTED_EDGE ( 'NONE', *, *, #1200, .F. ) ;
#1173 = VERTEX_POINT ( 'NONE', #538 ) ;
#1174 = CARTESIAN_POINT ( 'NONE',  ( 8.250000000000000000, 30.99999999999999645, 22.49999999999998934 ) ) ;
#1175 = DIRECTION ( 'NONE',  ( -1.000000000000000000, -0.000000000000000000, -0.000000000000000000 ) ) ;
#1176 = DIRECTION ( 'NONE',  ( 1.000000000000000000, 0.000000000000000000, -0.000000000000000000 ) ) ;
#1177 = VECTOR ( 'NONE', #476, 1000.000000000000000 ) ;
#1178 = DIRECTION ( 'NONE',  ( 0.5773502691896370553, -0.5773502691896211791, 0.5773502691896190697 ) ) ;
#1179 = ORIENTED_EDGE ( 'NONE', *, *, #727, .T. ) ;
#1180 = FACE_OUTER_BOUND ( 'NONE', #581, .T. ) ;
#1181 = EDGE_CURVE ( 'NONE', #1629, #654, #202, .T. ) ;
#1182 = CARTESIAN_POINT ( 'NONE',  ( 2.000000000000001332, 1.999999999999994449, 47.99999999999997868 ) ) ;
#1183 = AXIS2_PLACEMENT_3D ( 'NONE', #2002, #553, #2031 ) ;
#1184 = EDGE_LOOP ( 'NONE', ( #1727, #456, #847, #1420, #1395 ) ) ;
#1185 = EDGE_CURVE ( 'NONE', #697, #144, #1295, .T. ) ;
#1186 = VECTOR ( 'NONE', #473, 1000.000000000000000 ) ;
#1187 = DIRECTION ( 'NONE',  ( -4.869399230812089449E-16, -0.000000000000000000, 1.000000000000000000 ) ) ;
#1188 = CIRCLE ( 'NONE', #445, 10.00000000000000000 ) ;
#1189 = DIRECTION ( 'NONE',  ( 0.000000000000000000, -1.236370898448383123E-16, 1.000000000000000000 ) ) ;
#1190 = EDGE_CURVE ( 'NONE', #1321, #2385, #2074, .T. ) ;
#1191 = LINE ( 'NONE', #1337, #1256 ) ;
#1192 = CARTESIAN_POINT ( 'NONE',  ( 2.000000000000000000, 19.00000000000000355, 57.99999999999999289 ) ) ;
#1193 = ORIENTED_EDGE ( 'NONE', *, *, #1783, .T. ) ;
#1194 = CARTESIAN_POINT ( 'NONE',  ( 22.50000000000001066, 28.99999999999999645, 8.249999999999998224 ) ) ;
#1195 = FACE_OUTER_BOUND ( 'NONE', #1073, .T. ) ;
#1196 = VERTEX_POINT ( 'NONE', #2219 ) ;
#1197 = LINE ( 'NONE', #2136, #1418 ) ;
#1198 = DIRECTION ( 'NONE',  ( 0.7071067811865481278, 0.000000000000000000, -0.7071067811865469066 ) ) ;
#1199 = DIRECTION ( 'NONE',  ( 1.000000000000000000, 0.000000000000000000, 0.000000000000000000 ) ) ;
#1200 = EDGE_CURVE ( 'NONE', #2194, #1843, #2052, .T. ) ;
#1201 = DIRECTION ( 'NONE',  ( -0.000000000000000000, 0.000000000000000000, 1.000000000000000000 ) ) ;
#1202 = AXIS2_PLACEMENT_3D ( 'NONE', #382, #746, #1706 ) ;
#1203 = ORIENTED_EDGE ( 'NONE', *, *, #1883, .T. ) ;
#1204 = CARTESIAN_POINT ( 'NONE',  ( 60.00000000000000000, 29.19999999999999218, -10.09999999999999787 ) ) ;
#1205 = COLOUR_RGB ( '',0.7921568627450980005, 0.8196078431372548767, 0.9333333333333333481 ) ;
#1206 = PLANE ( 'NONE',  #719 ) ;
#1207 = VECTOR ( 'NONE', #150, 1000.000000000000000 ) ;
#1208 = ORIENTED_EDGE ( 'NONE', *, *, #1525, .T. ) ;
#1209 = CARTESIAN_POINT ( 'NONE',  ( 60.00000000000000000, -6.000000000000000000, 1.999999999999999556 ) ) ;
#1210 = DIRECTION ( 'NONE',  ( 0.000000000000000000, 0.000000000000000000, -1.000000000000000000 ) ) ;
#1211 = ORIENTED_EDGE ( 'NONE', *, *, #1181, .F. ) ;
#1212 = EDGE_CURVE ( 'NONE', #1173, #1067, #1888, .T. ) ;
#1213 = DIRECTION ( 'NONE',  ( 1.239088197126291063E-16, 1.187392209762482313E-16, -1.000000000000000000 ) ) ;
#1214 = LINE ( 'NONE', #109, #989 ) ;
#1215 = ORIENTED_EDGE ( 'NONE', *, *, #1768, .T. ) ;
#1216 = ORIENTED_EDGE ( 'NONE', *, *, #1941, .F. ) ;
#1217 = EDGE_CURVE ( 'NONE', #526, #283, #2257, .T. ) ;
#1218 = CARTESIAN_POINT ( 'NONE',  ( 15.37500000000000000, 28.99999999999999645, 22.49999999999999289 ) ) ;
#1219 = VECTOR ( 'NONE', #742, 1000.000000000000000 ) ;
#1220 = DIRECTION ( 'NONE',  ( 0.000000000000000000, -1.000000000000000000, 0.000000000000000000 ) ) ;
#1221 = ORIENTED_EDGE ( 'NONE', *, *, #282, .T. ) ;
#1222 = LINE ( 'NONE', #1961, #130 ) ;
#1223 = CARTESIAN_POINT ( 'NONE',  ( 51.75000000000000000, 28.27024810886958051, 22.50000000000001066 ) ) ;
#1224 = VECTOR ( 'NONE', #1778, 1000.000000000000000 ) ;
#1225 = ORIENTED_EDGE ( 'NONE', *, *, #2302, .F. ) ;
#1226 = CARTESIAN_POINT ( 'NONE',  ( 22.50000000000001066, 28.27024810886956629, 8.249999999999998224 ) ) ;
#1227 = VECTOR ( 'NONE', #1503, 1000.000000000000000 ) ;
#1228 = CARTESIAN_POINT ( 'NONE',  ( 0.000000000000000000, 2.000000000000000000, 2.374784419524964626E-16 ) ) ;
#1229 = PRESENTATION_STYLE_ASSIGNMENT (( #478 ) ) ;
#1230 = ORIENTED_EDGE ( 'NONE', *, *, #469, .T. ) ;
#1231 = AXIS2_PLACEMENT_3D ( 'NONE', #63, #1709, #1328 ) ;
#1232 = DIRECTION ( 'NONE',  ( 2.736911063134408342E-48, 1.000000000000000000, 1.187392209762482313E-16 ) ) ;
#1233 = CARTESIAN_POINT ( 'NONE',  ( 60.00000000000000000, 5.999999999999994671, 29.69999999999998863 ) ) ;
#1234 = ORIENTED_EDGE ( 'NONE', *, *, #1019, .F. ) ;
#1235 = DIRECTION ( 'NONE',  ( -1.000000000000000000, 0.000000000000000000, -0.000000000000000000 ) ) ;
#1236 = FACE_BOUND ( 'NONE', #731, .T. ) ;
#1237 = ORIENTED_EDGE ( 'NONE', *, *, #701, .T. ) ;
#1238 = CARTESIAN_POINT ( 'NONE',  ( 58.00000000000000000, 3.999999999999994671, 29.69999999999998863 ) ) ;
#1239 = LINE ( 'NONE', #669, #641 ) ;
#1240 = VERTEX_POINT ( 'NONE', #364 ) ;
#1241 = ORIENTED_EDGE ( 'NONE', *, *, #590, .F. ) ;
#1242 = CARTESIAN_POINT ( 'NONE',  ( 47.99999999999999289, 1.999999999999986677, 57.99999999999997868 ) ) ;
#1243 = LINE ( 'NONE', #470, #676 ) ;
#1244 = EDGE_CURVE ( 'NONE', #883, #529, #950, .T. ) ;
#1245 = VERTEX_POINT ( 'NONE', #1135 ) ;
#1246 = ADVANCED_FACE ( 'NONE', ( #387 ), #1112, .F. ) ;
#1247 = DIRECTION ( 'NONE',  ( 0.000000000000000000, 0.000000000000000000, -1.000000000000000000 ) ) ;
#1248 = CARTESIAN_POINT ( 'NONE',  ( 48.00000000000000000, 28.99999999999999645, 37.50000000000000711 ) ) ;
#1249 = EDGE_LOOP ( 'NONE', ( #240, #630, #1574, #62 ) ) ;
#1250 = CARTESIAN_POINT ( 'NONE',  ( 47.99999999999999289, 19.00000000000000355, 37.50000000000000711 ) ) ;
#1251 = CARTESIAN_POINT ( 'NONE',  ( 60.00000000000000000, -3.500000000000001776, 10.90000000000000213 ) ) ;
#1252 = EDGE_LOOP ( 'NONE', ( #9, #671, #814, #2292 ) ) ;
#1253 = ORIENTED_EDGE ( 'NONE', *, *, #1913, .T. ) ;
#1254 = DIRECTION ( 'NONE',  ( 0.000000000000000000, 1.000000000000000000, 1.734723475976805862E-16 ) ) ;
#1255 = FACE_OUTER_BOUND ( 'NONE', #1795, .T. ) ;
#1256 = VECTOR ( 'NONE', #418, 1000.000000000000000 ) ;
#1257 = ORIENTED_EDGE ( 'NONE', *, *, #1294, .T. ) ;
#1258 = ADVANCED_FACE ( 'NONE', ( #1834 ), #154, .F. ) ;
#1259 = VECTOR ( 'NONE', #1448, 1000.000000000000000 ) ;
#1260 = FACE_OUTER_BOUND ( 'NONE', #170, .T. ) ;
#1261 = CARTESIAN_POINT ( 'NONE',  ( 37.49999999999999289, 30.99999999999999645, 51.75000000000000000 ) ) ;
#1262 = ORIENTED_EDGE ( 'NONE', *, *, #1623, .T. ) ;
#1263 = DIRECTION ( 'NONE',  ( -1.000000000000000000, -0.000000000000000000, -0.000000000000000000 ) ) ;
#1264 = CARTESIAN_POINT ( 'NONE',  ( 8.250000000000000000, 28.99999999999999645, 37.49999999999998579 ) ) ;
#1265 = AXIS2_PLACEMENT_3D ( 'NONE', #1042, #666, #716 ) ;
#1266 = ORIENTED_EDGE ( 'NONE', *, *, #561, .T. ) ;
#1267 = ORIENTED_EDGE ( 'NONE', *, *, #1927, .F. ) ;
#1268 = CARTESIAN_POINT ( 'NONE',  ( 59.50000000000000000, -3.000000000000000888, 5.000000000000000000 ) ) ;
#1269 = CIRCLE ( 'NONE', #2408, 10.00000000000000178 ) ;
#1270 = VECTOR ( 'NONE', #2061, 1000.000000000000000 ) ;
#1271 = CARTESIAN_POINT ( 'NONE',  ( 15.37500000000000000, 28.99999999999999645, 22.49999999999999289 ) ) ;
#1272 = EDGE_LOOP ( 'NONE', ( #1667, #611, #467, #554 ) ) ;
#1273 = ORIENTED_EDGE ( 'NONE', *, *, #2244, .F. ) ;
#1274 = DIRECTION ( 'NONE',  ( 0.000000000000000000, 1.000000000000000000, 1.444447458290427328E-31 ) ) ;
#1275 = ORIENTED_EDGE ( 'NONE', *, *, #1785, .T. ) ;
#1276 = DIRECTION ( 'NONE',  ( -1.000000000000000000, -0.000000000000000000, -0.000000000000000000 ) ) ;
#1277 = EDGE_CURVE ( 'NONE', #1167, #1446, #1125, .T. ) ;
#1278 = DIRECTION ( 'NONE',  ( 0.7071067811865573427, -0.7071067811865378028, 0.000000000000000000 ) ) ;
#1279 = FILL_AREA_STYLE ('',( #110 ) ) ;
#1280 = EDGE_LOOP ( 'NONE', ( #1940, #876, #263, #869, #310 ) ) ;
#1281 = LINE ( 'NONE', #2038, #1035 ) ;
#1282 = ADVANCED_FACE ( 'NONE', ( #350 ), #1877, .F. ) ;
#1283 = DIRECTION ( 'NONE',  ( -1.239088197126291063E-16, -1.187392209762482313E-16, 1.000000000000000000 ) ) ;
#1284 = APPLICATION_PROTOCOL_DEFINITION ( 'draft international standard', 'automotive_design', 1998, #194 ) ;
#1285 = VECTOR ( 'NONE', #186, 1000.000000000000000 ) ;
#1286 = ORIENTED_EDGE ( 'NONE', *, *, #859, .F. ) ;
#1287 = DIRECTION ( 'NONE',  ( 0.000000000000000000, -1.000000000000000000, -1.734723475976805862E-16 ) ) ;
#1288 = VERTEX_POINT ( 'NONE', #1663 ) ;
#1289 = LINE ( 'NONE', #331, #38 ) ;
#1290 = LINE ( 'NONE', #161, #169 ) ;
#1291 =( NAMED_UNIT ( * ) SI_UNIT ( $, .STERADIAN. ) SOLID_ANGLE_UNIT ( ) );
#1292 = EDGE_CURVE ( 'NONE', #260, #1506, #773, .T. ) ;
#1293 = CARTESIAN_POINT ( 'NONE',  ( 44.62500000000000000, 28.99999999999999645, 22.50000000000000711 ) ) ;
#1294 = EDGE_CURVE ( 'NONE', #662, #700, #917, .T. ) ;
#1295 = LINE ( 'NONE', #1463, #836 ) ;
#1296 = CARTESIAN_POINT ( 'NONE',  ( 58.00000000000000000, 2.000000000000001776, 12.00000000000000000 ) ) ;
#1297 = VECTOR ( 'NONE', #1263, 1000.000000000000000 ) ;
#1298 = ORIENTED_EDGE ( 'NONE', *, *, #987, .F. ) ;
#1299 = VECTOR ( 'NONE', #894, 1000.000000000000000 ) ;
#1300 = LINE ( 'NONE', #354, #1148 ) ;
#1301 = ORIENTED_EDGE ( 'NONE', *, *, #187, .T. ) ;
#1302 = DIRECTION ( 'NONE',  ( 1.239088197126291063E-16, 0.000000000000000000, -1.000000000000000000 ) ) ;
#1303 = CARTESIAN_POINT ( 'NONE',  ( 60.00000000000000000, -1.999999999999987121, 0.000000000000000000 ) ) ;
#1304 = DIRECTION ( 'NONE',  ( 0.000000000000000000, -1.084202172485504311E-16, 1.000000000000000000 ) ) ;
#1305 = FACE_OUTER_BOUND ( 'NONE', #873, .T. ) ;
#1306 = AXIS2_PLACEMENT_3D ( 'NONE', #629, #248, #1745 ) ;
#1307 = VECTOR ( 'NONE', #682, 1000.000000000000000 ) ;
#1308 = DIRECTION ( 'NONE',  ( -0.7071067811865481278, 0.000000000000000000, 0.7071067811865469066 ) ) ;
#1309 = VECTOR ( 'NONE', #45, 1000.000000000000000 ) ;
#1310 = ADVANCED_FACE ( 'NONE', ( #1673 ), #905, .F. ) ;
#1311 = EDGE_LOOP ( 'NONE', ( #2198, #1924, #2032, #586, #151 ) ) ;
#1312 = DIRECTION ( 'NONE',  ( 0.000000000000000000, -1.000000000000000000, -1.236370898448382630E-16 ) ) ;
#1313 = VERTEX_POINT ( 'NONE', #941 ) ;
#1314 = LINE ( 'NONE', #1826, #2354 ) ;
#1315 = CARTESIAN_POINT ( 'NONE',  ( 0.000000000000000000, 28.99999999999999645, 12.00000000000000000 ) ) ;
#1316 =( NAMED_UNIT ( * ) PLANE_ANGLE_UNIT ( ) SI_UNIT ( $, .RADIAN. ) );
#1317 = LINE ( 'NONE', #2386, #1977 ) ;
#1318 = EDGE_LOOP ( 'NONE', ( #988, #125, #1720, #189 ) ) ;
#1319 = DIRECTION ( 'NONE',  ( 1.000000000000000000, 0.000000000000000000, 0.000000000000000000 ) ) ;
#1320 = EDGE_CURVE ( 'NONE', #1792, #459, #2401, .T. ) ;
#1321 = VERTEX_POINT ( 'NONE', #762 ) ;
#1322 = ADVANCED_FACE ( 'NONE', ( #750 ), #587, .F. ) ;
#1323 = ORIENTED_EDGE ( 'NONE', *, *, #2144, .F. ) ;
#1324 = DIRECTION ( 'NONE',  ( 1.000000000000000000, 0.000000000000000000, -0.000000000000000000 ) ) ;
#1325 = LINE ( 'NONE', #593, #500 ) ;
#1326 = DIRECTION ( 'NONE',  ( -2.736911063134408342E-48, -1.000000000000000000, -1.187392209762482313E-16 ) ) ;
#1327 = VERTEX_POINT ( 'NONE', #816 ) ;
#1328 = DIRECTION ( 'NONE',  ( -1.000000000000000000, 0.000000000000000000, -4.869399230812090436E-16 ) ) ;
#1329 = CARTESIAN_POINT ( 'NONE',  ( 60.00000000000000000, -1.734723475976807094E-15, 14.40000000000000213 ) ) ;
#1330 = ADVANCED_FACE ( 'NONE', ( #37 ), #261, .F. ) ;
#1331 = ORIENTED_EDGE ( 'NONE', *, *, #684, .T. ) ;
#1332 = ORIENTED_EDGE ( 'NONE', *, *, #2064, .F. ) ;
#1333 = AXIS2_PLACEMENT_3D ( 'NONE', #1250, #108, #1199 ) ;
#1334 = PLANE ( 'NONE',  #1772 ) ;
#1335 = LINE ( 'NONE', #178, #104 ) ;
#1336 = VECTOR ( 'NONE', #571, 1000.000000000000000 ) ;
#1337 = CARTESIAN_POINT ( 'NONE',  ( 4.999999999999997335, 1.999999999999994005, 47.99999999999997868 ) ) ;
#1338 = ADVANCED_FACE ( 'NONE', ( #1912 ), #1935, .F. ) ;
#1339 = ORIENTED_EDGE ( 'NONE', *, *, #2418, .T. ) ;
#1340 = FACE_OUTER_BOUND ( 'NONE', #2253, .T. ) ;
#1341 = AXIS2_PLACEMENT_3D ( 'NONE', #1228, #293, #138 ) ;
#1342 = VECTOR ( 'NONE', #2124, 1000.000000000000000 ) ;
#1343 = EDGE_LOOP ( 'NONE', ( #1921, #1034, #975, #1988, #66, #1859, #2294, #1654 ) ) ;
#1344 = AXIS2_PLACEMENT_3D ( 'NONE', #1146, #1362, #2095 ) ;
#1345 = EDGE_LOOP ( 'NONE', ( #1079, #997, #1454, #693 ) ) ;
#1346 = CARTESIAN_POINT ( 'NONE',  ( 60.00000000000000000, -6.071532165918824830E-15, 47.99999999999997868 ) ) ;
#1347 = CARTESIAN_POINT ( 'NONE',  ( 44.62500000000000000, 28.99999999999999645, 37.50000000000000711 ) ) ;
#1348 = ADVANCED_FACE ( 'NONE', ( #1340 ), #998, .F. ) ;
#1349 = DIRECTION ( 'NONE',  ( 0.7071067811865372477, -0.7071067811865578978, -7.666467083416981624E-17 ) ) ;
#1350 = CARTESIAN_POINT ( 'NONE',  ( 7.249999999999999112, 33.99999999999999289, 52.75000000000000000 ) ) ;
#1351 = VERTEX_POINT ( 'NONE', #1535 ) ;
#1352 = EDGE_CURVE ( 'NONE', #1926, #2419, #2134, .T. ) ;
#1353 = LINE ( 'NONE', #1010, #176 ) ;
#1354 = LINE ( 'NONE', #806, #363 ) ;
#1355 = ORIENTED_EDGE ( 'NONE', *, *, #1011, .F. ) ;
#1356 = ORIENTED_EDGE ( 'NONE', *, *, #1851, .T. ) ;
#1357 = CARTESIAN_POINT ( 'NONE',  ( 60.00000000000000000, 1.999999999999994005, 47.99999999999997868 ) ) ;
#1358 = CARTESIAN_POINT ( 'NONE',  ( 52.75000000000000000, 30.99999999999999645, 52.75000000000000000 ) ) ;
#1359 = CARTESIAN_POINT ( 'NONE',  ( 22.49999999999998934, 28.27024810886957340, 51.75000000000000000 ) ) ;
#1360 = ORIENTED_EDGE ( 'NONE', *, *, #1514, .T. ) ;
#1361 = EDGE_CURVE ( 'NONE', #1136, #249, #1577, .T. ) ;
#1362 = DIRECTION ( 'NONE',  ( 0.000000000000000000, -1.000000000000000000, 0.000000000000000000 ) ) ;
#1363 = ADVANCED_FACE ( 'NONE', ( #422 ), #1373, .F. ) ;
#1364 = CARTESIAN_POINT ( 'NONE',  ( 60.00000000000000000, -6.000000000000000888, 8.900000000000002132 ) ) ;
#1365 = ORIENTED_EDGE ( 'NONE', *, *, #2298, .T. ) ;
#1366 = CARTESIAN_POINT ( 'NONE',  ( 60.00000000000000000, 5.999999999999993783, 34.69999999999999574 ) ) ;
#1367 = DIRECTION ( 'NONE',  ( -0.000000000000000000, 1.236370898448382630E-16, -1.000000000000000000 ) ) ;
#1368 = CARTESIAN_POINT ( 'NONE',  ( 22.50000000000000711, 28.99999999999999645, 12.00000000000000000 ) ) ;
#1369 = AXIS2_PLACEMENT_3D ( 'NONE', #1718, #1349, #2299 ) ;
#1370 = CARTESIAN_POINT ( 'NONE',  ( 48.00000000000000000, 28.99999999999999645, 5.947623346206197105E-15 ) ) ;
#1371 = ORIENTED_EDGE ( 'NONE', *, *, #136, .F. ) ;
#1372 = AXIS2_PLACEMENT_3D ( 'NONE', #711, #1220, #524 ) ;
#1373 = PLANE ( 'NONE',  #2255 ) ;
#1374 = CARTESIAN_POINT ( 'NONE',  ( 60.00000000000000000, 0.000000000000000000, 0.000000000000000000 ) ) ;
#1375 = CIRCLE ( 'NONE', #2363, 10.00000000000000000 ) ;
#1376 = ORIENTED_EDGE ( 'NONE', *, *, #30, .F. ) ;
#1377 = VECTOR ( 'NONE', #93, 1000.000000000000000 ) ;
#1378 = DIRECTION ( 'NONE',  ( 0.000000000000000000, -1.387778780781445676E-15, -1.000000000000000000 ) ) ;
#1379 = AXIS2_PLACEMENT_3D ( 'NONE', #1820, #2191, #322 ) ;
#1380 = CARTESIAN_POINT ( 'NONE',  ( 60.00000000000000000, -8.673617379884035472E-16, 8.000000000000001776 ) ) ;
#1381 = DIRECTION ( 'NONE',  ( -0.000000000000000000, 1.000000000000000000, -7.228014483236692611E-16 ) ) ;
#1382 = CARTESIAN_POINT ( 'NONE',  ( 60.00000000000000000, -1.500000000000000444, 0.000000000000000000 ) ) ;
#1383 = ORIENTED_EDGE ( 'NONE', *, *, #1470, .F. ) ;
#1384 = FACE_OUTER_BOUND ( 'NONE', #200, .T. ) ;
#1385 = CARTESIAN_POINT ( 'NONE',  ( 37.49999999999999289, 30.99999999999999645, 44.62500000000000000 ) ) ;
#1386 = EDGE_LOOP ( 'NONE', ( #233, #1225, #1047, #1516 ) ) ;
#1387 = ADVANCED_FACE ( 'NONE', ( #1180 ), #1721, .F. ) ;
#1388 = LINE ( 'NONE', #677, #1186 ) ;
#1389 = FACE_OUTER_BOUND ( 'NONE', #1386, .T. ) ;
#1390 = EDGE_CURVE ( 'NONE', #320, #600, #2312, .T. ) ;
#1391 = ORIENTED_EDGE ( 'NONE', *, *, #1766, .T. ) ;
#1392 = LINE ( 'NONE', #681, #1965 ) ;
#1393 = DIRECTION ( 'NONE',  ( 1.000000000000000000, -0.000000000000000000, -0.000000000000000000 ) ) ;
#1394 = ORIENTED_EDGE ( 'NONE', *, *, #550, .T. ) ;
#1395 = ORIENTED_EDGE ( 'NONE', *, *, #972, .T. ) ;
#1396 = CARTESIAN_POINT ( 'NONE',  ( 7.249999999999999112, 30.99999999999999645, 7.249999999999999112 ) ) ;
#1397 = LINE ( 'NONE', #1625, #1259 ) ;
#1398 = ORIENTED_EDGE ( 'NONE', *, *, #921, .T. ) ;
#1399 = EDGE_CURVE ( 'NONE', #420, #249, #1353, .T. ) ;
#1400 = CARTESIAN_POINT ( 'NONE',  ( 57.99999999999999289, 1.999999999999994005, 47.99999999999997868 ) ) ;
#1401 = PLANE ( 'NONE',  #167 ) ;
#1402 = ORIENTED_EDGE ( 'NONE', *, *, #1518, .T. ) ;
#1403 = CARTESIAN_POINT ( 'NONE',  ( 59.50000000000000000, -1.500000000000000444, 5.000000000000000000 ) ) ;
#1404 = LINE ( 'NONE', #2359, #1307 ) ;
#1405 = VERTEX_POINT ( 'NONE', #1922 ) ;
#1406 = EDGE_LOOP ( 'NONE', ( #103, #520, #2165, #487, #395 ) ) ;
#1407 = VECTOR ( 'NONE', #2394, 1000.000000000000000 ) ;
#1408 = LINE ( 'NONE', #481, #287 ) ;
#1409 = EDGE_CURVE ( 'NONE', #1734, #883, #1757, .T. ) ;
#1410 = VECTOR ( 'NONE', #2034, 1000.000000000000000 ) ;
#1411 = CARTESIAN_POINT ( 'NONE',  ( 37.49999999999999289, 30.99999999999999645, 51.75000000000000000 ) ) ;
#1412 = ORIENTED_EDGE ( 'NONE', *, *, #1617, .T. ) ;
#1413 = DIRECTION ( 'NONE',  ( 0.7071067811865378028, 0.7071067811865573427, 0.000000000000000000 ) ) ;
#1414 = DIRECTION ( 'NONE',  ( 1.000000000000000000, 0.000000000000000000, -0.000000000000000000 ) ) ;
#1415 = AXIS2_PLACEMENT_3D ( 'NONE', #368, #730, #910 ) ;
#1416 = VERTEX_POINT ( 'NONE', #631 ) ;
#1417 = DIRECTION ( 'NONE',  ( 0.5773502691896360561, -0.5773502691896200689, -0.5773502691896210681 ) ) ;
#1418 = VECTOR ( 'NONE', #450, 1000.000000000000000 ) ;
#1419 = CARTESIAN_POINT ( 'NONE',  ( 48.00000000000000000, 28.99999999999999645, 2.000000000000000000 ) ) ;
#1420 = ORIENTED_EDGE ( 'NONE', *, *, #269, .F. ) ;
#1421 = EDGE_LOOP ( 'NONE', ( #2093, #1237, #2378, #2067 ) ) ;
#1422 = EDGE_CURVE ( 'NONE', #650, #1313, #446, .T. ) ;
#1423 = FACE_OUTER_BOUND ( 'NONE', #2393, .T. ) ;
#1424 = ADVANCED_FACE ( 'NONE', ( #825 ), #1569, .T. ) ;
#1425 = CARTESIAN_POINT ( 'NONE',  ( 0.000000000000000000, -4.000000000000000888, 10.90000000000000213 ) ) ;
#1426 = ORIENTED_EDGE ( 'NONE', *, *, #785, .F. ) ;
#1427 = DIRECTION ( 'NONE',  ( -0.000000000000000000, 1.000000000000000000, -0.000000000000000000 ) ) ;
#1428 = CARTESIAN_POINT ( 'NONE',  ( 60.00000000000000000, -3.000000000000000888, 4.500000000000012434 ) ) ;
#1429 = ORIENTED_EDGE ( 'NONE', *, *, #2316, .F. ) ;
#1430 = DIRECTION ( 'NONE',  ( -2.736911063134408342E-48, -1.000000000000000000, -1.187392209762482313E-16 ) ) ;
#1431 = CARTESIAN_POINT ( 'NONE',  ( 60.00000000000000000, -3.499999999999987566, 8.499999999999985789 ) ) ;
#1432 = VERTEX_POINT ( 'NONE', #2117 ) ;
#1433 = VERTEX_POINT ( 'NONE', #1900 ) ;
#1434 = DIRECTION ( 'NONE',  ( -3.469446951953613696E-16, 0.000000000000000000, 1.000000000000000000 ) ) ;
#1435 = EDGE_CURVE ( 'NONE', #1167, #683, #961, .T. ) ;
#1436 = CARTESIAN_POINT ( 'NONE',  ( 60.00000000000000000, -3.500000000000001776, 14.40000000000000213 ) ) ;
#1437 = EDGE_CURVE ( 'NONE', #1433, #895, #26, .T. ) ;
#1438 = AXIS2_PLACEMENT_3D ( 'NONE', #627, #1578, #1918 ) ;
#1439 = VERTEX_POINT ( 'NONE', #1523 ) ;
#1440 = DIRECTION ( 'NONE',  ( 0.000000000000000000, 0.000000000000000000, -1.000000000000000000 ) ) ;
#1441 = PLANE ( 'NONE',  #2060 ) ;
#1442 = ORIENTED_EDGE ( 'NONE', *, *, #2065, .F. ) ;
#1443 = DIRECTION ( 'NONE',  ( -0.000000000000000000, 1.000000000000000000, -0.000000000000000000 ) ) ;
#1444 = PLANE ( 'NONE',  #247 ) ;
#1445 = DIRECTION ( 'NONE',  ( -1.000000000000000000, -0.000000000000000000, -0.000000000000000000 ) ) ;
#1446 = VERTEX_POINT ( 'NONE', #598 ) ;
#1447 = CARTESIAN_POINT ( 'NONE',  ( 57.99999999999999289, 3.999999999999989786, 57.99999999999997868 ) ) ;
#1448 = DIRECTION ( 'NONE',  ( -1.000000000000000000, -0.000000000000000000, -4.869399230812090436E-16 ) ) ;
#1449 = AXIS2_PLACEMENT_3D ( 'NONE', #454, #2176, #491 ) ;
#1450 = ORIENTED_EDGE ( 'NONE', *, *, #2166, .F. ) ;
#1451 = ORIENTED_EDGE ( 'NONE', *, *, #2149, .T. ) ;
#1452 = FACE_OUTER_BOUND ( 'NONE', #277, .T. ) ;
#1453 = EDGE_CURVE ( 'NONE', #2212, #2098, #251, .T. ) ;
#1454 = ORIENTED_EDGE ( 'NONE', *, *, #311, .T. ) ;
#1455 = CIRCLE ( 'NONE', #1611, 10.00000000000000178 ) ;
#1456 = LINE ( 'NONE', #912, #1297 ) ;
#1457 = DIRECTION ( 'NONE',  ( -1.000000000000000000, -0.000000000000000000, -0.000000000000000000 ) ) ;
#1458 = VECTOR ( 'NONE', #259, 1000.000000000000000 ) ;
#1459 = LINE ( 'NONE', #2163, #2268 ) ;
#1460 = VERTEX_POINT ( 'NONE', #698 ) ;
#1461 = DIRECTION ( 'NONE',  ( -1.000000000000000000, -0.000000000000000000, -0.000000000000000000 ) ) ;
#1462 = VECTOR ( 'NONE', #647, 1000.000000000000000 ) ;
#1463 = CARTESIAN_POINT ( 'NONE',  ( 60.00000000000000000, -1.156482317317862850E-15, 8.499999999999987566 ) ) ;
#1464 = CARTESIAN_POINT ( 'NONE',  ( 0.000000000000000000, 0.000000000000000000, 0.000000000000000000 ) ) ;
#1465 = EDGE_CURVE ( 'NONE', #654, #1432, #1036, .T. ) ;
#1466 = ORIENTED_EDGE ( 'NONE', *, *, #623, .T. ) ;
#1467 = LINE ( 'NONE', #1869, #86 ) ;
#1468 = ORIENTED_EDGE ( 'NONE', *, *, #1846, .T. ) ;
#1469 = CARTESIAN_POINT ( 'NONE',  ( 57.99999999999999289, 19.00000000000000355, 57.99999999999999289 ) ) ;
#1470 = EDGE_CURVE ( 'NONE', #615, #1480, #1116, .T. ) ;
#1471 = CARTESIAN_POINT ( 'NONE',  ( 44.62500000000000000, 28.99999999999999645, 37.50000000000000711 ) ) ;
#1472 = DIRECTION ( 'NONE',  ( 0.000000000000000000, 1.084202172485504311E-16, -1.000000000000000000 ) ) ;
#1473 = EDGE_LOOP ( 'NONE', ( #1500, #521, #406, #2135 ) ) ;
#1474 = DIRECTION ( 'NONE',  ( -1.000000000000000000, -0.000000000000000000, -1.156482317317871725E-16 ) ) ;
#1475 = CARTESIAN_POINT ( 'NONE',  ( 60.00000000000000000, 3.999999999999994227, 34.69999999999999574 ) ) ;
#1476 = CARTESIAN_POINT ( 'NONE',  ( 60.00000000000000000, -3.499999999999987566, 8.000000000000000000 ) ) ;
#1477 = VECTOR ( 'NONE', #2252, 1000.000000000000000 ) ;
#1478 = ORIENTED_EDGE ( 'NONE', *, *, #1570, .T. ) ;
#1479 = DIRECTION ( 'NONE',  ( 0.000000000000000000, 0.000000000000000000, 1.000000000000000000 ) ) ;
#1480 = VERTEX_POINT ( 'NONE', #1767 ) ;
#1481 = ADVANCED_FACE ( 'NONE', ( #1384 ), #85, .F. ) ;
#1482 = LINE ( 'NONE', #1642, #1410 ) ;
#1483 = PLANE ( 'NONE',  #2248 ) ;
#1484 = CARTESIAN_POINT ( 'NONE',  ( 60.00000000000000000, -1.500000000000000444, 5.000000000000000000 ) ) ;
#1485 = LINE ( 'NONE', #1447, #90 ) ;
#1486 = ADVANCED_FACE ( 'NONE', ( #1781 ), #1075, .F. ) ;
#1487 = CARTESIAN_POINT ( 'NONE',  ( 15.37500000000000000, 28.99999999999999645, 37.49999999999999289 ) ) ;
#1488 = DIRECTION ( 'NONE',  ( 2.736911063134408342E-48, 1.000000000000000000, 1.187392209762482313E-16 ) ) ;
#1489 = CIRCLE ( 'NONE', #2122, 10.00000000000000178 ) ;
#1490 = VERTEX_POINT ( 'NONE', #2010 ) ;
#1491 = VECTOR ( 'NONE', #649, 1000.000000000000000 ) ;
#1492 = DIRECTION ( 'NONE',  ( -0.000000000000000000, 1.000000000000000000, 1.187392209762482313E-16 ) ) ;
#1493 = ORIENTED_EDGE ( 'NONE', *, *, #987, .T. ) ;
#1494 = LINE ( 'NONE', #2249, #1336 ) ;
#1495 = DIRECTION ( 'NONE',  ( -1.000000000000000000, -0.000000000000000000, -0.000000000000000000 ) ) ;
#1496 = FACE_OUTER_BOUND ( 'NONE', #865, .T. ) ;
#1497 = VERTEX_POINT ( 'NONE', #892 ) ;
#1498 = CARTESIAN_POINT ( 'NONE',  ( 60.00000000000000000, 31.99999999999999289, -10.09999999999999787 ) ) ;
#1499 = AXIS2_PLACEMENT_3D ( 'NONE', #2246, #1492, #568 ) ;
#1500 = ORIENTED_EDGE ( 'NONE', *, *, #2132, .F. ) ;
#1501 = ADVANCED_FACE ( 'NONE', ( #840 ), #2141, .F. ) ;
#1502 = VECTOR ( 'NONE', #1427, 1000.000000000000000 ) ;
#1503 = DIRECTION ( 'NONE',  ( -0.000000000000000000, 1.000000000000000000, -0.000000000000000000 ) ) ;
#1504 = CARTESIAN_POINT ( 'NONE',  ( 0.000000000000000000, 31.99999999999999289, -10.09999999999999787 ) ) ;
#1505 = ADVANCED_FACE ( 'NONE', ( #126 ), #2374, .F. ) ;
#1506 = VERTEX_POINT ( 'NONE', #1048 ) ;
#1507 = EDGE_LOOP ( 'NONE', ( #1142, #28, #1426, #747, #448, #1128, #1708, #670, #658, #1331, #768, #964, #2075, #1610, #281, #1156, #2182, #1402, #245, #1087, #1739, #954, #1033 ) ) ;
#1508 = DIRECTION ( 'NONE',  ( 1.000000000000000000, -0.000000000000000000, -0.000000000000000000 ) ) ;
#1509 = LINE ( 'NONE', #2078, #1285 ) ;
#1510 = ORIENTED_EDGE ( 'NONE', *, *, #1190, .F. ) ;
#1511 = LINE ( 'NONE', #2263, #201 ) ;
#1512 = ORIENTED_EDGE ( 'NONE', *, *, #918, .F. ) ;
#1513 = DIRECTION ( 'NONE',  ( 0.000000000000000000, 0.000000000000000000, -1.000000000000000000 ) ) ;
#1514 = EDGE_CURVE ( 'NONE', #1704, #2349, #659, .T. ) ;
#1515 = VECTOR ( 'NONE', #405, 1000.000000000000000 ) ;
#1516 = ORIENTED_EDGE ( 'NONE', *, *, #187, .F. ) ;
#1517 = ORIENTED_EDGE ( 'NONE', *, *, #2242, .T. ) ;
#1518 = EDGE_CURVE ( 'NONE', #1446, #807, #1607, .T. ) ;
#1519 = CARTESIAN_POINT ( 'NONE',  ( 0.000000000000000000, 30.99999999999999645, 0.000000000000000000 ) ) ;
#1520 = LINE ( 'NONE', #2273, #1878 ) ;
#1521 = DIRECTION ( 'NONE',  ( -1.000000000000000000, 0.000000000000000000, 0.000000000000000000 ) ) ;
#1522 = ORIENTED_EDGE ( 'NONE', *, *, #1651, .T. ) ;
#1523 = CARTESIAN_POINT ( 'NONE',  ( 59.50000000000000000, 0.000000000000000000, 0.000000000000000000 ) ) ;
#1524 = ORIENTED_EDGE ( 'NONE', *, *, #199, .T. ) ;
#1525 = EDGE_CURVE ( 'NONE', #2073, #1780, #1188, .T. ) ;
#1526 = VERTEX_POINT ( 'NONE', #2337 ) ;
#1527 = VECTOR ( 'NONE', #532, 1000.000000000000000 ) ;
#1528 = DIRECTION ( 'NONE',  ( -0.000000000000000000, -0.000000000000000000, 1.000000000000000000 ) ) ;
#1529 = CARTESIAN_POINT ( 'NONE',  ( 60.00000000000000000, 0.000000000000000000, 0.000000000000000000 ) ) ;
#1530 = ADVANCED_FACE ( 'NONE', ( #308 ), #2350, .F. ) ;
#1531 = AXIS2_PLACEMENT_3D ( 'NONE', #1436, #2181, #129 ) ;
#1532 = CYLINDRICAL_SURFACE ( 'NONE', #273, 9.999999999999998224 ) ;
#1533 = DIRECTION ( 'NONE',  ( 0.000000000000000000, 1.000000000000000000, -1.734723475976804333E-15 ) ) ;
#1534 = VERTEX_POINT ( 'NONE', #2167 ) ;
#1535 = CARTESIAN_POINT ( 'NONE',  ( 48.00000000000000000, 28.99999999999999645, 12.00000000000000000 ) ) ;
#1536 = AXIS2_PLACEMENT_3D ( 'NONE', #329, #489, #1991 ) ;
#1537 = DIRECTION ( 'NONE',  ( 1.000000000000000000, 0.000000000000000000, 0.000000000000000000 ) ) ;
#1538 = AXIS2_PLACEMENT_3D ( 'NONE', #2156, #1797, #79 ) ;
#1539 = ORIENTED_EDGE ( 'NONE', *, *, #935, .F. ) ;
#1540 = AXIS2_PLACEMENT_3D ( 'NONE', #1984, #1020, #1434 ) ;
#1541 = EDGE_LOOP ( 'NONE', ( #507, #536, #1868, #2029 ) ) ;
#1542 = ADVANCED_FACE ( 'NONE', ( #1423 ), #672, .F. ) ;
#1543 = CARTESIAN_POINT ( 'NONE',  ( 0.000000000000000000, -3.000000000000000888, 8.000000000000000000 ) ) ;
#1544 = FACE_OUTER_BOUND ( 'NONE', #675, .T. ) ;
#1545 = DIRECTION ( 'NONE',  ( 0.000000000000000000, 0.000000000000000000, 1.000000000000000000 ) ) ;
#1546 = EDGE_CURVE ( 'NONE', #1890, #1844, #1408, .T. ) ;
#1547 = LINE ( 'NONE', #822, #1857 ) ;
#1548 = ORIENTED_EDGE ( 'NONE', *, *, #1435, .F. ) ;
#1549 = DIRECTION ( 'NONE',  ( -1.239088197126291063E-16, -0.000000000000000000, 1.000000000000000000 ) ) ;
#1550 = EDGE_CURVE ( 'NONE', #1196, #2368, #270, .T. ) ;
#1551 = DIRECTION ( 'NONE',  ( 0.000000000000000000, -1.000000000000000000, 0.000000000000000000 ) ) ;
#1552 = VERTEX_POINT ( 'NONE', #296 ) ;
#1553 = CARTESIAN_POINT ( 'NONE',  ( 10.00000000000000178, -7.372574772901430151E-15, 59.99999999999998579 ) ) ;
#1554 = LINE ( 'NONE', #429, #2403 ) ;
#1555 = CARTESIAN_POINT ( 'NONE',  ( 7.249999999999999112, 30.99999999999999645, 7.249999999999999112 ) ) ;
#1556 = AXIS2_PLACEMENT_3D ( 'NONE', #1347, #833, #1198 ) ;
#1557 = PLANE ( 'NONE',  #243 ) ;
#1558 = ORIENTED_EDGE ( 'NONE', *, *, #2409, .T. ) ;
#1559 = DIRECTION ( 'NONE',  ( 1.156482317317871971E-16, 0.000000000000000000, -1.000000000000000000 ) ) ;
#1560 = EDGE_CURVE ( 'NONE', #2368, #2111, #468, .T. ) ;
#1561 = DIRECTION ( 'NONE',  ( 4.163336342344337027E-15, 1.301042606982605321E-16, -1.000000000000000000 ) ) ;
#1562 = EDGE_LOOP ( 'NONE', ( #29, #772, #1360, #1106 ) ) ;
#1563 = LINE ( 'NONE', #965, #208 ) ;
#1564 = CARTESIAN_POINT ( 'NONE',  ( 8.250000000000000000, 28.99999999999999645, 22.49999999999998934 ) ) ;
#1565 = DIRECTION ( 'NONE',  ( -1.000000000000000000, -0.000000000000000000, -0.000000000000000000 ) ) ;
#1566 = DIRECTION ( 'NONE',  ( -1.000000000000000000, -0.000000000000000000, -0.000000000000000000 ) ) ;
#1567 = ORIENTED_EDGE ( 'NONE', *, *, #2118, .F. ) ;
#1568 = VECTOR ( 'NONE', #351, 1000.000000000000000 ) ;
#1569 = PLANE ( 'NONE',  #1344 ) ;
#1570 = EDGE_CURVE ( 'NONE', #1405, #1875, #1485, .T. ) ;
#1571 = DIRECTION ( 'NONE',  ( -1.000000000000000000, 0.000000000000000000, 0.000000000000000000 ) ) ;
#1572 = EDGE_CURVE ( 'NONE', #2256, #1433, #2025, .T. ) ;
#1573 = AXIS2_PLACEMENT_3D ( 'NONE', #530, #1312, #2233 ) ;
#1574 = ORIENTED_EDGE ( 'NONE', *, *, #1680, .F. ) ;
#1575 = VECTOR ( 'NONE', #725, 1000.000000000000000 ) ;
#1576 = DIRECTION ( 'NONE',  ( 0.000000000000000000, 0.000000000000000000, 1.000000000000000000 ) ) ;
#1577 = CIRCLE ( 'NONE', #327, 10.00000000000000178 ) ;
#1578 = DIRECTION ( 'NONE',  ( 0.000000000000000000, -1.000000000000000000, 0.000000000000000000 ) ) ;
#1579 = LINE ( 'NONE', #642, #2009 ) ;
#1580 = DIRECTION ( 'NONE',  ( 0.000000000000000000, -1.734723475976804333E-15, -1.000000000000000000 ) ) ;
#1581 = ORIENTED_EDGE ( 'NONE', *, *, #1785, .F. ) ;
#1582 = DIRECTION ( 'NONE',  ( 0.000000000000000000, -0.000000000000000000, -1.000000000000000000 ) ) ;
#1583 = EDGE_CURVE ( 'NONE', #1159, #119, #348, .T. ) ;
#1584 = CARTESIAN_POINT ( 'NONE',  ( 60.00000000000000000, -4.000000000000000000, 0.000000000000000000 ) ) ;
#1585 = ORIENTED_EDGE ( 'NONE', *, *, #637, .F. ) ;
#1586 = DIRECTION ( 'NONE',  ( 0.7071067811865482389, -0.000000000000000000, -0.7071067811865469066 ) ) ;
#1587 = PLANE ( 'NONE',  #1183 ) ;
#1588 = ORIENTED_EDGE ( 'NONE', *, *, #1951, .F. ) ;
#1589 = CARTESIAN_POINT ( 'NONE',  ( 2.000000000000000000, 1.999999999999993117, 57.99999999999997868 ) ) ;
#1590 = DIRECTION ( 'NONE',  ( -1.000000000000000000, -0.000000000000000000, -0.000000000000000000 ) ) ;
#1591 = MECHANICAL_DESIGN_GEOMETRIC_PRESENTATION_REPRESENTATION (  '', ( #2346 ), #702 ) ;
#1592 = SURFACE_SIDE_STYLE ('',( #1098 ) ) ;
#1593 = ORIENTED_EDGE ( 'NONE', *, *, #962, .T. ) ;
#1594 = DIRECTION ( 'NONE',  ( 0.000000000000000000, -1.734723475976805862E-16, 1.000000000000000000 ) ) ;
#1595 = DIRECTION ( 'NONE',  ( -0.000000000000000000, -0.000000000000000000, -1.000000000000000000 ) ) ;
#1596 = ORIENTED_EDGE ( 'NONE', *, *, #1292, .F. ) ;
#1597 = EDGE_CURVE ( 'NONE', #1173, #1659, #1281, .T. ) ;
#1598 = CARTESIAN_POINT ( 'NONE',  ( 48.00000000000000000, 28.99999999999999645, 22.50000000000000711 ) ) ;
#1599 = CARTESIAN_POINT ( 'NONE',  ( 7.249999999999999112, 30.99999999999999645, 52.75000000000000000 ) ) ;
#1600 = VERTEX_POINT ( 'NONE', #903 ) ;
#1601 = CARTESIAN_POINT ( 'NONE',  ( 22.49999999999999289, 30.99999999999999645, 44.62500000000000000 ) ) ;
#1602 = EDGE_CURVE ( 'NONE', #459, #735, #2240, .T. ) ;
#1603 = DIRECTION ( 'NONE',  ( -0.000000000000000000, -1.000000000000000000, -0.000000000000000000 ) ) ;
#1604 = ORIENTED_EDGE ( 'NONE', *, *, #426, .T. ) ;
#1605 = ORIENTED_EDGE ( 'NONE', *, *, #1138, .F. ) ;
#1606 = VECTOR ( 'NONE', #1107, 1000.000000000000000 ) ;
#1607 = LINE ( 'NONE', #1204, #132 ) ;
#1608 = VECTOR ( 'NONE', #2293, 1000.000000000000000 ) ;
#1609 = CARTESIAN_POINT ( 'NONE',  ( 22.50000000000000711, 28.99999999999999645, 15.37500000000000000 ) ) ;
#1610 = ORIENTED_EDGE ( 'NONE', *, *, #1185, .T. ) ;
#1611 = AXIS2_PLACEMENT_3D ( 'NONE', #2297, #452, #1189 ) ;
#1612 = VECTOR ( 'NONE', #858, 1000.000000000000000 ) ;
#1613 = PLANE ( 'NONE',  #1738 ) ;
#1614 = DIRECTION ( 'NONE',  ( -1.239088197126291063E-16, -0.000000000000000000, 1.000000000000000000 ) ) ;
#1615 = VECTOR ( 'NONE', #2272, 1000.000000000000000 ) ;
#1616 = ORIENTED_EDGE ( 'NONE', *, *, #1320, .T. ) ;
#1617 = EDGE_CURVE ( 'NONE', #1836, #908, #1683, .T. ) ;
#1618 = CARTESIAN_POINT ( 'NONE',  ( 7.249999999999999112, 30.99999999999999645, 52.75000000000000000 ) ) ;
#1619 = AXIS2_PLACEMENT_3D ( 'NONE', #18, #180, #6 ) ;
#1620 = CARTESIAN_POINT ( 'NONE',  ( 37.50000000000000711, 28.99999999999999645, 8.250000000000000000 ) ) ;
#1621 = ORIENTED_EDGE ( 'NONE', *, *, #1217, .T. ) ;
#1622 = ORIENTED_EDGE ( 'NONE', *, *, #907, .F. ) ;
#1623 = EDGE_CURVE ( 'NONE', #2147, #2385, #1110, .T. ) ;
#1624 = CARTESIAN_POINT ( 'NONE',  ( 15.37500000000000000, 28.99999999999999645, 22.49999999999999289 ) ) ;
#1625 = CARTESIAN_POINT ( 'NONE',  ( 44.62500000000000000, 30.99999999999999645, 22.50000000000000711 ) ) ;
#1626 = VERTEX_POINT ( 'NONE', #1293 ) ;
#1627 = PLANE ( 'NONE',  #483 ) ;
#1628 = DIRECTION ( 'NONE',  ( -1.239088197126291063E-16, 0.000000000000000000, 1.000000000000000000 ) ) ;
#1629 = VERTEX_POINT ( 'NONE', #2218 ) ;
#1630 = DIRECTION ( 'NONE',  ( 1.000000000000000000, 0.000000000000000000, -0.000000000000000000 ) ) ;
#1631 = CARTESIAN_POINT ( 'NONE',  ( 2.000000000000001332, 19.00000000000000355, 47.99999999999997868 ) ) ;
#1632 = CARTESIAN_POINT ( 'NONE',  ( 0.000000000000000000, 28.99999999999999645, 47.99999999999997868 ) ) ;
#1633 = PRODUCT_DEFINITION ( 'UNKNOWN', '', #1023, #451 ) ;
#1634 = ORIENTED_EDGE ( 'NONE', *, *, #1985, .T. ) ;
#1635 = DIRECTION ( 'NONE',  ( 0.000000000000000000, -1.000000000000000000, 0.000000000000000000 ) ) ;
#1636 = DIRECTION ( 'NONE',  ( -1.000000000000000000, -0.000000000000000000, -0.000000000000000000 ) ) ;
#1637 = ORIENTED_EDGE ( 'NONE', *, *, #498, .T. ) ;
#1638 = EDGE_CURVE ( 'NONE', #1446, #886, #1133, .T. ) ;
#1639 = ORIENTED_EDGE ( 'NONE', *, *, #300, .T. ) ;
#1640 = LINE ( 'NONE', #692, #127 ) ;
#1641 = ORIENTED_EDGE ( 'NONE', *, *, #1597, .T. ) ;
#1642 = CARTESIAN_POINT ( 'NONE',  ( 22.49999999999998934, 30.99999999999999645, 51.75000000000000000 ) ) ;
#1643 = DIRECTION ( 'NONE',  ( 0.000000000000000000, 0.000000000000000000, -1.000000000000000000 ) ) ;
#1644 = CARTESIAN_POINT ( 'NONE',  ( 4.999999999999997335, 3.999999999999994227, 34.69999999999999574 ) ) ;
#1645 = CARTESIAN_POINT ( 'NONE',  ( 51.75000000000000000, 30.99999999999999645, 37.50000000000000711 ) ) ;
#1646 = DIRECTION ( 'NONE',  ( 1.000000000000000000, 0.000000000000000000, -0.000000000000000000 ) ) ;
#1647 = CARTESIAN_POINT ( 'NONE',  ( 60.00000000000000000, -4.000000000000000888, 10.90000000000000213 ) ) ;
#1648 = EDGE_CURVE ( 'NONE', #776, #1497, #2416, .T. ) ;
#1649 = VECTOR ( 'NONE', #24, 1000.000000000000000 ) ;
#1650 = AXIS2_PLACEMENT_3D ( 'NONE', #999, #2314, #1024 ) ;
#1651 = EDGE_CURVE ( 'NONE', #1490, #1416, #1831, .T. ) ;
#1652 = ORIENTED_EDGE ( 'NONE', *, *, #480, .F. ) ;
#1653 = PLANE ( 'NONE',  #1415 ) ;
#1654 = ORIENTED_EDGE ( 'NONE', *, *, #60, .F. ) ;
#1655 = CARTESIAN_POINT ( 'NONE',  ( 4.999999999999997335, -6.136203874453046338E-15, 16.40000000000000568 ) ) ;
#1656 = LINE ( 'NONE', #2047, #1937 ) ;
#1657 = VECTOR ( 'NONE', #35, 1000.000000000000000 ) ;
#1658 = LINE ( 'NONE', #2071, #853 ) ;
#1659 = VERTEX_POINT ( 'NONE', #549 ) ;
#1660 = CARTESIAN_POINT ( 'NONE',  ( 22.50000000000001066, 30.99999999999999645, 8.249999999999998224 ) ) ;
#1661 = VECTOR ( 'NONE', #1041, 1000.000000000000000 ) ;
#1662 = VECTOR ( 'NONE', #2049, 1000.000000000000000 ) ;
#1663 = CARTESIAN_POINT ( 'NONE',  ( 22.50000000000000711, 30.99999999999999645, 15.37500000000000000 ) ) ;
#1664 = EDGE_CURVE ( 'NONE', #119, #1854, #915, .T. ) ;
#1665 = ORIENTED_EDGE ( 'NONE', *, *, #239, .T. ) ;
#1666 = DIRECTION ( 'NONE',  ( 0.7071067811865469066, -0.000000000000000000, 0.7071067811865482389 ) ) ;
#1667 = ORIENTED_EDGE ( 'NONE', *, *, #1684, .T. ) ;
#1668 = CARTESIAN_POINT ( 'NONE',  ( 60.00000000000000000, 33.99999999999999289, 59.99999999999998579 ) ) ;
#1669 = DIRECTION ( 'NONE',  ( -0.000000000000000000, 1.084202172485504187E-16, -1.000000000000000000 ) ) ;
#1670 = DIRECTION ( 'NONE',  ( -3.469446951953614682E-16, 0.000000000000000000, 1.000000000000000000 ) ) ;
#1671 = EDGE_CURVE ( 'NONE', #1480, #662, #1886, .T. ) ;
#1672 = DIRECTION ( 'NONE',  ( -0.000000000000000000, -0.000000000000000000, 1.000000000000000000 ) ) ;
#1673 = FACE_OUTER_BOUND ( 'NONE', #931, .T. ) ;
#1674 = LINE ( 'NONE', #1296, #1928 ) ;
#1675 = VECTOR ( 'NONE', #1367, 1000.000000000000000 ) ;
#1676 = ORIENTED_EDGE ( 'NONE', *, *, #918, .T. ) ;
#1677 = FACE_OUTER_BOUND ( 'NONE', #1982, .T. ) ;
#1678 = ORIENTED_EDGE ( 'NONE', *, *, #2278, .T. ) ;
#1679 = LINE ( 'NONE', #1668, #1725 ) ;
#1680 = EDGE_CURVE ( 'NONE', #1095, #144, #1317, .T. ) ;
#1681 = CARTESIAN_POINT ( 'NONE',  ( 60.00000000000000000, -4.000000000000000000, 2.000000000000000000 ) ) ;
#1682 = DIRECTION ( 'NONE',  ( 1.000000000000000000, -0.000000000000000000, 0.000000000000000000 ) ) ;
#1683 = LINE ( 'NONE', #575, #1902 ) ;
#1684 = EDGE_CURVE ( 'NONE', #2201, #1013, #1845, .T. ) ;
#1685 = ORIENTED_EDGE ( 'NONE', *, *, #1744, .T. ) ;
#1686 = DIRECTION ( 'NONE',  ( -0.000000000000000000, -0.000000000000000000, 1.000000000000000000 ) ) ;
#1687 = AXIS2_PLACEMENT_3D ( 'NONE', #2005, #2333, #1762 ) ;
#1688 = ORIENTED_EDGE ( 'NONE', *, *, #993, .T. ) ;
#1689 = AXIS2_PLACEMENT_3D ( 'NONE', #2338, #65, #985 ) ;
#1690 = ORIENTED_EDGE ( 'NONE', *, *, #1525, .F. ) ;
#1691 = CARTESIAN_POINT ( 'NONE',  ( 60.00000000000000000, 3.999999999999994671, 34.69999999999999574 ) ) ;
#1692 = CARTESIAN_POINT ( 'NONE',  ( 60.00000000000000000, -6.071532165918824830E-15, 47.99999999999997868 ) ) ;
#1693 = CIRCLE ( 'NONE', #2405, 10.00000000000000000 ) ;
#1694 = EDGE_CURVE ( 'NONE', #1968, #2057, #2228, .T. ) ;
#1695 = DIRECTION ( 'NONE',  ( -1.000000000000000000, -0.000000000000000000, -0.000000000000000000 ) ) ;
#1696 = AXIS2_PLACEMENT_3D ( 'NONE', #1817, #888, #1981 ) ;
#1697 = ORIENTED_EDGE ( 'NONE', *, *, #2244, .T. ) ;
#1698 = VECTOR ( 'NONE', #2041, 1000.000000000000000 ) ;
#1699 = CARTESIAN_POINT ( 'NONE',  ( 60.00000000000000000, 31.99999999999999289, -10.09999999999999787 ) ) ;
#1700 = CARTESIAN_POINT ( 'NONE',  ( 10.00000000000000178, 33.99999999999999289, 59.99999999999998579 ) ) ;
#1701 = VECTOR ( 'NONE', #433, 1000.000000000000000 ) ;
#1702 = ADVANCED_FACE ( 'NONE', ( #1305 ), #1124, .F. ) ;
#1703 = ORIENTED_EDGE ( 'NONE', *, *, #664, .F. ) ;
#1704 = VERTEX_POINT ( 'NONE', #1268 ) ;
#1705 = PLANE ( 'NONE',  #51 ) ;
#1706 = DIRECTION ( 'NONE',  ( 1.239088197126291063E-16, 0.000000000000000000, -1.000000000000000000 ) ) ;
#1707 = DIRECTION ( 'NONE',  ( 0.000000000000000000, 0.000000000000000000, 1.000000000000000000 ) ) ;
#1708 = ORIENTED_EDGE ( 'NONE', *, *, #235, .T. ) ;
#1709 = DIRECTION ( 'NONE',  ( 4.869399230812090436E-16, 0.000000000000000000, -1.000000000000000000 ) ) ;
#1710 =( LENGTH_UNIT ( ) NAMED_UNIT ( * ) SI_UNIT ( .MILLI., .METRE. ) );
#1711 = ADVANCED_FACE ( 'NONE', ( #179 ), #927, .F. ) ;
#1712 = EDGE_CURVE ( 'NONE', #1074, #2018, #1489, .T. ) ;
#1713 = EDGE_LOOP ( 'NONE', ( #98, #401, #2178, #2410 ) ) ;
#1714 = VECTOR ( 'NONE', #2237, 1000.000000000000000 ) ;
#1715 = EDGE_LOOP ( 'NONE', ( #1838, #291, #2121, #2415 ) ) ;
#1716 = FACE_BOUND ( 'NONE', #2158, .T. ) ;
#1717 = FACE_OUTER_BOUND ( 'NONE', #786, .T. ) ;
#1718 = CARTESIAN_POINT ( 'NONE',  ( 60.00000000000000000, 0.4999999999999844014, 14.40000000000000213 ) ) ;
#1719 = CARTESIAN_POINT ( 'NONE',  ( 0.000000000000000000, 33.99999999999999289, 59.99999999999998579 ) ) ;
#1720 = ORIENTED_EDGE ( 'NONE', *, *, #1550, .F. ) ;
#1721 = PLANE ( 'NONE',  #1231 ) ;
#1722 = EDGE_CURVE ( 'NONE', #238, #444, #522, .T. ) ;
#1723 = DIRECTION ( 'NONE',  ( 0.000000000000000000, 0.000000000000000000, 1.000000000000000000 ) ) ;
#1724 = EDGE_LOOP ( 'NONE', ( #2086, #1983, #1765, #1301 ) ) ;
#1725 = VECTOR ( 'NONE', #1276, 1000.000000000000000 ) ;
#1726 = EDGE_CURVE ( 'NONE', #2315, #1792, #408, .T. ) ;
#1727 = ORIENTED_EDGE ( 'NONE', *, *, #785, .T. ) ;
#1728 = CIRCLE ( 'NONE', #828, 2.000000000000000000 ) ;
#1729 = LINE ( 'NONE', #2282, #566 ) ;
#1730 = CYLINDRICAL_SURFACE ( 'NONE', #1438, 10.00000000000000178 ) ;
#1731 = VECTOR ( 'NONE', #1809, 1000.000000000000000 ) ;
#1732 = PLANE ( 'NONE',  #1369 ) ;
#1733 = PLANE ( 'NONE',  #48 ) ;
#1734 = VERTEX_POINT ( 'NONE', #394 ) ;
#1735 = DIRECTION ( 'NONE',  ( 0.000000000000000000, 0.000000000000000000, -1.000000000000000000 ) ) ;
#1736 = CIRCLE ( 'NONE', #1306, 10.00000000000000178 ) ;
#1737 = PLANE ( 'NONE',  #1650 ) ;
#1738 = AXIS2_PLACEMENT_3D ( 'NONE', #2145, #1413, #1247 ) ;
#1739 = ORIENTED_EDGE ( 'NONE', *, *, #1399, .T. ) ;
#1740 = EDGE_LOOP ( 'NONE', ( #415, #705, #50, #1043, #81, #2223, #2288, #2221 ) ) ;
#1741 = DIRECTION ( 'NONE',  ( 0.000000000000000000, -1.000000000000000000, 0.000000000000000000 ) ) ;
#1742 = DIRECTION ( 'NONE',  ( 1.000000000000000000, -0.000000000000000000, -0.000000000000000000 ) ) ;
#1743 = DIRECTION ( 'NONE',  ( -1.000000000000000000, 0.000000000000000000, 0.000000000000000000 ) ) ;
#1744 = EDGE_CURVE ( 'NONE', #1067, #76, #1191, .T. ) ;
#1745 = DIRECTION ( 'NONE',  ( -1.000000000000000000, 0.000000000000000000, -6.938893903907227392E-16 ) ) ;
#1746 = ORIENTED_EDGE ( 'NONE', *, *, #1546, .T. ) ;
#1747 = CARTESIAN_POINT ( 'NONE',  ( 10.00000000000000178, 33.99999999999999289, 49.99999999999997868 ) ) ;
#1748 = FACE_OUTER_BOUND ( 'NONE', #1541, .T. ) ;
#1749 = ORIENTED_EDGE ( 'NONE', *, *, #298, .T. ) ;
#1750 = DIRECTION ( 'NONE',  ( -9.738798461624180871E-16, 0.000000000000000000, 1.000000000000000000 ) ) ;
#1751 = DIRECTION ( 'NONE',  ( -1.239088197126291063E-16, -1.734723475976805862E-16, 1.000000000000000000 ) ) ;
#1752 = ADVANCED_FACE ( 'NONE', ( #812 ), #1732, .T. ) ;
#1753 = DIRECTION ( 'NONE',  ( -0.000000000000000000, 1.000000000000000000, 0.000000000000000000 ) ) ;
#1754 = DIRECTION ( 'NONE',  ( 0.000000000000000000, 1.301042606982605321E-16, -1.000000000000000000 ) ) ;
#1755 = VERTEX_POINT ( 'NONE', #1368 ) ;
#1756 = EDGE_CURVE ( 'NONE', #1960, #173, #771, .T. ) ;
#1757 = LINE ( 'NONE', #74, #15 ) ;
#1758 = LINE ( 'NONE', #1770, #2053 ) ;
#1759 = ORIENTED_EDGE ( 'NONE', *, *, #1744, .F. ) ;
#1760 = LINE ( 'NONE', #1366, #1342 ) ;
#1761 = PLANE ( 'NONE',  #1556 ) ;
#1762 = DIRECTION ( 'NONE',  ( 0.000000000000000000, -1.000000000000000000, 6.938893903907228378E-16 ) ) ;
#1763 = VECTOR ( 'NONE', #2345, 1000.000000000000000 ) ;
#1764 = DIRECTION ( 'NONE',  ( 1.000000000000000000, 0.000000000000000000, 0.000000000000000000 ) ) ;
#1765 = ORIENTED_EDGE ( 'NONE', *, *, #2065, .T. ) ;
#1766 = EDGE_CURVE ( 'NONE', #735, #2315, #47, .T. ) ;
#1767 = CARTESIAN_POINT ( 'NONE',  ( 22.49999999999999289, 28.99999999999999645, 47.99999999999997868 ) ) ;
#1768 = EDGE_CURVE ( 'NONE', #2212, #600, #357, .T. ) ;
#1769 = AXIS2_PLACEMENT_3D ( 'NONE', #1529, #2283, #242 ) ;
#1770 = CARTESIAN_POINT ( 'NONE',  ( 12.00000000000000711, 28.99999999999999645, 1.486905836551550262E-15 ) ) ;
#1771 = ORIENTED_EDGE ( 'NONE', *, *, #269, .T. ) ;
#1772 = AXIS2_PLACEMENT_3D ( 'NONE', #1519, #1741, #219 ) ;
#1773 = CARTESIAN_POINT ( 'NONE',  ( 59.50000000000000000, -1.500000000000000444, 0.000000000000000000 ) ) ;
#1774 = AXIS2_PLACEMENT_3D ( 'NONE', #142, #1635, #1582 ) ;
#1775 = DIRECTION ( 'NONE',  ( -0.000000000000000000, -0.000000000000000000, 1.000000000000000000 ) ) ;
#1776 = ORIENTED_EDGE ( 'NONE', *, *, #141, .F. ) ;
#1777 = LINE ( 'NONE', #1044, #2083 ) ;
#1778 = DIRECTION ( 'NONE',  ( -0.000000000000000000, 1.000000000000000000, -1.734723475976804136E-15 ) ) ;
#1779 = EDGE_LOOP ( 'NONE', ( #1880, #2206, #516 ) ) ;
#1780 = VERTEX_POINT ( 'NONE', #2114 ) ;
#1781 = FACE_OUTER_BOUND ( 'NONE', #124, .T. ) ;
#1782 = CARTESIAN_POINT ( 'NONE',  ( 51.75000000000000000, 30.99999999999999645, 22.50000000000001066 ) ) ;
#1783 = EDGE_CURVE ( 'NONE', #715, #1600, #2308, .T. ) ;
#1784 = ORIENTED_EDGE ( 'NONE', *, *, #1638, .T. ) ;
#1785 = EDGE_CURVE ( 'NONE', #615, #1552, #1165, .T. ) ;
#1786 = LINE ( 'NONE', #2379, #1661 ) ;
#1787 = CARTESIAN_POINT ( 'NONE',  ( 2.000000000000000000, 108.1959594928933086, 57.99999999999999289 ) ) ;
#1788 = ORIENTED_EDGE ( 'NONE', *, *, #1037, .F. ) ;
#1789 = CARTESIAN_POINT ( 'NONE',  ( 48.00000000000000000, 18.99999999999998934, 1.999999999999999112 ) ) ;
#1790 = FACE_OUTER_BOUND ( 'NONE', #1892, .T. ) ;
#1791 = ORIENTED_EDGE ( 'NONE', *, *, #515, .F. ) ;
#1792 = VERTEX_POINT ( 'NONE', #430 ) ;
#1793 = CARTESIAN_POINT ( 'NONE',  ( 12.00000000000000533, 18.99999999999999645, 12.00000000000000000 ) ) ;
#1794 = DIRECTION ( 'NONE',  ( 0.000000000000000000, -1.236370898448382630E-16, 1.000000000000000000 ) ) ;
#1795 = EDGE_LOOP ( 'NONE', ( #367, #334, #1810, #1825, #383 ) ) ;
#1796 = ADVANCED_FACE ( 'NONE', ( #1919 ), #59, .F. ) ;
#1797 = DIRECTION ( 'NONE',  ( 1.000000000000000000, 0.000000000000000000, -0.000000000000000000 ) ) ;
#1798 = DIRECTION ( 'NONE',  ( 0.7071067811865378028, 0.7071067811865573427, 0.000000000000000000 ) ) ;
#1799 = EDGE_CURVE ( 'NONE', #2036, #1351, #1889, .T. ) ;
#1800 = ORIENTED_EDGE ( 'NONE', *, *, #2166, .T. ) ;
#1801 = DIRECTION ( 'NONE',  ( 0.000000000000000000, 0.000000000000000000, -1.000000000000000000 ) ) ;
#1802 = LINE ( 'NONE', #875, #440 ) ;
#1803 = ORIENTED_EDGE ( 'NONE', *, *, #43, .T. ) ;
#1804 = EDGE_CURVE ( 'NONE', #1288, #2111, #2102, .T. ) ;
#1805 = ORIENTED_EDGE ( 'NONE', *, *, #1899, .T. ) ;
#1806 = VECTOR ( 'NONE', #967, 1000.000000000000000 ) ;
#1807 = DIRECTION ( 'NONE',  ( 0.000000000000000000, 0.000000000000000000, -1.000000000000000000 ) ) ;
#1808 = AXIS2_PLACEMENT_3D ( 'NONE', #1986, #1060, #1794 ) ;
#1809 = DIRECTION ( 'NONE',  ( 1.000000000000000000, -0.000000000000000000, -0.000000000000000000 ) ) ;
#1810 = ORIENTED_EDGE ( 'NONE', *, *, #633, .T. ) ;
#1811 = VECTOR ( 'NONE', #1742, 1000.000000000000000 ) ;
#1812 = VECTOR ( 'NONE', #1178, 1000.000000000000000 ) ;
#1813 = CARTESIAN_POINT ( 'NONE',  ( 37.50000000000000711, 18.99999999999998934, 12.00000000000000000 ) ) ;
#1814 = VECTOR ( 'NONE', #381, 1000.000000000000000 ) ;
#1815 = ORIENTED_EDGE ( 'NONE', *, *, #1409, .T. ) ;
#1816 = VECTOR ( 'NONE', #1686, 1000.000000000000000 ) ;
#1817 = CARTESIAN_POINT ( 'NONE',  ( 0.000000000000000000, -4.000000000000000000, 2.000000000000000000 ) ) ;
#1818 = LINE ( 'NONE', #1644, #749 ) ;
#1819 = EDGE_LOOP ( 'NONE', ( #268, #1286, #36, #490 ) ) ;
#1820 = CARTESIAN_POINT ( 'NONE',  ( 37.49999999999999289, 28.99999999999999645, 44.62500000000000000 ) ) ;
#1821 = CARTESIAN_POINT ( 'NONE',  ( 60.00000000000000000, -7.372574772901430151E-15, 49.99999999999997868 ) ) ;
#1822 = ORIENTED_EDGE ( 'NONE', *, *, #1277, .F. ) ;
#1823 = ORIENTED_EDGE ( 'NONE', *, *, #1911, .T. ) ;
#1824 = CARTESIAN_POINT ( 'NONE',  ( 12.00000000000000355, 28.99999999999999645, 22.49999999999999289 ) ) ;
#1825 = ORIENTED_EDGE ( 'NONE', *, *, #1870, .T. ) ;
#1826 = CARTESIAN_POINT ( 'NONE',  ( 60.00000000000000000, 5.999999999999994671, 29.69999999999998863 ) ) ;
#1827 = FACE_OUTER_BOUND ( 'NONE', #2007, .T. ) ;
#1828 = LINE ( 'NONE', #346, #1207 ) ;
#1829 = ORIENTED_EDGE ( 'NONE', *, *, #1422, .T. ) ;
#1830 = EDGE_CURVE ( 'NONE', #2024, #1780, #1143, .T. ) ;
#1831 = LINE ( 'NONE', #537, #2096 ) ;
#1832 = ADVANCED_FACE ( 'NONE', ( #231 ), #1532, .F. ) ;
#1833 = VECTOR ( 'NONE', #1472, 1000.000000000000000 ) ;
#1834 = FACE_OUTER_BOUND ( 'NONE', #1318, .T. ) ;
#1835 = LINE ( 'NONE', #143, #1299 ) ;
#1836 = VERTEX_POINT ( 'NONE', #1945 ) ;
#1837 = PRESENTATION_LAYER_ASSIGNMENT (  '', '', ( #2346 ) ) ;
#1838 = ORIENTED_EDGE ( 'NONE', *, *, #1181, .T. ) ;
#1839 = DIRECTION ( 'NONE',  ( -0.000000000000000000, 1.000000000000000000, 0.000000000000000000 ) ) ;
#1840 = ORIENTED_EDGE ( 'NONE', *, *, #336, .T. ) ;
#1841 = LINE ( 'NONE', #755, #2123 ) ;
#1842 = DIRECTION ( 'NONE',  ( 0.000000000000000000, -0.000000000000000000, 1.000000000000000000 ) ) ;
#1843 = VERTEX_POINT ( 'NONE', #607 ) ;
#1844 = VERTEX_POINT ( 'NONE', #2126 ) ;
#1845 = LINE ( 'NONE', #1660, #919 ) ;
#1846 = EDGE_CURVE ( 'NONE', #2043, #1836, #2203, .T. ) ;
#1847 = CARTESIAN_POINT ( 'NONE',  ( 22.49999999999999289, 28.99999999999999645, 44.62500000000000000 ) ) ;
#1848 = DIRECTION ( 'NONE',  ( 0.000000000000000000, 0.000000000000000000, -1.000000000000000000 ) ) ;
#1849 = VECTOR ( 'NONE', #1443, 1000.000000000000000 ) ;
#1850 = CIRCLE ( 'NONE', #2400, 10.00000000000000178 ) ;
#1851 = EDGE_CURVE ( 'NONE', #700, #2104, #1511, .T. ) ;
#1852 = ORIENTED_EDGE ( 'NONE', *, *, #2050, .F. ) ;
#1853 = CARTESIAN_POINT ( 'NONE',  ( 0.000000000000000000, -1.734723475976807094E-15, 14.40000000000000213 ) ) ;
#1854 = VERTEX_POINT ( 'NONE', #1895 ) ;
#1855 = CARTESIAN_POINT ( 'NONE',  ( 47.99999999999997868, 1.999999999999993117, 57.99999999999997868 ) ) ;
#1856 = LINE ( 'NONE', #1303, #2062 ) ;
#1857 = VECTOR ( 'NONE', #1566, 1000.000000000000000 ) ;
#1858 = DIRECTION ( 'NONE',  ( -1.000000000000000000, -0.000000000000000000, -4.869399230812089449E-16 ) ) ;
#1859 = ORIENTED_EDGE ( 'NONE', *, *, #1132, .F. ) ;
#1860 = DIRECTION ( 'NONE',  ( 1.000000000000000000, -0.000000000000000000, -0.000000000000000000 ) ) ;
#1861 = AXIS2_PLACEMENT_3D ( 'NONE', #190, #1513, #2429 ) ;
#1862 = AXIS2_PLACEMENT_3D ( 'NONE', #805, #397, #2303 ) ;
#1863 = ADVANCED_FACE ( 'NONE', ( #211 ), #1954, .F. ) ;
#1864 = DIRECTION ( 'NONE',  ( -0.000000000000000000, -0.000000000000000000, -1.000000000000000000 ) ) ;
#1865 = LINE ( 'NONE', #1329, #559 ) ;
#1866 = ORIENTED_EDGE ( 'NONE', *, *, #1648, .F. ) ;
#1867 = ADVANCED_FACE ( 'NONE', ( #2274 ), #835, .T. ) ;
#1868 = ORIENTED_EDGE ( 'NONE', *, *, #1766, .F. ) ;
#1869 = CARTESIAN_POINT ( 'NONE',  ( 60.00000000000000000, 0.000000000000000000, 0.000000000000000000 ) ) ;
#1870 = EDGE_CURVE ( 'NONE', #1074, #1626, #71, .T. ) ;
#1871 = ORIENTED_EDGE ( 'NONE', *, *, #258, .T. ) ;
#1872 = DIRECTION ( 'NONE',  ( 0.000000000000000000, 0.000000000000000000, 1.000000000000000000 ) ) ;
#1873 = CARTESIAN_POINT ( 'NONE',  ( 4.999999999999997335, -6.071532165918824830E-15, 47.99999999999997868 ) ) ;
#1874 = CARTESIAN_POINT ( 'NONE',  ( 60.00000000000000000, -6.000000000000000888, 8.900000000000002132 ) ) ;
#1875 = VERTEX_POINT ( 'NONE', #1238 ) ;
#1876 = DIRECTION ( 'NONE',  ( -0.000000000000000000, -1.000000000000000000, -0.000000000000000000 ) ) ;
#1877 = PLANE ( 'NONE',  #1619 ) ;
#1878 = VECTOR ( 'NONE', #937, 1000.000000000000000 ) ;
#1879 = EDGE_CURVE ( 'NONE', #1967, #739, #1392, .T. ) ;
#1880 = ORIENTED_EDGE ( 'NONE', *, *, #122, .T. ) ;
#1881 = ORIENTED_EDGE ( 'NONE', *, *, #2033, .F. ) ;
#1882 = FACE_OUTER_BOUND ( 'NONE', #1713, .T. ) ;
#1883 = EDGE_CURVE ( 'NONE', #2186, #2212, #1925, .T. ) ;
#1884 = LINE ( 'NONE', #2250, #726 ) ;
#1885 = ORIENTED_EDGE ( 'NONE', *, *, #87, .F. ) ;
#1886 = LINE ( 'NONE', #2254, #1662 ) ;
#1887 = ORIENTED_EDGE ( 'NONE', *, *, #1941, .T. ) ;
#1888 = LINE ( 'NONE', #577, #1076 ) ;
#1889 = CIRCLE ( 'NONE', #1139, 10.00000000000000178 ) ;
#1890 = VERTEX_POINT ( 'NONE', #2321 ) ;
#1891 = VECTOR ( 'NONE', #113, 1000.000000000000000 ) ;
#1892 = EDGE_LOOP ( 'NONE', ( #1604, #2271, #1193, #1517 ) ) ;
#1893 = CARTESIAN_POINT ( 'NONE',  ( 59.50000000000000000, -1.500000000000000444, 5.000000000000000000 ) ) ;
#1894 = DIRECTION ( 'NONE',  ( -0.000000000000000000, 1.000000000000000000, -0.000000000000000000 ) ) ;
#1895 = CARTESIAN_POINT ( 'NONE',  ( 0.000000000000000000, -1.500000000000000444, 5.000000000000000000 ) ) ;
#1896 = VECTOR ( 'NONE', #455, 1000.000000000000000 ) ;
#1897 = EDGE_LOOP ( 'NONE', ( #99, #1050, #1588, #1253 ) ) ;
#1898 = AXIS2_PLACEMENT_3D ( 'NONE', #1905, #1014, #626 ) ;
#1899 = EDGE_CURVE ( 'NONE', #1907, #2116, #1579, .T. ) ;
#1900 = CARTESIAN_POINT ( 'NONE',  ( 0.000000000000000000, -3.000000000000000888, 8.000000000000000000 ) ) ;
#1901 =( NAMED_UNIT ( * ) PLANE_ANGLE_UNIT ( ) SI_UNIT ( $, .RADIAN. ) );
#1902 = VECTOR ( 'NONE', #723, 1000.000000000000000 ) ;
#1903 = VERTEX_POINT ( 'NONE', #1226 ) ;
#1904 = VERTEX_POINT ( 'NONE', #655 ) ;
#1905 = CARTESIAN_POINT ( 'NONE',  ( 12.00000000000000533, 18.99999999999999645, 12.00000000000000000 ) ) ;
#1906 = DIRECTION ( 'NONE',  ( 0.000000000000000000, 0.000000000000000000, 1.000000000000000000 ) ) ;
#1907 = VERTEX_POINT ( 'NONE', #464 ) ;
#1908 = DIRECTION ( 'NONE',  ( 1.239088197126291063E-16, -0.000000000000000000, -1.000000000000000000 ) ) ;
#1909 = CARTESIAN_POINT ( 'NONE',  ( 0.000000000000000000, -1.500000000000000444, 0.000000000000000000 ) ) ;
#1910 = ORIENTED_EDGE ( 'NONE', *, *, #5, .T. ) ;
#1911 = EDGE_CURVE ( 'NONE', #2104, #2024, #292, .T. ) ;
#1912 = FACE_OUTER_BOUND ( 'NONE', #44, .T. ) ;
#1913 = EDGE_CURVE ( 'NONE', #2279, #1844, #2160, .T. ) ;
#1914 = CIRCLE ( 'NONE', #2108, 10.00000000000000178 ) ;
#1915 = ORIENTED_EDGE ( 'NONE', *, *, #1879, .T. ) ;
#1916 = ORIENTED_EDGE ( 'NONE', *, *, #56, .F. ) ;
#1917 = DIRECTION ( 'NONE',  ( 1.239088197126291063E-16, -0.000000000000000000, -1.000000000000000000 ) ) ;
#1918 = DIRECTION ( 'NONE',  ( 0.000000000000000000, 0.000000000000000000, -1.000000000000000000 ) ) ;
#1919 = FACE_OUTER_BOUND ( 'NONE', #288, .T. ) ;
#1920 = DIRECTION ( 'NONE',  ( -1.239088197126291063E-16, 0.000000000000000000, 1.000000000000000000 ) ) ;
#1921 = ORIENTED_EDGE ( 'NONE', *, *, #166, .F. ) ;
#1922 = CARTESIAN_POINT ( 'NONE',  ( 57.99999999999999289, 3.999999999999994227, 34.69999999999999574 ) ) ;
#1923 = CARTESIAN_POINT ( 'NONE',  ( 60.00000000000000000, -4.000000000000000000, 2.000000000000000000 ) ) ;
#1924 = ORIENTED_EDGE ( 'NONE', *, *, #891, .T. ) ;
#1925 = CIRCLE ( 'NONE', #826, 10.00000000000000178 ) ;
#1926 = VERTEX_POINT ( 'NONE', #694 ) ;
#1927 = EDGE_CURVE ( 'NONE', #1600, #414, #2317, .T. ) ;
#1928 = VECTOR ( 'NONE', #1126, 1000.000000000000000 ) ;
#1929 = CARTESIAN_POINT ( 'NONE',  ( 22.50000000000001066, 30.99999999999999645, 8.249999999999998224 ) ) ;
#1930 = DIRECTION ( 'NONE',  ( -0.7071067811865469066, -0.000000000000000000, -0.7071067811865482389 ) ) ;
#1931 = CARTESIAN_POINT ( 'NONE',  ( 15.37500000000000000, 30.99999999999999645, 22.49999999999999289 ) ) ;
#1932 = DIRECTION ( 'NONE',  ( 0.000000000000000000, 1.000000000000000000, 0.000000000000000000 ) ) ;
#1933 = VECTOR ( 'NONE', #1614, 1000.000000000000000 ) ;
#1934 = ORIENTED_EDGE ( 'NONE', *, *, #1804, .F. ) ;
#1935 = PLANE ( 'NONE',  #2020 ) ;
#1936 = AXIS2_PLACEMENT_3D ( 'NONE', #2077, #2226, #2434 ) ;
#1937 = VECTOR ( 'NONE', #1669, 1000.000000000000000 ) ;
#1938 = CARTESIAN_POINT ( 'NONE',  ( 44.62500000000000000, 30.99999999999999645, 37.50000000000000711 ) ) ;
#1939 = AXIS2_PLACEMENT_3D ( 'NONE', #2082, #1160, #1948 ) ;
#1940 = ORIENTED_EDGE ( 'NONE', *, *, #2064, .T. ) ;
#1941 = EDGE_CURVE ( 'NONE', #1313, #2212, #1777, .T. ) ;
#1942 = LINE ( 'NONE', #1346, #1309 ) ;
#1943 = CARTESIAN_POINT ( 'NONE',  ( 10.00000000000000178, -7.372574772901430151E-15, 59.99999999999998579 ) ) ;
#1944 = ADVANCED_FACE ( 'NONE', ( #304 ), #1964, .F. ) ;
#1945 = CARTESIAN_POINT ( 'NONE',  ( 0.000000000000000000, -6.000000000000000888, 8.900000000000002132 ) ) ;
#1946 = CARTESIAN_POINT ( 'NONE',  ( 4.999999999999997335, 1.999999999999994005, 47.99999999999997868 ) ) ;
#1947 = ORIENTED_EDGE ( 'NONE', *, *, #1602, .T. ) ;
#1948 = DIRECTION ( 'NONE',  ( -4.869399230812089449E-16, 0.000000000000000000, 1.000000000000000000 ) ) ;
#1949 = DIRECTION ( 'NONE',  ( 0.000000000000000000, -1.084202172485504311E-16, 1.000000000000000000 ) ) ;
#1950 = ORIENTED_EDGE ( 'NONE', *, *, #904, .T. ) ;
#1951 = EDGE_CURVE ( 'NONE', #2279, #420, #2148, .T. ) ;
#1952 = CARTESIAN_POINT ( 'NONE',  ( 51.75000000000000000, 28.99999999999999645, 37.50000000000000711 ) ) ;
#1953 = LINE ( 'NONE', #1015, #503 ) ;
#1954 = SPHERICAL_SURFACE ( 'NONE', #1687, 10.00000000000000000 ) ;
#1955 = CARTESIAN_POINT ( 'NONE',  ( 11.99999999999999822, 1.999999999999993117, 57.99999999999997868 ) ) ;
#1956 = EDGE_LOOP ( 'NONE', ( #1524, #1371, #1979, #1134 ) ) ;
#1957 = CARTESIAN_POINT ( 'NONE',  ( 7.249999999999999112, 30.99999999999999645, 52.75000000000000000 ) ) ;
#1958 = EDGE_CURVE ( 'NONE', #459, #654, #874, .T. ) ;
#1959 = CARTESIAN_POINT ( 'NONE',  ( 52.75000000000000000, 30.99999999999999645, 52.75000000000000000 ) ) ;
#1960 = VERTEX_POINT ( 'NONE', #1980 ) ;
#1961 = CARTESIAN_POINT ( 'NONE',  ( 37.50000000000000711, 28.99999999999999645, 8.250000000000000000 ) ) ;
#1962 = DIRECTION ( 'NONE',  ( -1.000000000000000000, 0.000000000000000000, -0.000000000000000000 ) ) ;
#1963 = EDGE_LOOP ( 'NONE', ( #330, #256, #228 ) ) ;
#1964 = PLANE ( 'NONE',  #2398 ) ;
#1965 = VECTOR ( 'NONE', #1417, 1000.000000000000227 ) ;
#1966 = CARTESIAN_POINT ( 'NONE',  ( 60.00000000000000000, -1.999999999999987121, 4.500000000000012434 ) ) ;
#1967 = VERTEX_POINT ( 'NONE', #1403 ) ;
#1968 = VERTEX_POINT ( 'NONE', #1789 ) ;
#1969 = EDGE_CURVE ( 'NONE', #1416, #1506, #2369, .T. ) ;
#1970 = DIRECTION ( 'NONE',  ( 0.000000000000000000, 0.000000000000000000, 1.000000000000000000 ) ) ;
#1971 = EDGE_CURVE ( 'NONE', #2057, #1118, #1016, .T. ) ;
#1972 = CARTESIAN_POINT ( 'NONE',  ( 52.75000000000000000, 30.99999999999999645, 7.249999999999999112 ) ) ;
#1973 = AXIS2_PLACEMENT_3D ( 'NONE', #97, #2200, #1032 ) ;
#1974 = ORIENTED_EDGE ( 'NONE', *, *, #5, .F. ) ;
#1975 = VECTOR ( 'NONE', #737, 1000.000000000000000 ) ;
#1976 = FACE_OUTER_BOUND ( 'NONE', #2264, .T. ) ;
#1977 = VECTOR ( 'NONE', #1099, 1000.000000000000000 ) ;
#1978 = DIRECTION ( 'NONE',  ( 0.000000000000000000, 0.000000000000000000, -1.000000000000000000 ) ) ;
#1979 = ORIENTED_EDGE ( 'NONE', *, *, #2217, .F. ) ;
#1980 = CARTESIAN_POINT ( 'NONE',  ( 4.999999999999997335, -6.071532165918824830E-15, 47.99999999999997868 ) ) ;
#1981 = DIRECTION ( 'NONE',  ( 0.000000000000000000, 0.000000000000000000, 1.000000000000000000 ) ) ;
#1982 = EDGE_LOOP ( 'NONE', ( #1746, #411, #2348, #570 ) ) ;
#1983 = ORIENTED_EDGE ( 'NONE', *, *, #2050, .T. ) ;
#1984 = CARTESIAN_POINT ( 'NONE',  ( 22.49999999999999289, 19.00000000000000355, 47.99999999999997868 ) ) ;
#1985 = EDGE_CURVE ( 'NONE', #1321, #320, #1021, .T. ) ;
#1986 = CARTESIAN_POINT ( 'NONE',  ( 60.00000000000000000, -1.734723475976807094E-15, 14.40000000000000213 ) ) ;
#1987 = EDGE_CURVE ( 'NONE', #1240, #238, #909, .T. ) ;
#1988 = ORIENTED_EDGE ( 'NONE', *, *, #1694, .F. ) ;
#1989 = EDGE_CURVE ( 'NONE', #1432, #1904, #718, .T. ) ;
#1990 = DIRECTION ( 'NONE',  ( 1.000000000000000000, -0.000000000000000000, -0.000000000000000000 ) ) ;
#1991 = DIRECTION ( 'NONE',  ( 0.000000000000000000, 0.000000000000000000, -1.000000000000000000 ) ) ;
#1992 = ORIENTED_EDGE ( 'NONE', *, *, #680, .T. ) ;
#1993 = DIRECTION ( 'NONE',  ( -1.000000000000000000, -0.000000000000000000, -4.869399230812090436E-16 ) ) ;
#1994 = LINE ( 'NONE', #1419, #206 ) ;
#1995 = EDGE_LOOP ( 'NONE', ( #589, #1216, #3, #818, #1383, #25, #400, #2360 ) ) ;
#1996 = ORIENTED_EDGE ( 'NONE', *, *, #976, .T. ) ;
#1997 = CARTESIAN_POINT ( 'NONE',  ( 4.999999999999997335, 5.999999999999993783, 34.69999999999999574 ) ) ;
#1998 = EDGE_CURVE ( 'NONE', #1145, #679, #1456, .T. ) ;
#1999 = LINE ( 'NONE', #854, #983 ) ;
#2000 = ORIENTED_EDGE ( 'NONE', *, *, #949, .F. ) ;
#2001 = DIRECTION ( 'NONE',  ( -1.239088197126291063E-16, 0.000000000000000000, 1.000000000000000000 ) ) ;
#2002 = CARTESIAN_POINT ( 'NONE',  ( 60.00000000000000000, 33.99999999999999289, 59.99999999999998579 ) ) ;
#2003 = EDGE_CURVE ( 'NONE', #529, #2352, #1314, .T. ) ;
#2004 = EDGE_LOOP ( 'NONE', ( #157, #1852, #437, #948 ) ) ;
#2005 = CARTESIAN_POINT ( 'NONE',  ( 47.99999999999999289, 18.99999999999999645, 47.99999999999997868 ) ) ;
#2006 = DIRECTION ( 'NONE',  ( -1.000000000000000000, 0.000000000000000000, -0.000000000000000000 ) ) ;
#2007 = EDGE_LOOP ( 'NONE', ( #54, #1678, #1881, #1451, #2371, #511, #877, #2384, #1376, #339, #2344 ) ) ;
#2008 = VERTEX_POINT ( 'NONE', #732 ) ;
#2009 = VECTOR ( 'NONE', #1030, 1000.000000000000000 ) ;
#2010 = CARTESIAN_POINT ( 'NONE',  ( 8.250000000000000000, 30.99999999999999645, 37.49999999999998579 ) ) ;
#2011 = PLANE ( 'NONE',  #1372 ) ;
#2012 = VERTEX_POINT ( 'NONE', #1655 ) ;
#2013 = VECTOR ( 'NONE', #1119, 1000.000000000000000 ) ;
#2014 = ADVANCED_FACE ( 'NONE', ( #899 ), #2019, .T. ) ;
#2015 = CARTESIAN_POINT ( 'NONE',  ( 12.00000000000000000, 19.00000000000000355, 57.99999999999999289 ) ) ;
#2016 = FACE_OUTER_BOUND ( 'NONE', #851, .T. ) ;
#2017 = AXIS2_PLACEMENT_3D ( 'NONE', #11, #1495, #207 ) ;
#2018 = VERTEX_POINT ( 'NONE', #371 ) ;
#2019 = PLANE ( 'NONE',  #163 ) ;
#2020 = AXIS2_PLACEMENT_3D ( 'NONE', #793, #2276, #2324 ) ;
#2021 = EDGE_CURVE ( 'NONE', #1506, #1552, #1482, .T. ) ;
#2022 = FACE_OUTER_BOUND ( 'NONE', #1093, .T. ) ;
#2023 = ORIENTED_EDGE ( 'NONE', *, *, #235, .F. ) ;
#2024 = VERTEX_POINT ( 'NONE', #1121 ) ;
#2025 = LINE ( 'NONE', #384, #608 ) ;
#2026 = ADVANCED_BREP_SHAPE_REPRESENTATION ( 'support capteur PV', ( #34, #2085 ), #399 ) ;
#2027 = CARTESIAN_POINT ( 'NONE',  ( 51.75000000000000000, 28.99999999999999645, 22.50000000000001066 ) ) ;
#2028 = DIRECTION ( 'NONE',  ( 0.7071067811865482389, -0.000000000000000000, -0.7071067811865469066 ) ) ;
#2029 = ORIENTED_EDGE ( 'NONE', *, *, #27, .T. ) ;
#2030 = ORIENTED_EDGE ( 'NONE', *, *, #1958, .T. ) ;
#2031 = DIRECTION ( 'NONE',  ( 0.000000000000000000, -0.000000000000000000, -1.000000000000000000 ) ) ;
#2032 = ORIENTED_EDGE ( 'NONE', *, *, #684, .F. ) ;
#2033 = EDGE_CURVE ( 'NONE', #1327, #1173, #317, .T. ) ;
#2034 = DIRECTION ( 'NONE',  ( -4.869399230812090436E-16, -0.000000000000000000, 1.000000000000000000 ) ) ;
#2035 = FACE_OUTER_BOUND ( 'NONE', #645, .T. ) ;
#2036 = VERTEX_POINT ( 'NONE', #2199 ) ;
#2037 = ORIENTED_EDGE ( 'NONE', *, *, #1465, .T. ) ;
#2038 = CARTESIAN_POINT ( 'NONE',  ( 4.999999999999997335, 1.999999999999997335, 16.40000000000000213 ) ) ;
#2039 = VECTOR ( 'NONE', #2262, 1000.000000000000000 ) ;
#2040 = EDGE_CURVE ( 'NONE', #2186, #2036, #137, .T. ) ;
#2041 = DIRECTION ( 'NONE',  ( 1.000000000000000000, -0.000000000000000000, 9.738798461624180871E-16 ) ) ;
#2042 = APPLICATION_PROTOCOL_DEFINITION ( 'draft international standard', 'automotive_design', 1998, #2376 ) ;
#2043 = VERTEX_POINT ( 'NONE', #934 ) ;
#2044 = FACE_OUTER_BOUND ( 'NONE', #1005, .T. ) ;
#2045 = ORIENTED_EDGE ( 'NONE', *, *, #1244, .T. ) ;
#2046 = CARTESIAN_POINT ( 'NONE',  ( 0.000000000000000000, 28.99999999999999645, 0.000000000000000000 ) ) ;
#2047 = CARTESIAN_POINT ( 'NONE',  ( 0.000000000000000000, 0.000000000000000000, 0.000000000000000000 ) ) ;
#2048 = DIRECTION ( 'NONE',  ( 1.000000000000000000, 0.000000000000000000, 0.000000000000000000 ) ) ;
#2049 = DIRECTION ( 'NONE',  ( -1.000000000000000000, -0.000000000000000000, -0.000000000000000000 ) ) ;
#2050 = EDGE_CURVE ( 'NONE', #2152, #1136, #2235, .T. ) ;
#2051 = VECTOR ( 'NONE', #1993, 1000.000000000000000 ) ;
#2052 = LINE ( 'NONE', #2243, #442 ) ;
#2053 = VECTOR ( 'NONE', #1129, 1000.000000000000000 ) ;
#2054 = EDGE_CURVE ( 'NONE', #2116, #1960, #1289, .T. ) ;
#2055 = ORIENTED_EDGE ( 'NONE', *, *, #761, .F. ) ;
#2056 = DIRECTION ( 'NONE',  ( 0.000000000000000000, -0.000000000000000000, 1.000000000000000000 ) ) ;
#2057 = VERTEX_POINT ( 'NONE', #517 ) ;
#2058 = FACE_OUTER_BOUND ( 'NONE', #956, .T. ) ;
#2059 = DIRECTION ( 'NONE',  ( 1.000000000000000000, 0.000000000000000000, -0.000000000000000000 ) ) ;
#2060 = AXIS2_PLACEMENT_3D ( 'NONE', #146, #1210, #1962 ) ;
#2061 = DIRECTION ( 'NONE',  ( -1.000000000000000000, -0.000000000000000000, -0.000000000000000000 ) ) ;
#2062 = VECTOR ( 'NONE', #1278, 1000.000000000000000 ) ;
#2063 = CARTESIAN_POINT ( 'NONE',  ( 7.249999999999999112, 33.99999999999999289, 52.75000000000000000 ) ) ;
#2064 = EDGE_CURVE ( 'NONE', #1013, #1288, #148, .T. ) ;
#2065 = EDGE_CURVE ( 'NONE', #1136, #2419, #1679, .T. ) ;
#2066 = EDGE_LOOP ( 'NONE', ( #1992, #722, #95, #1784 ) ) ;
#2067 = ORIENTED_EDGE ( 'NONE', *, *, #1971, .T. ) ;
#2068 = CARTESIAN_POINT ( 'NONE',  ( 49.99999999999999289, -7.372574772901430151E-15, 59.99999999999998579 ) ) ;
#2069 = EDGE_CURVE ( 'NONE', #1118, #596, #1096, .T. ) ;
#2070 = LINE ( 'NONE', #1471, #2326 ) ;
#2071 = CARTESIAN_POINT ( 'NONE',  ( 22.50000000000001066, 28.27024810886956629, 8.249999999999998224 ) ) ;
#2072 = DIRECTION ( 'NONE',  ( -1.000000000000000000, 0.000000000000000000, 0.000000000000000000 ) ) ;
#2073 = VERTEX_POINT ( 'NONE', #555 ) ;
#2074 = LINE ( 'NONE', #1090, #1227 ) ;
#2075 = ORIENTED_EDGE ( 'NONE', *, *, #2423, .T. ) ;
#2076 = ORIENTED_EDGE ( 'NONE', *, *, #594, .F. ) ;
#2077 = CARTESIAN_POINT ( 'NONE',  ( 12.00000000000000178, 108.1959594928933086, 47.99999999999999289 ) ) ;
#2078 = CARTESIAN_POINT ( 'NONE',  ( 0.000000000000000000, 33.99999999999999289, -15.10000000000000142 ) ) ;
#2079 = ADVANCED_FACE ( 'NONE', ( #2058 ), #356, .F. ) ;
#2080 = DIRECTION ( 'NONE',  ( -0.000000000000000000, 0.000000000000000000, -1.000000000000000000 ) ) ;
#2081 = ORIENTED_EDGE ( 'NONE', *, *, #637, .T. ) ;
#2082 = CARTESIAN_POINT ( 'NONE',  ( 22.50000000000000711, 28.99999999999999645, 15.37500000000000000 ) ) ;
#2083 = VECTOR ( 'NONE', #1055, 1000.000000000000000 ) ;
#2084 = ORIENTED_EDGE ( 'NONE', *, *, #1039, .T. ) ;
#2085 = AXIS2_PLACEMENT_3D ( 'NONE', #1464, #2220, #539 ) ;
#2086 = ORIENTED_EDGE ( 'NONE', *, *, #727, .F. ) ;
#2087 = EDGE_CURVE ( 'NONE', #283, #1416, #1841, .T. ) ;
#2088 = CARTESIAN_POINT ( 'NONE',  ( 48.00000000000000000, 18.99999999999998934, 12.00000000000000000 ) ) ;
#2089 = CARTESIAN_POINT ( 'NONE',  ( 0.000000000000000000, -3.000000000000000888, 5.000000000000000000 ) ) ;
#2090 = CARTESIAN_POINT ( 'NONE',  ( 37.49999999999999289, 28.99999999999999645, 51.75000000000000000 ) ) ;
#2091 = EDGE_CURVE ( 'NONE', #238, #615, #1494, .T. ) ;
#2092 = AXIS2_PLACEMENT_3D ( 'NONE', #1787, #106, #1628 ) ;
#2093 = ORIENTED_EDGE ( 'NONE', *, *, #2069, .T. ) ;
#2094 = VECTOR ( 'NONE', #2099, 1000.000000000000000 ) ;
#2095 = DIRECTION ( 'NONE',  ( 0.000000000000000000, -0.000000000000000000, -1.000000000000000000 ) ) ;
#2096 = VECTOR ( 'NONE', #759, 1000.000000000000000 ) ;
#2097 = ORIENTED_EDGE ( 'NONE', *, *, #1171, .F. ) ;
#2098 = VERTEX_POINT ( 'NONE', #1855 ) ;
#2099 = DIRECTION ( 'NONE',  ( 1.471283672476397192E-32, 1.000000000000000000, 0.000000000000000000 ) ) ;
#2100 = FACE_OUTER_BOUND ( 'NONE', #994, .T. ) ;
#2101 = ADVANCED_FACE ( 'NONE', ( #887 ), #174, .F. ) ;
#2102 = LINE ( 'NONE', #1931, #1806 ) ;
#2103 = CARTESIAN_POINT ( 'NONE',  ( 60.00000000000000000, -3.500000000000001776, 4.500000000000012434 ) ) ;
#2104 = VERTEX_POINT ( 'NONE', #1182 ) ;
#2105 = DIRECTION ( 'NONE',  ( -0.000000000000000000, 0.000000000000000000, -1.000000000000000000 ) ) ;
#2106 = EDGE_CURVE ( 'NONE', #662, #526, #1758, .T. ) ;
#2107 = LINE ( 'NONE', #1170, #1608 ) ;
#2108 = AXIS2_PLACEMENT_3D ( 'NONE', #778, #2048, #359 ) ;
#2109 = ORIENTED_EDGE ( 'NONE', *, *, #664, .T. ) ;
#2110 = AXIS2_PLACEMENT_3D ( 'NONE', #197, #1858, #1670 ) ;
#2111 = VERTEX_POINT ( 'NONE', #2133 ) ;
#2112 = DIRECTION ( 'NONE',  ( 1.000000000000000000, -0.000000000000000000, -0.000000000000000000 ) ) ;
#2113 = DIRECTION ( 'NONE',  ( -0.000000000000000000, 1.000000000000000000, -1.734723475976804136E-15 ) ) ;
#2114 = CARTESIAN_POINT ( 'NONE',  ( 2.000000000000005773, 19.00000000000000355, 11.99999999999999822 ) ) ;
#2115 = CARTESIAN_POINT ( 'NONE',  ( 61.96666666666668277, -5.466666666666621488, 10.46666666666661172 ) ) ;
#2116 = VERTEX_POINT ( 'NONE', #829 ) ;
#2117 = CARTESIAN_POINT ( 'NONE',  ( 52.75000000000000000, 33.99999999999999289, 52.75000000000000000 ) ) ;
#2118 = EDGE_CURVE ( 'NONE', #1054, #2194, #1728, .T. ) ;
#2119 = CARTESIAN_POINT ( 'NONE',  ( 37.49999999999999289, 28.99999999999999645, 44.62500000000000000 ) ) ;
#2120 = ADVANCED_FACE ( 'NONE', ( #636 ), #75, .F. ) ;
#2121 = ORIENTED_EDGE ( 'NONE', *, *, #1320, .F. ) ;
#2122 = AXIS2_PLACEMENT_3D ( 'NONE', #748, #710, #2204 ) ;
#2123 = VECTOR ( 'NONE', #160, 1000.000000000000000 ) ;
#2124 = DIRECTION ( 'NONE',  ( -0.000000000000000000, -1.734723475976805615E-16, 1.000000000000000000 ) ) ;
#2125 = DIRECTION ( 'NONE',  ( 0.000000000000000000, -5.782411586589356653E-16, 1.000000000000000000 ) ) ;
#2126 = CARTESIAN_POINT ( 'NONE',  ( 0.000000000000000000, 29.19999999999999218, -15.09999999999999964 ) ) ;
#2127 = DIRECTION ( 'NONE',  ( 0.7071067811865469066, 0.000000000000000000, 0.7071067811865481278 ) ) ;
#2128 = VERTEX_POINT ( 'NONE', #2119 ) ;
#2129 = CARTESIAN_POINT ( 'NONE',  ( 48.00000000000000000, 28.99999999999999645, 5.947623346206197105E-15 ) ) ;
#2130 = AXIS2_PLACEMENT_3D ( 'NONE', #118, #2174, #704 ) ;
#2131 = AXIS2_PLACEMENT_3D ( 'NONE', #2331, #703, #1440 ) ;
#2132 = EDGE_CURVE ( 'NONE', #2104, #650, #1850, .T. ) ;
#2133 = CARTESIAN_POINT ( 'NONE',  ( 15.37500000000000000, 30.99999999999999645, 22.49999999999999289 ) ) ;
#2134 = CIRCLE ( 'NONE', #955, 10.00000000000000178 ) ;
#2135 = ORIENTED_EDGE ( 'NONE', *, *, #1422, .F. ) ;
#2136 = CARTESIAN_POINT ( 'NONE',  ( 7.249999999999999112, 33.99999999999999289, 7.249999999999999112 ) ) ;
#2137 = LINE ( 'NONE', #2320, #1147 ) ;
#2138 = CARTESIAN_POINT ( 'NONE',  ( 44.62500000000000000, 28.99999999999999645, 22.50000000000000711 ) ) ;
#2139 = LINE ( 'NONE', #656, #1458 ) ;
#2140 = ORIENTED_EDGE ( 'NONE', *, *, #564, .T. ) ;
#2141 = PLANE ( 'NONE',  #486 ) ;
#2142 = DIRECTION ( 'NONE',  ( -0.000000000000000000, -0.000000000000000000, -1.000000000000000000 ) ) ;
#2143 = EDGE_LOOP ( 'NONE', ( #766, #2097, #306, #1950 ) ) ;
#2144 = EDGE_CURVE ( 'NONE', #73, #1836, #89, .T. ) ;
#2145 = CARTESIAN_POINT ( 'NONE',  ( 60.00000000000000000, -3.499999999999987566, 14.40000000000000213 ) ) ;
#2146 = DIRECTION ( 'NONE',  ( 0.000000000000000000, -1.000000000000000000, -5.782411586589356653E-16 ) ) ;
#2147 = VERTEX_POINT ( 'NONE', #1938 ) ;
#2148 = LINE ( 'NONE', #848, #396 ) ;
#2149 = EDGE_CURVE ( 'NONE', #1327, #596, #42, .T. ) ;
#2150 = CARTESIAN_POINT ( 'NONE',  ( 0.000000000000000000, -2.168404344971008868E-15, 14.40000000000000213 ) ) ;
#2151 = ORIENTED_EDGE ( 'NONE', *, *, #1756, .T. ) ;
#2152 = VERTEX_POINT ( 'NONE', #2068 ) ;
#2153 = DIRECTION ( 'NONE',  ( -0.7071067811865482389, -0.000000000000000000, 0.7071067811865469066 ) ) ;
#2154 = LINE ( 'NONE', #1411, #1731 ) ;
#2155 = ORIENTED_EDGE ( 'NONE', *, *, #349, .T. ) ;
#2156 = CARTESIAN_POINT ( 'NONE',  ( 12.00000000000000178, 18.99999999999999645, 47.99999999999997868 ) ) ;
#2157 = CARTESIAN_POINT ( 'NONE',  ( 22.49999999999998934, 28.99999999999999645, 51.75000000000000000 ) ) ;
#2158 = EDGE_LOOP ( 'NONE', ( #922, #1355, #1934, #1332, #548, #1150, #1057, #1429, #159, #657, #352, #1450, #796, #316, #193, #131 ) ) ;
#2159 = ADVANCED_FACE ( 'NONE', ( #53 ), #436, .T. ) ;
#2160 = LINE ( 'NONE', #1006, #77 ) ;
#2161 = AXIS2_PLACEMENT_3D ( 'NONE', #995, #1743, #1545 ) ;
#2162 = CARTESIAN_POINT ( 'NONE',  ( 12.00000000000000178, 28.99999999999999645, 47.99999999999997868 ) ) ;
#2163 = CARTESIAN_POINT ( 'NONE',  ( 2.000000000000000000, 1.999999999999993117, 57.99999999999997868 ) ) ;
#2164 = VECTOR ( 'NONE', #1091, 1000.000000000000000 ) ;
#2165 = ORIENTED_EDGE ( 'NONE', *, *, #960, .T. ) ;
#2166 = EDGE_CURVE ( 'NONE', #444, #140, #252, .T. ) ;
#2167 = CARTESIAN_POINT ( 'NONE',  ( 37.50000000000000711, 28.99999999999999645, 15.37500000000000000 ) ) ;
#2168 = CARTESIAN_POINT ( 'NONE',  ( 44.62500000000000000, 30.99999999999999645, 37.50000000000000711 ) ) ;
#2169 = VECTOR ( 'NONE', #1479, 1000.000000000000000 ) ;
#2170 = ORIENTED_EDGE ( 'NONE', *, *, #175, .F. ) ;
#2171 = CIRCLE ( 'NONE', #2131, 10.00000000000000178 ) ;
#2172 = CARTESIAN_POINT ( 'NONE',  ( 49.99999999999999289, 33.99999999999999289, 59.99999999999998579 ) ) ;
#2173 = VECTOR ( 'NONE', #52, 1000.000000000000000 ) ;
#2174 = DIRECTION ( 'NONE',  ( 1.000000000000000000, 0.000000000000000000, 0.000000000000000000 ) ) ;
#2175 = ORIENTED_EDGE ( 'NONE', *, *, #2239, .T. ) ;
#2176 = DIRECTION ( 'NONE',  ( 4.869399230812090436E-16, 0.000000000000000000, -1.000000000000000000 ) ) ;
#2177 = PLANE ( 'NONE',  #2208 ) ;
#2178 = ORIENTED_EDGE ( 'NONE', *, *, #550, .F. ) ;
#2179 = ORIENTED_EDGE ( 'NONE', *, *, #2106, .T. ) ;
#2180 = DIRECTION ( 'NONE',  ( -2.736911063134408342E-48, -1.000000000000000000, -1.187392209762482313E-16 ) ) ;
#2181 = DIRECTION ( 'NONE',  ( -1.000000000000000000, -0.000000000000000000, -0.000000000000000000 ) ) ;
#2182 = ORIENTED_EDGE ( 'NONE', *, *, #1277, .T. ) ;
#2183 = ADVANCED_FACE ( 'NONE', ( #1882 ), #1737, .T. ) ;
#2184 = CARTESIAN_POINT ( 'NONE',  ( 12.00000000000000533, 18.99999999999998934, 12.00000000000000000 ) ) ;
#2185 = CARTESIAN_POINT ( 'NONE',  ( 60.00000000000000000, -1.999999999999987121, 14.40000000000000213 ) ) ;
#2186 = VERTEX_POINT ( 'NONE', #226 ) ;
#2187 = CARTESIAN_POINT ( 'NONE',  ( 12.00000000000000533, 2.000000000000003109, 1.999999999999997113 ) ) ;
#2188 = DIRECTION ( 'NONE',  ( 0.5773502691896360561, -0.5773502691896200689, -0.5773502691896210681 ) ) ;
#2189 = ORIENTED_EDGE ( 'NONE', *, *, #714, .F. ) ;
#2190 = ORIENTED_EDGE ( 'NONE', *, *, #1217, .F. ) ;
#2191 = DIRECTION ( 'NONE',  ( 1.000000000000000000, 0.000000000000000000, -0.000000000000000000 ) ) ;
#2192 = CARTESIAN_POINT ( 'NONE',  ( 8.250000000000000000, 28.99999999999999645, 22.49999999999998934 ) ) ;
#2193 = EDGE_CURVE ( 'NONE', #1960, #2012, #2107, .T. ) ;
#2194 = VERTEX_POINT ( 'NONE', #1584 ) ;
#2195 = ADVANCED_FACE ( 'NONE', ( #1748 ), #1206, .F. ) ;
#2196 = CARTESIAN_POINT ( 'NONE',  ( 59.50000000000000000, -8.673617379884035472E-16, 8.000000000000001776 ) ) ;
#2197 = PLANE ( 'NONE',  #1072 ) ;
#2198 = ORIENTED_EDGE ( 'NONE', *, *, #1583, .F. ) ;
#2199 = CARTESIAN_POINT ( 'NONE',  ( 58.00000000000000000, 19.00000000000000355, 12.00000000000000178 ) ) ;
#2200 = DIRECTION ( 'NONE',  ( 0.000000000000000000, -1.187392209762482313E-16, 1.000000000000000000 ) ) ;
#2201 = VERTEX_POINT ( 'NONE', #380 ) ;
#2202 = ORIENTED_EDGE ( 'NONE', *, *, #1879, .F. ) ;
#2203 = CIRCLE ( 'NONE', #674, 2.000000000000000000 ) ;
#2204 = DIRECTION ( 'NONE',  ( -1.000000000000000000, 0.000000000000000000, -3.469446951953613696E-16 ) ) ;
#2205 = CARTESIAN_POINT ( 'NONE',  ( 59.50000000000000000, -3.000000000000000888, 8.000000000000000000 ) ) ;
#2206 = ORIENTED_EDGE ( 'NONE', *, *, #1089, .T. ) ;
#2207 = ADVANCED_FACE ( 'NONE', ( #1195 ), #660, .F. ) ;
#2208 = AXIS2_PLACEMENT_3D ( 'NONE', #492, #305, #123 ) ;
#2209 = ORIENTED_EDGE ( 'NONE', *, *, #1830, .F. ) ;
#2210 = LINE ( 'NONE', #1428, #1612 ) ;
#2211 = AXIS2_PLACEMENT_3D ( 'NONE', #375, #165, #1308 ) ;
#2212 = VERTEX_POINT ( 'NONE', #973 ) ;
#2213 = DIRECTION ( 'NONE',  ( 0.000000000000000000, -1.000000000000000000, 0.000000000000000000 ) ) ;
#2214 = VECTOR ( 'NONE', #2, 1000.000000000000000 ) ;
#2215 = FACE_OUTER_BOUND ( 'NONE', #1421, .T. ) ;
#2216 = DIRECTION ( 'NONE',  ( -1.000000000000000000, -0.000000000000000000, -0.000000000000000000 ) ) ;
#2217 = EDGE_CURVE ( 'NONE', #1626, #1534, #40, .T. ) ;
#2218 = CARTESIAN_POINT ( 'NONE',  ( 7.249999999999999112, 33.99999999999999289, 7.249999999999999112 ) ) ;
#2219 = CARTESIAN_POINT ( 'NONE',  ( 22.50000000000000711, 28.99999999999999645, 15.37500000000000000 ) ) ;
#2220 = DIRECTION ( 'NONE',  ( 0.000000000000000000, 0.000000000000000000, 1.000000000000000000 ) ) ;
#2221 = ORIENTED_EDGE ( 'NONE', *, *, #311, .F. ) ;
#2222 = LINE ( 'NONE', #171, #602 ) ;
#2223 = ORIENTED_EDGE ( 'NONE', *, *, #1390, .F. ) ;
#2224 = DIRECTION ( 'NONE',  ( 0.000000000000000000, -0.000000000000000000, -1.000000000000000000 ) ) ;
#2225 = EDGE_CURVE ( 'NONE', #2256, #1704, #1354, .T. ) ;
#2226 = DIRECTION ( 'NONE',  ( 2.736911063134408342E-48, 1.000000000000000000, 1.187392209762482313E-16 ) ) ;
#2227 = ORIENTED_EDGE ( 'NONE', *, *, #2040, .T. ) ;
#2228 = LINE ( 'NONE', #374, #39 ) ;
#2229 = ADVANCED_FACE ( 'NONE', ( #1012 ), #2402, .F. ) ;
#2230 = CARTESIAN_POINT ( 'NONE',  ( 12.00000000000000178, 19.00000000000000355, 47.99999999999997868 ) ) ;
#2231 = DIRECTION ( 'NONE',  ( 0.000000000000000000, 0.000000000000000000, 1.000000000000000000 ) ) ;
#2232 = ORIENTED_EDGE ( 'NONE', *, *, #1453, .T. ) ;
#2233 = DIRECTION ( 'NONE',  ( 0.000000000000000000, -1.236370898448383123E-16, 1.000000000000000000 ) ) ;
#2234 = ORIENTED_EDGE ( 'NONE', *, *, #2423, .F. ) ;
#2235 = LINE ( 'NONE', #545, #1849 ) ;
#2236 = PLANE ( 'NONE',  #325 ) ;
#2237 = DIRECTION ( 'NONE',  ( -1.000000000000000000, -0.000000000000000000, -0.000000000000000000 ) ) ;
#2238 = ORIENTED_EDGE ( 'NONE', *, *, #1971, .F. ) ;
#2239 = EDGE_CURVE ( 'NONE', #1552, #444, #2154, .T. ) ;
#2240 = LINE ( 'NONE', #335, #527 ) ;
#2241 = VECTOR ( 'NONE', #1908, 1000.000000000000000 ) ;
#2242 = EDGE_CURVE ( 'NONE', #1600, #974, #1049, .T. ) ;
#2243 = CARTESIAN_POINT ( 'NONE',  ( 60.00000000000000000, -4.000000000000000000, 0.000000000000000000 ) ) ;
#2244 = EDGE_CURVE ( 'NONE', #2008, #2043, #867, .T. ) ;
#2245 = ORIENTED_EDGE ( 'NONE', *, *, #2298, .F. ) ;
#2246 = CARTESIAN_POINT ( 'NONE',  ( 47.99999999999999289, 2.000000000000001776, 47.99999999999997868 ) ) ;
#2247 = VERTEX_POINT ( 'NONE', #338 ) ;
#2248 = AXIS2_PLACEMENT_3D ( 'NONE', #2261, #2424, #2059 ) ;
#2249 = CARTESIAN_POINT ( 'NONE',  ( 37.49999999999999289, 28.27024810886957340, 51.75000000000000000 ) ) ;
#2250 = CARTESIAN_POINT ( 'NONE',  ( 52.75000000000000000, 30.99999999999999645, 7.249999999999999112 ) ) ;
#2251 = VECTOR ( 'NONE', #832, 1000.000000000000000 ) ;
#2252 = DIRECTION ( 'NONE',  ( -1.471283672476397192E-32, -1.000000000000000000, 0.000000000000000000 ) ) ;
#2253 = EDGE_LOOP ( 'NONE', ( #1412, #1298, #1018, #508 ) ) ;
#2254 = CARTESIAN_POINT ( 'NONE',  ( 0.000000000000000000, 28.99999999999999645, 47.99999999999997868 ) ) ;
#2255 = AXIS2_PLACEMENT_3D ( 'NONE', #1194, #1559, #224 ) ;
#2256 = VERTEX_POINT ( 'NONE', #2205 ) ;
#2257 = LINE ( 'NONE', #1487, #1698 ) ;
#2258 = EDGE_CURVE ( 'NONE', #1145, #776, #2280, .T. ) ;
#2259 = ORIENTED_EDGE ( 'NONE', *, *, #2242, .F. ) ;
#2260 = ORIENTED_EDGE ( 'NONE', *, *, #1083, .T. ) ;
#2261 = CARTESIAN_POINT ( 'NONE',  ( 37.49999999999999289, 28.99999999999999645, 51.75000000000000000 ) ) ;
#2262 = DIRECTION ( 'NONE',  ( -0.000000000000000000, -1.000000000000000000, -0.000000000000000000 ) ) ;
#2263 = CARTESIAN_POINT ( 'NONE',  ( 2.000000000000001332, 1.999999999999988010, 47.99999999999997868 ) ) ;
#2264 = EDGE_LOOP ( 'NONE', ( #963, #1771, #1805, #493 ) ) ;
#2265 = CARTESIAN_POINT ( 'NONE',  ( 7.249999999999999112, 30.99999999999999645, 52.75000000000000000 ) ) ;
#2266 = DIRECTION ( 'NONE',  ( -1.000000000000000000, -0.000000000000000000, -0.000000000000000000 ) ) ;
#2267 = EDGE_CURVE ( 'NONE', #249, #795, #155, .T. ) ;
#2268 = VECTOR ( 'NONE', #2216, 1000.000000000000000 ) ;
#2269 = EDGE_LOOP ( 'NONE', ( #933, #1211, #1234, #1058 ) ) ;
#2270 = EDGE_CURVE ( 'NONE', #1196, #1288, #297, .T. ) ;
#2271 = ORIENTED_EDGE ( 'NONE', *, *, #91, .F. ) ;
#2272 = DIRECTION ( 'NONE',  ( -1.000000000000000000, -0.000000000000000000, -0.000000000000000000 ) ) ;
#2273 = CARTESIAN_POINT ( 'NONE',  ( 37.50000000000000711, 28.99999999999999645, 15.37500000000000000 ) ) ;
#2274 = FACE_OUTER_BOUND ( 'NONE', #2004, .T. ) ;
#2275 = ORIENTED_EDGE ( 'NONE', *, *, #91, .T. ) ;
#2276 = DIRECTION ( 'NONE',  ( 0.000000000000000000, 0.000000000000000000, 1.000000000000000000 ) ) ;
#2277 = VECTOR ( 'NONE', #1430, 1000.000000000000000 ) ;
#2278 = EDGE_CURVE ( 'NONE', #1907, #1173, #2351, .T. ) ;
#2279 = VERTEX_POINT ( 'NONE', #2377 ) ;
#2280 = CIRCLE ( 'NONE', #1531, 3.499999999999999556 ) ;
#2281 = EDGE_LOOP ( 'NONE', ( #107, #2151, #8, #1230, #1179, #1871, #1637, #425, #2170, #580 ) ) ;
#2282 = CARTESIAN_POINT ( 'NONE',  ( 4.999999999999997335, -6.136203874453046338E-15, 16.40000000000000568 ) ) ;
#2283 = DIRECTION ( 'NONE',  ( 0.000000000000000000, -1.444447458290427547E-31, 1.000000000000000000 ) ) ;
#2284 = VECTOR ( 'NONE', #2113, 1000.000000000000000 ) ;
#2285 = CARTESIAN_POINT ( 'NONE',  ( 48.00000000000000000, 19.00000000000000355, 12.00000000000000000 ) ) ;
#2286 = AXIS2_PLACEMENT_3D ( 'NONE', #1382, #1201, #1764 ) ;
#2287 = FACE_OUTER_BOUND ( 'NONE', #1082, .T. ) ;
#2288 = ORIENTED_EDGE ( 'NONE', *, *, #1985, .F. ) ;
#2289 = AXIS2_PLACEMENT_3D ( 'NONE', #2230, #928, #551 ) ;
#2290 = CARTESIAN_POINT ( 'NONE',  ( 49.99999999999999289, 33.99999999999999289, 49.99999999999997868 ) ) ;
#2291 = AXIS2_PLACEMENT_3D ( 'NONE', #2027, #1646, #2105 ) ;
#2292 = ORIENTED_EDGE ( 'NONE', *, *, #336, .F. ) ;
#2293 = DIRECTION ( 'NONE',  ( 0.000000000000000000, -2.046573054880439231E-18, -1.000000000000000000 ) ) ;
#2294 = ORIENTED_EDGE ( 'NONE', *, *, #349, .F. ) ;
#2295 = ORIENTED_EDGE ( 'NONE', *, *, #528, .F. ) ;
#2296 = SPHERICAL_SURFACE ( 'NONE', #569, 10.00000000000000000 ) ;
#2297 = CARTESIAN_POINT ( 'NONE',  ( 10.00000000000000178, -6.136203874453046338E-15, 49.99999999999997868 ) ) ;
#2298 = EDGE_CURVE ( 'NONE', #754, #683, #102, .T. ) ;
#2299 = DIRECTION ( 'NONE',  ( 0.000000000000000000, -1.084202172485504311E-16, 1.000000000000000000 ) ) ;
#2300 = LINE ( 'NONE', #431, #952 ) ;
#2301 = ORIENTED_EDGE ( 'NONE', *, *, #2087, .T. ) ;
#2302 = EDGE_CURVE ( 'NONE', #1526, #1926, #1243, .T. ) ;
#2303 = DIRECTION ( 'NONE',  ( 0.000000000000000000, -1.257045997084642611E-16, 1.000000000000000000 ) ) ;
#2304 = DIRECTION ( 'NONE',  ( 0.000000000000000000, 0.000000000000000000, -1.000000000000000000 ) ) ;
#2305 = ORIENTED_EDGE ( 'NONE', *, *, #1722, .T. ) ;
#2306 = SPHERICAL_SURFACE ( 'NONE', #1898, 10.00000000000000000 ) ;
#2307 = LINE ( 'NONE', #1004, #280 ) ;
#2308 = LINE ( 'NONE', #1157, #2241 ) ;
#2309 = DIRECTION ( 'NONE',  ( -0.7071067811865481278, 0.000000000000000000, 0.7071067811865469066 ) ) ;
#2310 = ORIENTED_EDGE ( 'NONE', *, *, #1783, .F. ) ;
#2311 = EDGE_CURVE ( 'NONE', #420, #1120, #1999, .T. ) ;
#2312 = LINE ( 'NONE', #2129, #802 ) ;
#2313 = ADVANCED_FACE ( 'NONE', ( #882 ), #309, .F. ) ;
#2314 = DIRECTION ( 'NONE',  ( 0.7071067811865366926, 4.088782444489060317E-16, -0.7071067811865584529 ) ) ;
#2315 = VERTEX_POINT ( 'NONE', #1972 ) ;
#2316 = EDGE_CURVE ( 'NONE', #781, #342, #1397, .T. ) ;
#2317 = CIRCLE ( 'NONE', #1449, 10.00000000000000000 ) ;
#2318 = VECTOR ( 'NONE', #2142, 1000.000000000000000 ) ;
#2319 = CARTESIAN_POINT ( 'NONE',  ( 12.00000000000000711, 28.99999999999999645, 1.486905836551550262E-15 ) ) ;
#2320 = CARTESIAN_POINT ( 'NONE',  ( 4.999999999999997335, 5.999999999999994671, 29.69999999999998863 ) ) ;
#2321 = CARTESIAN_POINT ( 'NONE',  ( 0.000000000000000000, 29.19999999999999218, -10.09999999999999787 ) ) ;
#2322 = PLANE ( 'NONE',  #1111 ) ;
#2323 = ORIENTED_EDGE ( 'NONE', *, *, #1117, .F. ) ;
#2324 = DIRECTION ( 'NONE',  ( 1.000000000000000000, 0.000000000000000000, -0.000000000000000000 ) ) ;
#2325 = VECTOR ( 'NONE', #1920, 1000.000000000000000 ) ;
#2326 = VECTOR ( 'NONE', #913, 1000.000000000000000 ) ;
#2327 = CARTESIAN_POINT ( 'NONE',  ( 12.00000000000000178, 2.000000000000001776, 47.99999999999997868 ) ) ;
#2328 = VECTOR ( 'NONE', #2180, 1000.000000000000000 ) ;
#2329 = ORIENTED_EDGE ( 'NONE', *, *, #1570, .F. ) ;
#2330 = EDGE_CURVE ( 'NONE', #776, #2008, #1835, .T. ) ;
#2331 = CARTESIAN_POINT ( 'NONE',  ( 12.00000000000000178, 19.00000000000000355, 47.99999999999997868 ) ) ;
#2332 = PLANE ( 'NONE',  #661 ) ;
#2333 = DIRECTION ( 'NONE',  ( 1.000000000000000000, 0.000000000000000000, -0.000000000000000000 ) ) ;
#2334 = CARTESIAN_POINT ( 'NONE',  ( 12.00000000000000533, 2.000000000000001776, 11.99999999999999822 ) ) ;
#2335 = ORIENTED_EDGE ( 'NONE', *, *, #239, .F. ) ;
#2336 = ORIENTED_EDGE ( 'NONE', *, *, #2225, .F. ) ;
#2337 = CARTESIAN_POINT ( 'NONE',  ( 0.000000000000000000, -6.136203874453046338E-15, 49.99999999999997868 ) ) ;
#2338 = CARTESIAN_POINT ( 'NONE',  ( 60.00000000000000000, -7.372574772901430151E-15, 59.99999999999998579 ) ) ;
#2339 = ORIENTED_EDGE ( 'NONE', *, *, #949, .T. ) ;
#2340 = EDGE_CURVE ( 'NONE', #140, #2147, #2389, .T. ) ;
#2341 = CARTESIAN_POINT ( 'NONE',  ( 7.249999999999999112, 30.99999999999999645, 7.249999999999999112 ) ) ;
#2342 = DIRECTION ( 'NONE',  ( 2.736911063134408342E-48, 1.000000000000000000, 1.187392209762482313E-16 ) ) ;
#2343 = ADVANCED_FACE ( 'NONE', ( #1255 ), #2011, .T. ) ;
#2344 = ORIENTED_EDGE ( 'NONE', *, *, #561, .F. ) ;
#2345 = DIRECTION ( 'NONE',  ( -0.000000000000000000, 1.000000000000000000, -0.000000000000000000 ) ) ;
#2346 = STYLED_ITEM ( 'NONE', ( #1229 ), #34 ) ;
#2347 = PLANE ( 'NONE',  #1341 ) ;
#2348 = ORIENTED_EDGE ( 'NONE', *, *, #783, .F. ) ;
#2349 = VERTEX_POINT ( 'NONE', #324 ) ;
#2350 = PLANE ( 'NONE',  #646 ) ;
#2351 = LINE ( 'NONE', #2362, #360 ) ;
#2352 = VERTEX_POINT ( 'NONE', #1233 ) ;
#2353 = DIRECTION ( 'NONE',  ( 1.000000000000000000, 0.000000000000000000, 0.000000000000000000 ) ) ;
#2354 = VECTOR ( 'NONE', #2411, 1000.000000000000000 ) ;
#2355 = FACE_OUTER_BOUND ( 'NONE', #1715, .T. ) ;
#2356 = ORIENTED_EDGE ( 'NONE', *, *, #2003, .T. ) ;
#2357 = DIRECTION ( 'NONE',  ( 0.000000000000000000, 0.000000000000000000, -1.000000000000000000 ) ) ;
#2358 = AXIS2_PLACEMENT_3D ( 'NONE', #1647, #699, #510 ) ;
#2359 = CARTESIAN_POINT ( 'NONE',  ( 60.00000000000000000, -1.500000000000000444, 0.000000000000000000 ) ) ;
#2360 = ORIENTED_EDGE ( 'NONE', *, *, #19, .F. ) ;
#2361 = DIRECTION ( 'NONE',  ( -1.000000000000000000, 0.000000000000000000, -0.000000000000000000 ) ) ;
#2362 = CARTESIAN_POINT ( 'NONE',  ( 4.999999999999997335, 1.999999999999997335, 16.40000000000000213 ) ) ;
#2363 = AXIS2_PLACEMENT_3D ( 'NONE', #2334, #1008, #1754 ) ;
#2364 = ORIENTED_EDGE ( 'NONE', *, *, #609, .F. ) ;
#2365 = VECTOR ( 'NONE', #392, 1000.000000000000000 ) ;
#2366 = CARTESIAN_POINT ( 'NONE',  ( 44.62500000000000000, 28.99999999999999645, 37.50000000000000711 ) ) ;
#2367 = FACE_OUTER_BOUND ( 'NONE', #1507, .T. ) ;
#2368 = VERTEX_POINT ( 'NONE', #1271 ) ;
#2369 = LINE ( 'NONE', #1601, #1177 ) ;
#2370 = DIRECTION ( 'NONE',  ( -0.000000000000000000, 0.000000000000000000, 1.000000000000000000 ) ) ;
#2371 = ORIENTED_EDGE ( 'NONE', *, *, #2069, .F. ) ;
#2372 = ORIENTED_EDGE ( 'NONE', *, *, #1292, .T. ) ;
#2373 = EDGE_CURVE ( 'NONE', #2385, #781, #286, .T. ) ;
#2374 = PLANE ( 'NONE',  #1774 ) ;
#2375 = EDGE_CURVE ( 'NONE', #1967, #1159, #485, .T. ) ;
#2376 = APPLICATION_CONTEXT ( 'automotive_design' ) ;
#2377 = CARTESIAN_POINT ( 'NONE',  ( 60.00000000000000000, 29.19999999999999218, -15.09999999999999964 ) ) ;
#2378 = ORIENTED_EDGE ( 'NONE', *, *, #1694, .T. ) ;
#2379 = CARTESIAN_POINT ( 'NONE',  ( 37.50000000000000711, 30.99999999999999645, 8.250000000000000000 ) ) ;
#2380 = PLANE ( 'NONE',  #1265 ) ;
#2381 = EDGE_LOOP ( 'NONE', ( #1339, #253, #942, #531 ) ) ;
#2382 = CARTESIAN_POINT ( 'NONE',  ( 47.99999999999999289, 19.00000000000000355, 57.99999999999999289 ) ) ;
#2383 = CARTESIAN_POINT ( 'NONE',  ( 8.250000000000000000, 28.27024810886958051, 37.49999999999998579 ) ) ;
#2384 = ORIENTED_EDGE ( 'NONE', *, *, #2132, .T. ) ;
#2385 = VERTEX_POINT ( 'NONE', #398 ) ;
#2386 = CARTESIAN_POINT ( 'NONE',  ( 58.66666666666665719, -0.8333333333333182713, 7.166666666666684726 ) ) ;
#2387 = EDGE_CURVE ( 'NONE', #683, #886, #365, .T. ) ;
#2388 = CLOSED_SHELL ( 'NONE', ( #2343, #2159, #2014, #939, #265, #582, #421, #484, #1282, #449, #2120, #2229, #893, #2313, #774, #1348, #831, #648, #1702, #1310, #1505, #225, #2207, #407, #389, #347, #1530, #2195, #1542, #757, #216, #1258, #1330, #1363, #1796, #1944, #1387, #1322, #1338, #195, #1481, #842, #315, #579, #743, #1424, #378, #712, #115, #880, #688, #2428, #824, #1246, #1863, #1064, #2101, #1486, #1711, #1114, #1002, #1022, #1832, #1867, #210, #1752, #2183, #1144, #603, #423, #2079, #1501, #376, #453, #496, #856, #653, #1053 ) ) ;
#2389 = LINE ( 'NONE', #2168, #203 ) ;
#2390 = EDGE_LOOP ( 'NONE', ( #1522, #379, #2190, #1688, #2275 ) ) ;
#2391 = ORIENTED_EDGE ( 'NONE', *, *, #1352, .T. ) ;
#2392 = DIRECTION ( 'NONE',  ( -1.000000000000000000, 0.000000000000000000, -0.000000000000000000 ) ) ;
#2393 = EDGE_LOOP ( 'NONE', ( #2037, #1137, #830, #2030 ) ) ;
#2394 = DIRECTION ( 'NONE',  ( -4.869399230812089449E-16, -0.000000000000000000, 1.000000000000000000 ) ) ;
#2395 = DIRECTION ( 'NONE',  ( 2.736911063134408342E-48, 1.000000000000000000, 1.187392209762482313E-16 ) ) ;
#2396 = LINE ( 'NONE', #1632, #663 ) ;
#2397 = ORIENTED_EDGE ( 'NONE', *, *, #2375, .F. ) ;
#2398 = AXIS2_PLACEMENT_3D ( 'NONE', #96, #120, #668 ) ;
#2399 = DIRECTION ( 'NONE',  ( 1.000000000000000000, -0.000000000000000000, -0.000000000000000000 ) ) ;
#2400 = AXIS2_PLACEMENT_3D ( 'NONE', #2327, #237, #424 ) ;
#2401 = LINE ( 'NONE', #2265, #1816 ) ;
#2402 = PLANE ( 'NONE',  #1808 ) ;
#2403 = VECTOR ( 'NONE', #1175, 1000.000000000000000 ) ;
#2404 = EDGE_CURVE ( 'NONE', #795, #173, #1865, .T. ) ;
#2405 = AXIS2_PLACEMENT_3D ( 'NONE', #1813, #1414, #1978 ) ;
#2406 = ORIENTED_EDGE ( 'NONE', *, *, #2054, .F. ) ;
#2407 = DIRECTION ( 'NONE',  ( 0.000000000000000000, 1.734723475976805862E-16, -1.000000000000000000 ) ) ;
#2408 = AXIS2_PLACEMENT_3D ( 'NONE', #2088, #639, #416 ) ;
#2409 = EDGE_CURVE ( 'NONE', #2036, #1327, #1674, .T. ) ;
#2410 = ORIENTED_EDGE ( 'NONE', *, *, #564, .F. ) ;
#2411 = DIRECTION ( 'NONE',  ( -0.000000000000000000, 1.000000000000000000, -0.000000000000000000 ) ) ;
#2412 = VECTOR ( 'NONE', #1672, 1000.000000000000000 ) ;
#2413 = LINE ( 'NONE', #557, #724 ) ;
#2414 = LINE ( 'NONE', #2089, #2039 ) ;
#2415 = ORIENTED_EDGE ( 'NONE', *, *, #1171, .T. ) ;
#2416 = LINE ( 'NONE', #947, #728 ) ;
#2417 = DIRECTION ( 'NONE',  ( 0.000000000000000000, 1.734723475976805615E-16, -1.000000000000000000 ) ) ;
#2418 = EDGE_CURVE ( 'NONE', #679, #2008, #518, .T. ) ;
#2419 = VERTEX_POINT ( 'NONE', #1700 ) ;
#2420 = PLANE ( 'NONE',  #402 ) ;
#2421 = ORIENTED_EDGE ( 'NONE', *, *, #2311, .T. ) ;
#2422 = CARTESIAN_POINT ( 'NONE',  ( 52.75000000000000000, 33.99999999999999289, 52.75000000000000000 ) ) ;
#2423 = EDGE_CURVE ( 'NONE', #20, #697, #951, .T. ) ;
#2424 = DIRECTION ( 'NONE',  ( 0.000000000000000000, 0.000000000000000000, 1.000000000000000000 ) ) ;
#2425 = LINE ( 'NONE', #1154, #1833 ) ;
#2426 = ORIENTED_EDGE ( 'NONE', *, *, #1117, .T. ) ;
#2427 = CARTESIAN_POINT ( 'NONE',  ( 12.00000000000000533, 108.1959594928933228, 12.00000000000001066 ) ) ;
#2428 = ADVANCED_FACE ( 'NONE', ( #552 ), #191, .F. ) ;
#2429 = DIRECTION ( 'NONE',  ( -1.000000000000000000, 0.000000000000000000, -0.000000000000000000 ) ) ;
#2430 = ORIENTED_EDGE ( 'NONE', *, *, #1007, .F. ) ;
#2431 = CARTESIAN_POINT ( 'NONE',  ( 12.00000000000000355, 28.99999999999999645, 37.49999999999999289 ) ) ;
#2432 = ORIENTED_EDGE ( 'NONE', *, *, #680, .F. ) ;
#2433 = CARTESIAN_POINT ( 'NONE',  ( 2.000000000000007105, 1.999999999999999556, 1.999999999999997113 ) ) ;
#2434 = DIRECTION ( 'NONE',  ( 0.000000000000000000, 0.000000000000000000, 1.000000000000000000 ) ) ;
ENDSEC;
END-ISO-10303-21;
