ISO-10303-21;
HEADER;
FILE_DESCRIPTION (( 'STEP AP214' ),
    '1' );
FILE_NAME ('trappe de maintenance.STEP',
    '2025-10-09T11:08:17',
    ( '' ),
    ( '' ),
    'SwSTEP 2.0',
    'SolidWorks 2023',
    '' );
FILE_SCHEMA (( 'AUTOMOTIVE_DESIGN' ));
ENDSEC;

DATA;
#1 = DIRECTION ( 'NONE',  ( 0.000000000000000000, 0.000000000000000000, 1.000000000000000000 ) ) ;
#2 = CARTESIAN_POINT ( 'NONE',  ( 18.25000000000000000, 7.000000000000005329, -0.5000000000000000000 ) ) ;
#3 = ORIENTED_EDGE ( 'NONE', *, *, #600, .T. ) ;
#4 = DIRECTION ( 'NONE',  ( -1.000000000000000000, 0.000000000000000000, 0.000000000000000000 ) ) ;
#5 = PLANE ( 'NONE',  #1242 ) ;
#6 = ORIENTED_EDGE ( 'NONE', *, *, #1323, .T. ) ;
#7 = ADVANCED_FACE ( 'NONE', ( #412 ), #23, .T. ) ;
#8 = AXIS2_PLACEMENT_3D ( 'NONE', #1467, #735, #379 ) ;
#9 = CARTESIAN_POINT ( 'NONE',  ( 11.75000000000000000, 3.500000000000001332, -2.000000000000000000 ) ) ;
#10 = VERTEX_POINT ( 'NONE', #1394 ) ;
#11 = AXIS2_PLACEMENT_3D ( 'NONE', #1182, #86, #572 ) ;
#12 = VECTOR ( 'NONE', #4, 1000.000000000000000 ) ;
#13 = PLANE ( 'NONE',  #720 ) ;
#14 = VERTEX_POINT ( 'NONE', #1480 ) ;
#15 = LINE ( 'NONE', #1243, #1366 ) ;
#16 = ORIENTED_EDGE ( 'NONE', *, *, #1508, .F. ) ;
#17 = ADVANCED_FACE ( 'NONE', ( #1369 ), #155, .T. ) ;
#18 = CARTESIAN_POINT ( 'NONE',  ( 18.24999999999999645, 3.500000000000002220, -2.000000000000000000 ) ) ;
#19 = LINE ( 'NONE', #359, #540 ) ;
#20 = DIRECTION ( 'NONE',  ( -1.000000000000000000, 0.000000000000000000, -0.000000000000000000 ) ) ;
#21 = ORIENTED_EDGE ( 'NONE', *, *, #715, .T. ) ;
#22 = DIRECTION ( 'NONE',  ( 1.000000000000000000, 0.000000000000000000, 0.000000000000000000 ) ) ;
#23 = PLANE ( 'NONE',  #1503 ) ;
#24 = CARTESIAN_POINT ( 'NONE',  ( 0.9999999999999997780, 2.000000000000000000, 51.00000000000000000 ) ) ;
#25 = ORIENTED_EDGE ( 'NONE', *, *, #1553, .T. ) ;
#26 = ADVANCED_FACE ( 'NONE', ( #755 ), #1274, .F. ) ;
#27 = LINE ( 'NONE', #35, #414 ) ;
#28 = ORIENTED_EDGE ( 'NONE', *, *, #686, .T. ) ;
#29 = ADVANCED_FACE ( 'NONE', ( #331 ), #1288, .T. ) ;
#30 = CARTESIAN_POINT ( 'NONE',  ( 31.50000000000000000, 4.099999999999999645, 53.00000000000000000 ) ) ;
#31 = DIRECTION ( 'NONE',  ( -1.000000000000000000, 0.000000000000000000, -1.387778780781445676E-15 ) ) ;
#32 = FACE_OUTER_BOUND ( 'NONE', #510, .T. ) ;
#33 = ORIENTED_EDGE ( 'NONE', *, *, #1042, .F. ) ;
#34 = AXIS2_PLACEMENT_3D ( 'NONE', #1493, #767, #305 ) ;
#35 = CARTESIAN_POINT ( 'NONE',  ( 11.75000000000000000, 0.5000000000000033307, 0.000000000000000000 ) ) ;
#36 = ORIENTED_EDGE ( 'NONE', *, *, #102, .F. ) ;
#37 = VECTOR ( 'NONE', #987, 1000.000000000000000 ) ;
#38 = EDGE_CURVE ( 'NONE', #768, #14, #1419, .T. ) ;
#39 = LINE ( 'NONE', #1356, #724 ) ;
#40 = VECTOR ( 'NONE', #886, 1000.000000000000000 ) ;
#41 = DIRECTION ( 'NONE',  ( -1.387778780781445676E-15, 0.000000000000000000, 1.000000000000000000 ) ) ;
#42 = DIRECTION ( 'NONE',  ( 0.000000000000000000, -0.000000000000000000, 1.000000000000000000 ) ) ;
#43 = VERTEX_POINT ( 'NONE', #1427 ) ;
#44 = CARTESIAN_POINT ( 'NONE',  ( 1.000000000000000000, 1.000000000000000000, 51.00000000000000000 ) ) ;
#45 = VERTEX_POINT ( 'NONE', #1051 ) ;
#46 = DIRECTION ( 'NONE',  ( -0.000000000000000000, -0.000000000000000000, -1.000000000000000000 ) ) ;
#47 = AXIS2_PLACEMENT_3D ( 'NONE', #598, #1193, #1066 ) ;
#48 = EDGE_CURVE ( 'NONE', #1372, #998, #434, .T. ) ;
#49 = ORIENTED_EDGE ( 'NONE', *, *, #727, .T. ) ;
#50 = ORIENTED_EDGE ( 'NONE', *, *, #754, .T. ) ;
#51 = CARTESIAN_POINT ( 'NONE',  ( -2.000000000000000000, -2.449293598294706907E-16, 55.00000000000000000 ) ) ;
#52 = ORIENTED_EDGE ( 'NONE', *, *, #1091, .F. ) ;
#53 = CYLINDRICAL_SURFACE ( 'NONE', #1057, 1.499999999999999556 ) ;
#54 = DIRECTION ( 'NONE',  ( 0.000000000000000000, 1.000000000000000000, 0.000000000000000000 ) ) ;
#55 = EDGE_CURVE ( 'NONE', #196, #571, #680, .T. ) ;
#56 = VERTEX_POINT ( 'NONE', #1172 ) ;
#57 = VERTEX_POINT ( 'NONE', #1542 ) ;
#58 = CARTESIAN_POINT ( 'NONE',  ( 10.25000000000000178, 2.000000000000001332, -2.000000000000001776 ) ) ;
#59 = AXIS2_PLACEMENT_3D ( 'NONE', #561, #103, #1199 ) ;
#60 = DIRECTION ( 'NONE',  ( 0.000000000000000000, 0.000000000000000000, -1.000000000000000000 ) ) ;
#61 = ORIENTED_EDGE ( 'NONE', *, *, #169, .F. ) ;
#62 = AXIS2_PLACEMENT_3D ( 'NONE', #1380, #800, #433 ) ;
#63 = ADVANCED_FACE ( 'NONE', ( #323 ), #1401, .F. ) ;
#64 = ORIENTED_EDGE ( 'NONE', *, *, #1303, .F. ) ;
#65 = VECTOR ( 'NONE', #1314, 1000.000000000000000 ) ;
#66 = LINE ( 'NONE', #58, #983 ) ;
#67 = CARTESIAN_POINT ( 'NONE',  ( 31.50000000000000000, 4.000000000000004441, 53.00000000000000000 ) ) ;
#68 = CARTESIAN_POINT ( 'NONE',  ( 30.50000000000000000, 1.000000000000003997, 51.00000000000000000 ) ) ;
#69 = VERTEX_POINT ( 'NONE', #920 ) ;
#70 = ADVANCED_FACE ( 'NONE', ( #1269 ), #74, .F. ) ;
#71 = DIRECTION ( 'NONE',  ( -4.336808689942021680E-16, 1.000000000000000000, 0.000000000000000000 ) ) ;
#72 = ADVANCED_FACE ( 'NONE', ( #428 ), #1165, .T. ) ;
#73 = DIRECTION ( 'NONE',  ( -0.000000000000000000, 0.000000000000000000, -1.000000000000000000 ) ) ;
#74 = CYLINDRICAL_SURFACE ( 'NONE', #802, 5.999999999999998224 ) ;
#75 = DIRECTION ( 'NONE',  ( 0.000000000000000000, -1.000000000000000000, 0.000000000000000000 ) ) ;
#76 = EDGE_LOOP ( 'NONE', ( #6, #364 ) ) ;
#77 = CARTESIAN_POINT ( 'NONE',  ( 30.50000000000000000, 2.000000000000003997, 51.00000000000000000 ) ) ;
#78 = CARTESIAN_POINT ( 'NONE',  ( 33.50000000000000000, 4.102566777143633774E-15, 55.00000000000000000 ) ) ;
#79 = CIRCLE ( 'NONE', #1132, 1.500000000000001332 ) ;
#80 = EDGE_CURVE ( 'NONE', #196, #625, #559, .T. ) ;
#81 = CARTESIAN_POINT ( 'NONE',  ( 13.29999999999999893, 4.049999999999999822, 2.000000000000000000 ) ) ;
#82 = DIRECTION ( 'NONE',  ( -1.000000000000000000, 0.000000000000000000, 0.000000000000000000 ) ) ;
#83 = CIRCLE ( 'NONE', #245, 1.500000000000001332 ) ;
#84 = EDGE_LOOP ( 'NONE', ( #237, #841, #1545, #1560 ) ) ;
#85 = VECTOR ( 'NONE', #257, 1000.000000000000000 ) ;
#86 = DIRECTION ( 'NONE',  ( -5.782411586589351722E-16, -1.000000000000000000, -0.000000000000000000 ) ) ;
#87 = ORIENTED_EDGE ( 'NONE', *, *, #1499, .F. ) ;
#88 = CARTESIAN_POINT ( 'NONE',  ( 25.75000000000000355, 24.36067977499790871, -4.999999999999995559 ) ) ;
#89 = CARTESIAN_POINT ( 'NONE',  ( 30.50000000000000000, 2.000000000000003997, 51.00000000000000000 ) ) ;
#90 = AXIS2_PLACEMENT_3D ( 'NONE', #809, #1522, #664 ) ;
#91 = LINE ( 'NONE', #1578, #1282 ) ;
#92 = LINE ( 'NONE', #250, #627 ) ;
#93 = EDGE_CURVE ( 'NONE', #1247, #922, #1179, .T. ) ;
#94 = ORIENTED_EDGE ( 'NONE', *, *, #1049, .T. ) ;
#95 = DIRECTION ( 'NONE',  ( -1.000000000000000000, 0.000000000000000000, -0.000000000000000000 ) ) ;
#96 = EDGE_LOOP ( 'NONE', ( #253, #1002, #1505, #1055 ) ) ;
#97 = LINE ( 'NONE', #1071, #563 ) ;
#98 = DIRECTION ( 'NONE',  ( -0.000000000000000000, -0.000000000000000000, 1.000000000000000000 ) ) ;
#99 = CARTESIAN_POINT ( 'NONE',  ( 31.50000000000000000, 2.100000000000000089, 55.00000000000000000 ) ) ;
#100 = DIRECTION ( 'NONE',  ( 1.000000000000000000, 0.000000000000000000, -0.000000000000000000 ) ) ;
#101 = ORIENTED_EDGE ( 'NONE', *, *, #310, .T. ) ;
#102 = EDGE_CURVE ( 'NONE', #1569, #891, #928, .T. ) ;
#103 = DIRECTION ( 'NONE',  ( 4.336808689942019708E-16, -1.000000000000000000, 0.000000000000000000 ) ) ;
#104 = CARTESIAN_POINT ( 'NONE',  ( 30.50000000000000000, 2.000000000000003997, 2.000000000000000000 ) ) ;
#105 = DIRECTION ( 'NONE',  ( 0.000000000000000000, -0.000000000000000000, -1.000000000000000000 ) ) ;
#106 = DIRECTION ( 'NONE',  ( -0.000000000000000000, -0.000000000000000000, 1.000000000000000000 ) ) ;
#107 = CARTESIAN_POINT ( 'NONE',  ( 10.75000000000000000, -1.000000000000000222, -10.00000000000000000 ) ) ;
#108 = AXIS2_PLACEMENT_3D ( 'NONE', #820, #940, #456 ) ;
#109 = EDGE_LOOP ( 'NONE', ( #319, #1349, #1167, #400, #1510, #1161, #1153, #985, #1256, #719 ) ) ;
#110 = CARTESIAN_POINT ( 'NONE',  ( 13.29999999999999893, 4.049999999999999822, 2.000000000000000000 ) ) ;
#111 = VECTOR ( 'NONE', #352, 1000.000000000000000 ) ;
#112 = EDGE_CURVE ( 'NONE', #1241, #622, #118, .T. ) ;
#113 = DIRECTION ( 'NONE',  ( -1.000000000000000000, -1.239088197126291063E-16, -1.734723475976806108E-16 ) ) ;
#114 = LINE ( 'NONE', #360, #1084 ) ;
#115 = EDGE_LOOP ( 'NONE', ( #404, #708, #989, #3 ) ) ;
#116 = CARTESIAN_POINT ( 'NONE',  ( 11.75000000000000355, 5.500000000000005329, -0.5000000000000000000 ) ) ;
#117 = LINE ( 'NONE', #1589, #1376 ) ;
#118 = CIRCLE ( 'NONE', #1013, 2.000000000000001776 ) ;
#119 = EDGE_LOOP ( 'NONE', ( #866, #1548, #681, #1024 ) ) ;
#120 = DIRECTION ( 'NONE',  ( 5.337610695313254343E-16, 1.000000000000000000, 0.000000000000000000 ) ) ;
#121 = EDGE_LOOP ( 'NONE', ( #1289, #1354 ) ) ;
#122 = CARTESIAN_POINT ( 'NONE',  ( 1.000000000000000000, 1.000000000000000000, 2.000000000000000000 ) ) ;
#123 = SPHERICAL_SURFACE ( 'NONE', #166, 1.500000000000000000 ) ;
#124 = ORIENTED_EDGE ( 'NONE', *, *, #476, .T. ) ;
#125 = EDGE_CURVE ( 'NONE', #946, #749, #1089, .T. ) ;
#126 = CARTESIAN_POINT ( 'NONE',  ( 36.01774279923060362, 4.099999999999999645, 53.00000000000000000 ) ) ;
#127 = CARTESIAN_POINT ( 'NONE',  ( 19.75000000000000000, 2.000000000000002665, -3.500000000000003109 ) ) ;
#128 = ORIENTED_EDGE ( 'NONE', *, *, #914, .F. ) ;
#129 = DIRECTION ( 'NONE',  ( 0.000000000000000000, 0.000000000000000000, -1.000000000000000000 ) ) ;
#130 = EDGE_LOOP ( 'NONE', ( #1391, #674, #1448, #64 ) ) ;
#131 = APPLICATION_PROTOCOL_DEFINITION ( 'draft international standard', 'automotive_design', 1998, #899 ) ;
#132 = CARTESIAN_POINT ( 'NONE',  ( 18.25000000000000000, 3.500000000000002220, -0.5000000000000000000 ) ) ;
#133 = EDGE_LOOP ( 'NONE', ( #911, #380, #1151, #1357 ) ) ;
#134 = CYLINDRICAL_SURFACE ( 'NONE', #853, 1.500000000000001332 ) ;
#135 = EDGE_CURVE ( 'NONE', #1101, #837, #207, .T. ) ;
#136 = VERTEX_POINT ( 'NONE', #1044 ) ;
#137 = VECTOR ( 'NONE', #1058, 1000.000000000000000 ) ;
#138 = LINE ( 'NONE', #1350, #269 ) ;
#139 = EDGE_LOOP ( 'NONE', ( #1351, #893, #1266, #528 ) ) ;
#140 = AXIS2_PLACEMENT_3D ( 'NONE', #527, #1171, #1418 ) ;
#141 = APPLICATION_PROTOCOL_DEFINITION ( 'draft international standard', 'automotive_design', 1998, #1524 ) ;
#142 = AXIS2_PLACEMENT_3D ( 'NONE', #531, #1021, #635 ) ;
#143 = LINE ( 'NONE', #167, #877 ) ;
#144 = CARTESIAN_POINT ( 'NONE',  ( 18.25000000000000000, 5.500000000000005329, -2.000000000000000000 ) ) ;
#145 = ADVANCED_FACE ( 'NONE', ( #688 ), #1281, .T. ) ;
#146 = ORIENTED_EDGE ( 'NONE', *, *, #475, .T. ) ;
#147 = AXIS2_PLACEMENT_3D ( 'NONE', #706, #1195, #467 ) ;
#148 = DIRECTION ( 'NONE',  ( -1.239088197126291310E-16, 1.000000000000000000, -0.000000000000000000 ) ) ;
#149 = EDGE_CURVE ( 'NONE', #393, #1119, #731, .T. ) ;
#150 = ORIENTED_EDGE ( 'NONE', *, *, #1563, .T. ) ;
#151 = CARTESIAN_POINT ( 'NONE',  ( 9.749999999999998224, -1.000000000000002887, 15.00000000000000000 ) ) ;
#152 = CARTESIAN_POINT ( 'NONE',  ( 5.749999999999994671, -1.000000000000000222, -1.974742963625110575E-15 ) ) ;
#153 = ORIENTED_EDGE ( 'NONE', *, *, #1323, .F. ) ;
#154 = LINE ( 'NONE', #1014, #469 ) ;
#155 = SPHERICAL_SURFACE ( 'NONE', #1580, 1.500000000000000000 ) ;
#156 = PLANE ( 'NONE',  #394 ) ;
#157 = ORIENTED_EDGE ( 'NONE', *, *, #1177, .F. ) ;
#158 = EDGE_CURVE ( 'NONE', #571, #612, #117, .T. ) ;
#159 = DIRECTION ( 'NONE',  ( -0.000000000000000000, 1.000000000000000000, -0.000000000000000000 ) ) ;
#160 = CARTESIAN_POINT ( 'NONE',  ( 18.25000000000000000, 5.500000000000005329, -0.5000000000000000000 ) ) ;
#161 = ORIENTED_EDGE ( 'NONE', *, *, #921, .T. ) ;
#162 = LINE ( 'NONE', #263, #670 ) ;
#163 = EDGE_LOOP ( 'NONE', ( #356, #860, #692, #1397 ) ) ;
#164 = LINE ( 'NONE', #1409, #243 ) ;
#165 = ORIENTED_EDGE ( 'NONE', *, *, #1508, .T. ) ;
#166 = AXIS2_PLACEMENT_3D ( 'NONE', #1550, #934, #1425 ) ;
#167 = CARTESIAN_POINT ( 'NONE',  ( 0.000000000000000000, 4.099999999999999645, 57.00000000000000000 ) ) ;
#168 = VERTEX_POINT ( 'NONE', #943 ) ;
#169 = EDGE_CURVE ( 'NONE', #803, #1344, #1038, .T. ) ;
#170 = AXIS2_PLACEMENT_3D ( 'NONE', #1138, #1164, #73 ) ;
#171 = CARTESIAN_POINT ( 'NONE',  ( 30.50000000000000000, 1.000000000000003997, 2.000000000000000000 ) ) ;
#172 = CIRCLE ( 'NONE', #906, 5.999999999999998224 ) ;
#173 = ORIENTED_EDGE ( 'NONE', *, *, #1462, .F. ) ;
#174 = ORIENTED_EDGE ( 'NONE', *, *, #475, .F. ) ;
#175 = EDGE_LOOP ( 'NONE', ( #1572, #1395 ) ) ;
#176 = DIRECTION ( 'NONE',  ( 0.000000000000000000, -1.000000000000000000, 0.000000000000000000 ) ) ;
#177 = ADVANCED_FACE ( 'NONE', ( #1305 ), #1579, .T. ) ;
#178 = DIRECTION ( 'NONE',  ( -1.239088197126291310E-16, 1.000000000000000000, 0.000000000000000000 ) ) ;
#179 = ORIENTED_EDGE ( 'NONE', *, *, #158, .T. ) ;
#180 = EDGE_LOOP ( 'NONE', ( #1136, #150, #1202, #793 ) ) ;
#181 = CARTESIAN_POINT ( 'NONE',  ( 15.74999999999999645, -1.000000000000002220, 15.00000000000000000 ) ) ;
#182 = CARTESIAN_POINT ( 'NONE',  ( 18.25000000000000000, 5.500000000000005329, -0.5000000000000000000 ) ) ;
#183 = ADVANCED_FACE ( 'NONE', ( #1559 ), #1093, .F. ) ;
#184 = ORIENTED_EDGE ( 'NONE', *, *, #709, .F. ) ;
#185 = SURFACE_STYLE_FILL_AREA ( #1390 ) ;
#186 = EDGE_LOOP ( 'NONE', ( #1047, #25, #283 ) ) ;
#187 = AXIS2_PLACEMENT_3D ( 'NONE', #44, #529, #1019 ) ;
#188 = DIRECTION ( 'NONE',  ( -0.000000000000000000, 0.000000000000000000, 1.000000000000000000 ) ) ;
#189 = VECTOR ( 'NONE', #992, 1000.000000000000000 ) ;
#190 = DIRECTION ( 'NONE',  ( 0.000000000000000000, 0.000000000000000000, 1.000000000000000000 ) ) ;
#191 = AXIS2_PLACEMENT_3D ( 'NONE', #1286, #205, #1539 ) ;
#192 = CARTESIAN_POINT ( 'NONE',  ( 31.50000000000000000, 4.102566777143633774E-15, 55.00000000000000000 ) ) ;
#193 = ADVANCED_FACE ( 'NONE', ( #1099 ), #5, .T. ) ;
#194 = VERTEX_POINT ( 'NONE', #1435 ) ;
#195 = EDGE_CURVE ( 'NONE', #849, #837, #966, .T. ) ;
#196 = VERTEX_POINT ( 'NONE', #955 ) ;
#197 = TOROIDAL_SURFACE ( 'NONE', #1581, 3.000000000000000000, 1.500000000000000000 ) ;
#198 = LINE ( 'NONE', #1176, #1210 ) ;
#199 = CARTESIAN_POINT ( 'NONE',  ( 31.50000000000000000, 4.102566777143633774E-15, 0.000000000000000000 ) ) ;
#200 = CARTESIAN_POINT ( 'NONE',  ( 19.75000000000000000, 5.500000000000005329, -2.000000000000000000 ) ) ;
#201 = ORIENTED_EDGE ( 'NONE', *, *, #1355, .T. ) ;
#202 = CARTESIAN_POINT ( 'NONE',  ( 9.749999999999998224, 1.000000000000001332, 15.00000000000000000 ) ) ;
#203 = ADVANCED_FACE ( 'NONE', ( #700 ), #197, .F. ) ;
#204 = DIRECTION ( 'NONE',  ( 1.000000000000000000, 0.000000000000000000, 0.000000000000000000 ) ) ;
#205 = DIRECTION ( 'NONE',  ( 0.000000000000000000, 1.000000000000000000, 0.000000000000000000 ) ) ;
#206 = CARTESIAN_POINT ( 'NONE',  ( 33.50000000000000000, -1.000000000000000222, 55.00000000000000000 ) ) ;
#207 = LINE ( 'NONE', #1552, #1447 ) ;
#208 = VERTEX_POINT ( 'NONE', #1341 ) ;
#209 = ORIENTED_EDGE ( 'NONE', *, *, #1577, .T. ) ;
#210 = CARTESIAN_POINT ( 'NONE',  ( 18.25000000000000000, 2.000000000000002220, -0.5000000000000000000 ) ) ;
#211 = CARTESIAN_POINT ( 'NONE',  ( 18.24999999999999645, 2.000000000000002220, -3.500000000000003109 ) ) ;
#212 = EDGE_CURVE ( 'NONE', #69, #548, #1454, .T. ) ;
#213 = AXIS2_PLACEMENT_3D ( 'NONE', #132, #615, #760 ) ;
#214 = CARTESIAN_POINT ( 'NONE',  ( 13.29999999999999893, 5.949999999999999289, 2.000000000000000000 ) ) ;
#215 = CARTESIAN_POINT ( 'NONE',  ( 31.50000000000000000, 2.000000000000003997, 55.00000000000000000 ) ) ;
#216 = VECTOR ( 'NONE', #498, 1000.000000000000000 ) ;
#217 = AXIS2_PLACEMENT_3D ( 'NONE', #181, #1041, #1059 ) ;
#218 = VERTEX_POINT ( 'NONE', #973 ) ;
#219 = CARTESIAN_POINT ( 'NONE',  ( 18.24999999999999645, 3.500000000000002220, -3.500000000000003109 ) ) ;
#220 = FACE_OUTER_BOUND ( 'NONE', #1436, .T. ) ;
#221 = FACE_OUTER_BOUND ( 'NONE', #1488, .T. ) ;
#222 = CARTESIAN_POINT ( 'NONE',  ( -1.999999999999999556, -1.000000000000000222, 0.000000000000000000 ) ) ;
#223 = DIRECTION ( 'NONE',  ( 1.000000000000000000, 1.239088197126291063E-16, -0.000000000000000000 ) ) ;
#224 = EDGE_CURVE ( 'NONE', #1241, #136, #722, .T. ) ;
#225 = ORIENTED_EDGE ( 'NONE', *, *, #836, .T. ) ;
#226 = LINE ( 'NONE', #931, #1208 ) ;
#227 = CARTESIAN_POINT ( 'NONE',  ( 21.74999999999999645, 1.000000000000003109, 15.00000000000000000 ) ) ;
#228 = PLANE ( 'NONE',  #1290 ) ;
#229 = CARTESIAN_POINT ( 'NONE',  ( 13.29999999999999893, 5.949999999999999289, 2.000000000000000000 ) ) ;
#230 = FACE_BOUND ( 'NONE', #76, .T. ) ;
#231 = EDGE_CURVE ( 'NONE', #1344, #548, #577, .T. ) ;
#232 = EDGE_LOOP ( 'NONE', ( #297, #1535, #530, #683 ) ) ;
#233 = DIRECTION ( 'NONE',  ( 0.000000000000000000, -1.000000000000000000, 0.000000000000000000 ) ) ;
#234 = ORIENTED_EDGE ( 'NONE', *, *, #427, .F. ) ;
#235 = DIRECTION ( 'NONE',  ( 1.000000000000000000, 1.445602896647339656E-16, 0.000000000000000000 ) ) ;
#236 = CARTESIAN_POINT ( 'NONE',  ( 33.50000000000000000, 4.102566777143633774E-15, 55.00000000000000000 ) ) ;
#237 = ORIENTED_EDGE ( 'NONE', *, *, #642, .F. ) ;
#238 = CARTESIAN_POINT ( 'NONE',  ( 33.50000000000000000, -1.000000000000000222, 0.000000000000000000 ) ) ;
#239 = CARTESIAN_POINT ( 'NONE',  ( 20.75000000000000355, 24.36067977499790871, -9.999999999999998224 ) ) ;
#240 = VECTOR ( 'NONE', #1175, 1000.000000000000000 ) ;
#241 = STYLED_ITEM ( 'NONE', ( #795 ), #1368 ) ;
#242 = ORIENTED_EDGE ( 'NONE', *, *, #975, .F. ) ;
#243 = VECTOR ( 'NONE', #1017, 1000.000000000000000 ) ;
#244 = CARTESIAN_POINT ( 'NONE',  ( 31.50000000000000000, 4.102566777143633774E-15, 55.00000000000000000 ) ) ;
#245 = AXIS2_PLACEMENT_3D ( 'NONE', #1506, #742, #1365 ) ;
#246 = ADVANCED_FACE ( 'NONE', ( #1188, #230, #1074 ), #1461, .F. ) ;
#247 = DIRECTION ( 'NONE',  ( -1.000000000000000000, 0.000000000000000000, 0.000000000000000000 ) ) ;
#248 = CYLINDRICAL_SURFACE ( 'NONE', #1145, 5.999999999999998224 ) ;
#249 = CARTESIAN_POINT ( 'NONE',  ( 5.750000000000001776, -1.000000000000000222, -5.000000000000001776 ) ) ;
#250 = CARTESIAN_POINT ( 'NONE',  ( 0.000000000000000000, 2.000000000000000000, 51.00000000000000000 ) ) ;
#251 = ORIENTED_EDGE ( 'NONE', *, *, #1444, .F. ) ;
#252 = DIRECTION ( 'NONE',  ( -1.000000000000000000, 0.000000000000000000, 0.000000000000000000 ) ) ;
#253 = ORIENTED_EDGE ( 'NONE', *, *, #125, .F. ) ;
#254 = LINE ( 'NONE', #370, #494 ) ;
#255 = DIRECTION ( 'NONE',  ( 0.000000000000000000, 0.000000000000000000, -1.000000000000000000 ) ) ;
#256 = EDGE_CURVE ( 'NONE', #1407, #1241, #92, .T. ) ;
#257 = DIRECTION ( 'NONE',  ( -0.000000000000000000, -0.000000000000000000, -1.000000000000000000 ) ) ;
#258 = ORIENTED_EDGE ( 'NONE', *, *, #495, .T. ) ;
#259 = LINE ( 'NONE', #596, #925 ) ;
#260 = CARTESIAN_POINT ( 'NONE',  ( 10.75000000000000000, 24.36067977499790871, -10.00000000000000000 ) ) ;
#261 = ORIENTED_EDGE ( 'NONE', *, *, #443, .F. ) ;
#262 = EDGE_CURVE ( 'NONE', #1514, #1403, #831, .T. ) ;
#263 = CARTESIAN_POINT ( 'NONE',  ( 0.000000000000000000, 0.000000000000000000, 55.00000000000000000 ) ) ;
#264 = ADVANCED_FACE ( 'NONE', ( #1446 ), #835, .T. ) ;
#265 = ORIENTED_EDGE ( 'NONE', *, *, #1112, .T. ) ;
#266 = COLOUR_RGB ( '',0.7921568627450980005, 0.8196078431372548767, 0.9333333333333333481 ) ;
#267 = LINE ( 'NONE', #882, #216 ) ;
#268 = ORIENTED_EDGE ( 'NONE', *, *, #896, .T. ) ;
#269 = VECTOR ( 'NONE', #358, 1000.000000000000000 ) ;
#270 = CARTESIAN_POINT ( 'NONE',  ( 33.50000000000000000, -2.168404344971008868E-16, 57.00000000000000000 ) ) ;
#271 = AXIS2_PLACEMENT_3D ( 'NONE', #583, #1073, #730 ) ;
#272 = DIRECTION ( 'NONE',  ( 1.000000000000000000, 0.000000000000000000, 0.000000000000000000 ) ) ;
#273 = FACE_OUTER_BOUND ( 'NONE', #1270, .T. ) ;
#274 = VECTOR ( 'NONE', #679, 1000.000000000000000 ) ;
#275 = EDGE_CURVE ( 'NONE', #43, #1022, #960, .T. ) ;
#276 = VECTOR ( 'NONE', #485, 1000.000000000000000 ) ;
#277 = CARTESIAN_POINT ( 'NONE',  ( 0.000000000000000000, 2.000000000000000000, 51.00000000000000000 ) ) ;
#278 = ORIENTED_EDGE ( 'NONE', *, *, #778, .F. ) ;
#279 = DIRECTION ( 'NONE',  ( -1.239088197126291063E-16, 1.000000000000000000, -0.000000000000000000 ) ) ;
#280 = CARTESIAN_POINT ( 'NONE',  ( 0.000000000000000000, 2.100000000000000089, 57.00000000000000000 ) ) ;
#281 = ORIENTED_EDGE ( 'NONE', *, *, #878, .F. ) ;
#282 = CARTESIAN_POINT ( 'NONE',  ( 0.000000000000000000, 2.000000000000000000, 55.00000000000000000 ) ) ;
#283 = ORIENTED_EDGE ( 'NONE', *, *, #1120, .F. ) ;
#284 = LINE ( 'NONE', #315, #439 ) ;
#285 = ORIENTED_EDGE ( 'NONE', *, *, #1455, .F. ) ;
#286 = DIRECTION ( 'NONE',  ( 5.337610695313253357E-16, 1.000000000000000000, 0.000000000000000000 ) ) ;
#287 = ORIENTED_EDGE ( 'NONE', *, *, #921, .F. ) ;
#288 = LINE ( 'NONE', #282, #85 ) ;
#289 = ORIENTED_EDGE ( 'NONE', *, *, #836, .F. ) ;
#290 = CARTESIAN_POINT ( 'NONE',  ( 18.25000000000000000, 5.500000000000005329, -2.000000000000000000 ) ) ;
#291 = ORIENTED_EDGE ( 'NONE', *, *, #1355, .F. ) ;
#292 = CIRCLE ( 'NONE', #1180, 1.500000000000000000 ) ;
#293 = ORIENTED_EDGE ( 'NONE', *, *, #1275, .F. ) ;
#294 = EDGE_CURVE ( 'NONE', #622, #56, #805, .T. ) ;
#295 = AXIS2_PLACEMENT_3D ( 'NONE', #1408, #1048, #704 ) ;
#296 = DIRECTION ( 'NONE',  ( -1.239088197126291063E-16, 1.000000000000000000, -0.000000000000000000 ) ) ;
#297 = ORIENTED_EDGE ( 'NONE', *, *, #262, .F. ) ;
#298 = EDGE_LOOP ( 'NONE', ( #1276, #845, #535, #21 ) ) ;
#299 = VECTOR ( 'NONE', #54, 1000.000000000000000 ) ;
#300 = ORIENTED_EDGE ( 'NONE', *, *, #757, .F. ) ;
#301 = EDGE_CURVE ( 'NONE', #1402, #1344, #1070, .T. ) ;
#302 = LINE ( 'NONE', #678, #369 ) ;
#303 = DIRECTION ( 'NONE',  ( -1.239088197126291063E-16, 1.000000000000000000, -0.000000000000000000 ) ) ;
#304 = EDGE_LOOP ( 'NONE', ( #424, #898, #895, #765, #595, #634 ) ) ;
#305 = DIRECTION ( 'NONE',  ( -1.000000000000000000, 0.000000000000000000, -0.000000000000000000 ) ) ;
#306 = VERTEX_POINT ( 'NONE', #1562 ) ;
#307 = CARTESIAN_POINT ( 'NONE',  ( 0.9999999999999997780, 2.000000000000000000, 2.000000000000000000 ) ) ;
#308 = EDGE_CURVE ( 'NONE', #332, #1512, #566, .T. ) ;
#309 = DIRECTION ( 'NONE',  ( 1.000000000000000000, -8.673617379884038430E-16, 0.000000000000000000 ) ) ;
#310 = EDGE_CURVE ( 'NONE', #14, #1237, #1056, .T. ) ;
#311 = ORIENTED_EDGE ( 'NONE', *, *, #486, .T. ) ;
#312 =( GEOMETRIC_REPRESENTATION_CONTEXT ( 3 ) GLOBAL_UNCERTAINTY_ASSIGNED_CONTEXT ( ( #770 ) ) GLOBAL_UNIT_ASSIGNED_CONTEXT ( ( #1265, #1537, #776 ) ) REPRESENTATION_CONTEXT ( 'NONE', 'WORKASPACE' ) );
#313 = DIRECTION ( 'NONE',  ( -1.239088197126291063E-16, 1.000000000000000000, -0.000000000000000000 ) ) ;
#314 = AXIS2_PLACEMENT_3D ( 'NONE', #586, #326, #454 ) ;
#315 = CARTESIAN_POINT ( 'NONE',  ( 0.9999999999999997780, 2.000000000000000000, 51.00000000000000000 ) ) ;
#316 = AXIS2_PLACEMENT_3D ( 'NONE', #842, #1187, #466 ) ;
#317 = DIRECTION ( 'NONE',  ( -1.000000000000000000, -1.084202172485504804E-16, 0.000000000000000000 ) ) ;
#318 = ADVANCED_FACE ( 'NONE', ( #1555 ), #691, .F. ) ;
#319 = ORIENTED_EDGE ( 'NONE', *, *, #1405, .T. ) ;
#320 = FACE_BOUND ( 'NONE', #375, .T. ) ;
#321 = LINE ( 'NONE', #685, #1521 ) ;
#322 = PLANE ( 'NONE',  #170 ) ;
#323 = FACE_OUTER_BOUND ( 'NONE', #560, .T. ) ;
#324 = ORIENTED_EDGE ( 'NONE', *, *, #875, .T. ) ;
#325 = EDGE_CURVE ( 'NONE', #891, #542, #226, .T. ) ;
#326 = DIRECTION ( 'NONE',  ( 1.323094176592479975E-16, -1.000000000000000000, 0.000000000000000000 ) ) ;
#327 = VERTEX_POINT ( 'NONE', #1438 ) ;
#328 = CARTESIAN_POINT ( 'NONE',  ( 18.25000000000000000, 3.500000000000002220, -0.5000000000000000000 ) ) ;
#329 = CARTESIAN_POINT ( 'NONE',  ( 1.000000000000000000, 1.000000000000000000, 51.00000000000000000 ) ) ;
#330 = FACE_OUTER_BOUND ( 'NONE', #1502, .T. ) ;
#331 = FACE_OUTER_BOUND ( 'NONE', #139, .T. ) ;
#332 = VERTEX_POINT ( 'NONE', #202 ) ;
#333 = CARTESIAN_POINT ( 'NONE',  ( 13.25000000000000178, 7.000000000000003553, 0.000000000000000000 ) ) ;
#334 = ORIENTED_EDGE ( 'NONE', *, *, #1267, .F. ) ;
#335 = DIRECTION ( 'NONE',  ( 1.000000000000000000, 1.445602896647339656E-16, 0.000000000000000000 ) ) ;
#336 = DIRECTION ( 'NONE',  ( 0.000000000000000000, -1.000000000000000000, 0.000000000000000000 ) ) ;
#337 = EDGE_CURVE ( 'NONE', #479, #654, #1422, .T. ) ;
#338 = VECTOR ( 'NONE', #247, 1000.000000000000000 ) ;
#339 = CYLINDRICAL_SURFACE ( 'NONE', #521, 1.500000000000001332 ) ;
#340 = DIRECTION ( 'NONE',  ( -0.000000000000000000, -0.000000000000000000, -1.000000000000000000 ) ) ;
#341 = AXIS2_PLACEMENT_3D ( 'NONE', #1343, #630, #1334 ) ;
#342 = CIRCLE ( 'NONE', #1233, 4.999999999999999112 ) ;
#343 = VERTEX_POINT ( 'NONE', #830 ) ;
#344 = DIRECTION ( 'NONE',  ( 1.000000000000000000, 1.445602896647339656E-16, 0.000000000000000000 ) ) ;
#345 = CARTESIAN_POINT ( 'NONE',  ( 19.75000000000000000, 7.000000000000006217, 0.000000000000000000 ) ) ;
#346 = CARTESIAN_POINT ( 'NONE',  ( 11.75000000000000178, 3.500000000000000444, 0.000000000000000000 ) ) ;
#347 = AXIS2_PLACEMENT_3D ( 'NONE', #827, #354, #459 ) ;
#348 = CARTESIAN_POINT ( 'NONE',  ( 0.000000000000000000, 0.000000000000000000, 0.000000000000000000 ) ) ;
#349 = ORIENTED_EDGE ( 'NONE', *, *, #1257, .T. ) ;
#350 = CARTESIAN_POINT ( 'NONE',  ( 36.01774279923060362, 4.000000000000004441, 51.00000000000000000 ) ) ;
#351 = CARTESIAN_POINT ( 'NONE',  ( 21.74999999999999645, -1.000000000000001554, 15.00000000000000000 ) ) ;
#352 = DIRECTION ( 'NONE',  ( -5.337610695313252371E-16, -1.000000000000000000, -0.000000000000000000 ) ) ;
#353 = LINE ( 'NONE', #126, #12 ) ;
#354 = DIRECTION ( 'NONE',  ( 0.000000000000000000, 0.000000000000000000, -1.000000000000000000 ) ) ;
#355 = ADVANCED_FACE ( 'NONE', ( #1318 ), #471, .F. ) ;
#356 = ORIENTED_EDGE ( 'NONE', *, *, #541, .T. ) ;
#357 = EDGE_CURVE ( 'NONE', #1576, #1331, #1443, .T. ) ;
#358 = DIRECTION ( 'NONE',  ( -0.000000000000000000, -0.000000000000000000, -1.000000000000000000 ) ) ;
#359 = CARTESIAN_POINT ( 'NONE',  ( 18.19999999999999929, 5.949999999999999289, 2.000000000000000000 ) ) ;
#360 = CARTESIAN_POINT ( 'NONE',  ( -1.999999999999999112, -2.168404344971008868E-16, 55.00000000000000000 ) ) ;
#361 = DIRECTION ( 'NONE',  ( -1.000000000000000000, 5.337610695313253357E-16, 0.000000000000000000 ) ) ;
#362 = CARTESIAN_POINT ( 'NONE',  ( -1.999999999999999556, -1.000000000000000222, 55.00000000000000000 ) ) ;
#363 = CIRCLE ( 'NONE', #1392, 1.500000000000000000 ) ;
#364 = ORIENTED_EDGE ( 'NONE', *, *, #642, .T. ) ;
#365 = AXIS2_PLACEMENT_3D ( 'NONE', #1095, #392, #604 ) ;
#366 = EDGE_CURVE ( 'NONE', #489, #1119, #1570, .T. ) ;
#367 = DIRECTION ( 'NONE',  ( -0.000000000000000000, -0.000000000000000000, -1.000000000000000000 ) ) ;
#368 = ORIENTED_EDGE ( 'NONE', *, *, #1398, .T. ) ;
#369 = VECTOR ( 'NONE', #784, 1000.000000000000000 ) ;
#370 = CARTESIAN_POINT ( 'NONE',  ( 0.000000000000000000, 2.000000000000000000, 0.000000000000000000 ) ) ;
#371 = CARTESIAN_POINT ( 'NONE',  ( 13.29999999999999893, 5.949999999999999289, 2.000000000000000000 ) ) ;
#372 = ORIENTED_EDGE ( 'NONE', *, *, #938, .F. ) ;
#373 = CARTESIAN_POINT ( 'NONE',  ( 25.75000000000000355, 2.000000000000005773, -4.999999999999998224 ) ) ;
#374 = UNCERTAINTY_MEASURE_WITH_UNIT (LENGTH_MEASURE( 1.000000000000000082E-05 ), #1360, 'distance_accuracy_value', 'NONE');
#375 = EDGE_LOOP ( 'NONE', ( #161, #655, #251, #1338, #1420, #988 ) ) ;
#376 = CARTESIAN_POINT ( 'NONE',  ( 20.75000000000000355, -1.000000000000000222, -9.999999999999998224 ) ) ;
#377 = ADVANCED_FACE ( 'NONE', ( #1571, #320 ), #1292, .F. ) ;
#378 = CARTESIAN_POINT ( 'NONE',  ( 36.01774279923060362, 4.099999999999999645, 57.00000000000000000 ) ) ;
#379 = DIRECTION ( 'NONE',  ( -1.000000000000000000, 0.000000000000000000, 0.000000000000000000 ) ) ;
#380 = ORIENTED_EDGE ( 'NONE', *, *, #195, .F. ) ;
#381 = CARTESIAN_POINT ( 'NONE',  ( 5.749999999999994671, 2.000000000000001776, -1.974742963625114125E-15 ) ) ;
#382 = VERTEX_POINT ( 'NONE', #1300 ) ;
#383 = LINE ( 'NONE', #1481, #1030 ) ;
#384 = ORIENTED_EDGE ( 'NONE', *, *, #504, .T. ) ;
#385 = DIRECTION ( 'NONE',  ( 0.000000000000000000, -1.000000000000000000, 0.000000000000000000 ) ) ;
#386 = DIRECTION ( 'NONE',  ( 1.000000000000000000, 4.336808689942019708E-16, 0.000000000000000000 ) ) ;
#387 = ORIENTED_EDGE ( 'NONE', *, *, #1160, .F. ) ;
#388 = EDGE_CURVE ( 'NONE', #618, #768, #669, .T. ) ;
#389 = FACE_OUTER_BOUND ( 'NONE', #163, .T. ) ;
#390 = EDGE_LOOP ( 'NONE', ( #1045, #885, #1516, #460 ) ) ;
#391 = VECTOR ( 'NONE', #684, 1000.000000000000000 ) ;
#392 = DIRECTION ( 'NONE',  ( 1.323094176592479975E-16, -1.000000000000000000, 0.000000000000000000 ) ) ;
#393 = VERTEX_POINT ( 'NONE', #939 ) ;
#394 = AXIS2_PLACEMENT_3D ( 'NONE', #815, #1085, #1092 ) ;
#395 = AXIS2_PLACEMENT_3D ( 'NONE', #1302, #848, #448 ) ;
#396 = CARTESIAN_POINT ( 'NONE',  ( 25.75000000000000355, -1.000000000000000222, -4.999999999999995559 ) ) ;
#397 = VERTEX_POINT ( 'NONE', #333 ) ;
#398 = CARTESIAN_POINT ( 'NONE',  ( 13.29999999999999893, 5.949999999999999289, 2.000000000000000000 ) ) ;
#399 = ADVANCED_FACE ( 'NONE', ( #818 ), #1308, .T. ) ;
#400 = ORIENTED_EDGE ( 'NONE', *, *, #231, .T. ) ;
#401 = CARTESIAN_POINT ( 'NONE',  ( 0.000000000000000000, 2.000000000000000000, 51.00000000000000000 ) ) ;
#402 = ORIENTED_EDGE ( 'NONE', *, *, #878, .T. ) ;
#403 = LINE ( 'NONE', #979, #1104 ) ;
#404 = ORIENTED_EDGE ( 'NONE', *, *, #867, .T. ) ;
#405 = LINE ( 'NONE', #171, #1137 ) ;
#406 = ORIENTED_EDGE ( 'NONE', *, *, #986, .F. ) ;
#407 = CARTESIAN_POINT ( 'NONE',  ( 18.19999999999999929, 5.949999999999999289, 2.000000000000000000 ) ) ;
#408 = EDGE_CURVE ( 'NONE', #479, #194, #383, .T. ) ;
#409 = ORIENTED_EDGE ( 'NONE', *, *, #212, .T. ) ;
#410 = ORIENTED_EDGE ( 'NONE', *, *, #224, .T. ) ;
#411 = FACE_OUTER_BOUND ( 'NONE', #1375, .T. ) ;
#412 = FACE_OUTER_BOUND ( 'NONE', #422, .T. ) ;
#413 = ORIENTED_EDGE ( 'NONE', *, *, #158, .F. ) ;
#414 = VECTOR ( 'NONE', #286, 1000.000000000000000 ) ;
#415 = EDGE_CURVE ( 'NONE', #1094, #625, #259, .T. ) ;
#416 = ORIENTED_EDGE ( 'NONE', *, *, #1561, .F. ) ;
#417 = AXIS2_PLACEMENT_3D ( 'NONE', #1322, #1046, #1536 ) ;
#418 = AXIS2_PLACEMENT_3D ( 'NONE', #229, #954, #712 ) ;
#419 = CYLINDRICAL_SURFACE ( 'NONE', #217, 5.999999999999998224 ) ;
#420 = DIRECTION ( 'NONE',  ( 1.000000000000000000, 1.239088197126291310E-16, 0.000000000000000000 ) ) ;
#421 = VECTOR ( 'NONE', #1037, 1000.000000000000000 ) ;
#422 = EDGE_LOOP ( 'NONE', ( #871, #862, #883, #967 ) ) ;
#423 = AXIS2_PLACEMENT_3D ( 'NONE', #478, #816, #592 ) ;
#424 = ORIENTED_EDGE ( 'NONE', *, *, #1526, .F. ) ;
#425 = ADVANCED_FACE ( 'NONE', ( #740 ), #855, .F. ) ;
#426 = DIRECTION ( 'NONE',  ( 0.000000000000000000, 0.000000000000000000, -1.000000000000000000 ) ) ;
#427 = EDGE_CURVE ( 'NONE', #782, #382, #1413, .T. ) ;
#428 = FACE_OUTER_BOUND ( 'NONE', #641, .T. ) ;
#429 = ORIENTED_EDGE ( 'NONE', *, *, #504, .F. ) ;
#430 = EDGE_LOOP ( 'NONE', ( #1018, #1484, #912, #701 ) ) ;
#431 = DIRECTION ( 'NONE',  ( -6.938893903907232322E-16, -8.597901537443024083E-32, -1.000000000000000000 ) ) ;
#432 = EDGE_CURVE ( 'NONE', #1530, #782, #1489, .T. ) ;
#433 = DIRECTION ( 'NONE',  ( 1.000000000000000000, 0.000000000000000000, -0.000000000000000000 ) ) ;
#434 = LINE ( 'NONE', #1529, #1315 ) ;
#435 = ORIENTED_EDGE ( 'NONE', *, *, #929, .T. ) ;
#436 = ORIENTED_EDGE ( 'NONE', *, *, #1515, .F. ) ;
#437 = CIRCLE ( 'NONE', #644, 1.500000000000000000 ) ;
#438 = PLANE ( 'NONE',  #497 ) ;
#439 = VECTOR ( 'NONE', #1541, 1000.000000000000000 ) ;
#440 = PLANE ( 'NONE',  #62 ) ;
#441 = VECTOR ( 'NONE', #507, 1000.000000000000000 ) ;
#442 = DIRECTION ( 'NONE',  ( -1.239088197126291063E-16, 1.000000000000000000, -0.000000000000000000 ) ) ;
#443 = EDGE_CURVE ( 'NONE', #542, #668, #138, .T. ) ;
#444 = ORIENTED_EDGE ( 'NONE', *, *, #388, .T. ) ;
#445 = CARTESIAN_POINT ( 'NONE',  ( 10.75000000000000000, 24.36067977499790871, -9.999999999999998224 ) ) ;
#446 = VERTEX_POINT ( 'NONE', #870 ) ;
#447 = CARTESIAN_POINT ( 'NONE',  ( 36.01774279923060362, 2.100000000000000089, 57.00000000000000000 ) ) ;
#448 = DIRECTION ( 'NONE',  ( 1.000000000000000000, 8.673617379884034239E-17, 0.000000000000000000 ) ) ;
#449 = CARTESIAN_POINT ( 'NONE',  ( 13.29999999999999893, 5.949999999999999289, 0.000000000000000000 ) ) ;
#450 = VECTOR ( 'NONE', #98, 1000.000000000000000 ) ;
#451 = CARTESIAN_POINT ( 'NONE',  ( 36.01774279923060362, 4.099999999999999645, 53.00000000000000000 ) ) ;
#452 = ORIENTED_EDGE ( 'NONE', *, *, #1131, .T. ) ;
#453 = ADVANCED_FACE ( 'NONE', ( #621 ), #733, .F. ) ;
#454 = DIRECTION ( 'NONE',  ( 1.000000000000000000, 1.445602896647339656E-16, 0.000000000000000000 ) ) ;
#455 = ORIENTED_EDGE ( 'NONE', *, *, #707, .F. ) ;
#456 = DIRECTION ( 'NONE',  ( 0.000000000000000000, -0.000000000000000000, -1.000000000000000000 ) ) ;
#457 = FACE_OUTER_BOUND ( 'NONE', #487, .T. ) ;
#458 = DIRECTION ( 'NONE',  ( 5.337610695313253357E-16, 1.000000000000000000, -0.000000000000000000 ) ) ;
#459 = DIRECTION ( 'NONE',  ( -1.000000000000000000, 0.000000000000000000, 0.000000000000000000 ) ) ;
#460 = ORIENTED_EDGE ( 'NONE', *, *, #408, .T. ) ;
#461 = CARTESIAN_POINT ( 'NONE',  ( 36.01774279923060362, 4.000000000000004441, 53.00000000000000000 ) ) ;
#462 = PRODUCT_DEFINITION ( 'UNKNOWN', '', #1079, #1479 ) ;
#463 = CARTESIAN_POINT ( 'NONE',  ( 1.000000000000000000, 1.000000000000000000, 51.00000000000000000 ) ) ;
#464 = DIRECTION ( 'NONE',  ( 1.000000000000000000, 0.000000000000000000, 0.000000000000000000 ) ) ;
#465 = VECTOR ( 'NONE', #113, 1000.000000000000000 ) ;
#466 = DIRECTION ( 'NONE',  ( 0.000000000000000000, 0.000000000000000000, -1.000000000000000000 ) ) ;
#467 = DIRECTION ( 'NONE',  ( -1.000000000000000000, -1.084202172485504804E-16, 0.000000000000000000 ) ) ;
#468 = VECTOR ( 'NONE', #942, 1000.000000000000000 ) ;
#469 = VECTOR ( 'NONE', #769, 1000.000000000000000 ) ;
#470 = EDGE_LOOP ( 'NONE', ( #349, #1191, #1494, #974 ) ) ;
#471 = PLANE ( 'NONE',  #59 ) ;
#472 = VECTOR ( 'NONE', #924, 1000.000000000000000 ) ;
#473 = DIRECTION ( 'NONE',  ( -1.000000000000000000, 0.000000000000000000, 0.000000000000000000 ) ) ;
#474 = LINE ( 'NONE', #329, #594 ) ;
#475 = EDGE_CURVE ( 'NONE', #1512, #332, #904, .T. ) ;
#476 = EDGE_CURVE ( 'NONE', #891, #57, #1591, .T. ) ;
#477 = FACE_OUTER_BOUND ( 'NONE', #1317, .T. ) ;
#478 = CARTESIAN_POINT ( 'NONE',  ( 10.75000000000000000, -1.000000000000000222, -5.000000000000000000 ) ) ;
#479 = VERTEX_POINT ( 'NONE', #1371 ) ;
#480 = PLANE ( 'NONE',  #1107 ) ;
#481 = ORIENTED_EDGE ( 'NONE', *, *, #415, .T. ) ;
#482 = CARTESIAN_POINT ( 'NONE',  ( 0.000000000000000000, 0.000000000000000000, 55.00000000000000000 ) ) ;
#483 = ORIENTED_EDGE ( 'NONE', *, *, #1485, .T. ) ;
#484 = DIRECTION ( 'NONE',  ( 1.000000000000000000, -5.337610695313249412E-16, 0.000000000000000000 ) ) ;
#485 = DIRECTION ( 'NONE',  ( 0.000000000000000000, -1.000000000000000000, 0.000000000000000000 ) ) ;
#486 = EDGE_CURVE ( 'NONE', #780, #1094, #267, .T. ) ;
#487 = EDGE_LOOP ( 'NONE', ( #481, #1181, #1234, #402, #324, #526, #36, #1582 ) ) ;
#488 = CARTESIAN_POINT ( 'NONE',  ( 5.749999999999994671, 24.36067977499790871, -1.974742963625110575E-15 ) ) ;
#489 = VERTEX_POINT ( 'NONE', #18 ) ;
#490 = DIRECTION ( 'NONE',  ( 1.000000000000000000, 0.000000000000000000, 0.000000000000000000 ) ) ;
#491 = DIRECTION ( 'NONE',  ( 1.000000000000000000, 0.000000000000000000, 0.000000000000000000 ) ) ;
#492 = PLANE ( 'NONE',  #1159 ) ;
#493 = DIRECTION ( 'NONE',  ( -0.000000000000000000, -0.000000000000000000, -1.000000000000000000 ) ) ;
#494 = VECTOR ( 'NONE', #734, 1000.000000000000000 ) ;
#495 = EDGE_CURVE ( 'NONE', #1247, #1407, #503, .T. ) ;
#496 = ORIENTED_EDGE ( 'NONE', *, *, #541, .F. ) ;
#497 = AXIS2_PLACEMENT_3D ( 'NONE', #1519, #188, #789 ) ;
#498 = DIRECTION ( 'NONE',  ( 0.000000000000000000, 1.000000000000000000, 0.000000000000000000 ) ) ;
#499 = DIRECTION ( 'NONE',  ( 6.938893903907232322E-16, 0.000000000000000000, 1.000000000000000000 ) ) ;
#500 = DIRECTION ( 'NONE',  ( -0.000000000000000000, -0.000000000000000000, -1.000000000000000000 ) ) ;
#501 = AXIS2_PLACEMENT_3D ( 'NONE', #1534, #442, #910 ) ;
#502 = VERTEX_POINT ( 'NONE', #1465 ) ;
#503 = LINE ( 'NONE', #1236, #519 ) ;
#504 = EDGE_CURVE ( 'NONE', #573, #539, #726, .T. ) ;
#505 = LINE ( 'NONE', #1373, #1028 ) ;
#506 = CARTESIAN_POINT ( 'NONE',  ( 15.75000000000000000, -1.000000000000001776, 40.00000000000000000 ) ) ;
#507 = DIRECTION ( 'NONE',  ( -1.000000000000000000, -1.239088197126290817E-16, -0.000000000000000000 ) ) ;
#508 = EDGE_LOOP ( 'NONE', ( #957, #1428, #242, #278 ) ) ;
#509 = DIRECTION ( 'NONE',  ( 0.000000000000000000, 0.000000000000000000, 1.000000000000000000 ) ) ;
#510 = EDGE_LOOP ( 'NONE', ( #647, #265, #291, #1463, #287, #817, #157, #101 ) ) ;
#511 = FACE_OUTER_BOUND ( 'NONE', #1386, .T. ) ;
#512 = EDGE_LOOP ( 'NONE', ( #128, #932, #61, #651 ) ) ;
#513 = EDGE_CURVE ( 'NONE', #1083, #539, #1118, .T. ) ;
#514 = DIRECTION ( 'NONE',  ( 0.000000000000000000, 1.000000000000000000, 0.000000000000000000 ) ) ;
#515 = ORIENTED_EDGE ( 'NONE', *, *, #1049, .F. ) ;
#516 = CIRCLE ( 'NONE', #1332, 2.999999999999999112 ) ;
#517 = DIRECTION ( 'NONE',  ( 0.000000000000000000, -1.000000000000000000, 0.000000000000000000 ) ) ;
#518 = VERTEX_POINT ( 'NONE', #1246 ) ;
#519 = VECTOR ( 'NONE', #148, 1000.000000000000000 ) ;
#520 = LINE ( 'NONE', #1113, #1228 ) ;
#521 = AXIS2_PLACEMENT_3D ( 'NONE', #601, #1194, #484 ) ;
#522 = PLANE ( 'NONE',  #34 ) ;
#523 = ORIENTED_EDGE ( 'NONE', *, *, #432, .F. ) ;
#524 = CARTESIAN_POINT ( 'NONE',  ( -1.999999999999999556, -2.168404344971008868E-16, 57.00000000000000000 ) ) ;
#525 = EDGE_CURVE ( 'NONE', #218, #995, #1221, .T. ) ;
#526 = ORIENTED_EDGE ( 'NONE', *, *, #476, .F. ) ;
#527 = CARTESIAN_POINT ( 'NONE',  ( 15.75000000000000000, -1.000000000000001776, 40.00000000000000000 ) ) ;
#528 = ORIENTED_EDGE ( 'NONE', *, *, #325, .T. ) ;
#529 = DIRECTION ( 'NONE',  ( -1.000000000000000000, -1.239088197126291310E-16, 0.000000000000000000 ) ) ;
#530 = ORIENTED_EDGE ( 'NONE', *, *, #308, .F. ) ;
#531 = CARTESIAN_POINT ( 'NONE',  ( 20.75000000000000000, -1.000000000000000222, -4.999999999999998224 ) ) ;
#532 = VERTEX_POINT ( 'NONE', #1088 ) ;
#533 = ORIENTED_EDGE ( 'NONE', *, *, #1157, .F. ) ;
#534 = DIRECTION ( 'NONE',  ( 1.000000000000000000, 4.336808689942018229E-16, -0.000000000000000000 ) ) ;
#535 = ORIENTED_EDGE ( 'NONE', *, *, #93, .T. ) ;
#536 = CARTESIAN_POINT ( 'NONE',  ( -2.385244779468110149E-15, 5.499999999999998224, -0.5000000000000000000 ) ) ;
#537 = CARTESIAN_POINT ( 'NONE',  ( 15.75000000000000000, -1.000000000000001776, 40.00000000000000000 ) ) ;
#538 = ADVANCED_FACE ( 'NONE', ( #1583 ), #480, .F. ) ;
#539 = VERTEX_POINT ( 'NONE', #976 ) ;
#540 = VECTOR ( 'NONE', #159, 1000.000000000000000 ) ;
#541 = EDGE_CURVE ( 'NONE', #489, #10, #1102, .T. ) ;
#542 = VERTEX_POINT ( 'NONE', #1473 ) ;
#543 = VECTOR ( 'NONE', #1043, 1000.000000000000000 ) ;
#544 = VECTOR ( 'NONE', #552, 1000.000000000000000 ) ;
#545 = DIRECTION ( 'NONE',  ( -1.239088197126291063E-16, 1.000000000000000000, -0.000000000000000000 ) ) ;
#546 = DIRECTION ( 'NONE',  ( 0.000000000000000000, 0.000000000000000000, 1.000000000000000000 ) ) ;
#547 = AXIS2_PLACEMENT_3D ( 'NONE', #673, #1406, #1155 ) ;
#548 = VERTEX_POINT ( 'NONE', #376 ) ;
#549 = AXIS2_PLACEMENT_3D ( 'NONE', #451, #936, #1219 ) ;
#550 = SURFACE_SIDE_STYLE ('',( #185 ) ) ;
#551 = EDGE_CURVE ( 'NONE', #502, #803, #863, .T. ) ;
#552 = DIRECTION ( 'NONE',  ( -1.239088197126291310E-16, 1.000000000000000000, -0.000000000000000000 ) ) ;
#553 = CARTESIAN_POINT ( 'NONE',  ( -1.999999999999999556, -1.000000000000000222, 57.00000000000000000 ) ) ;
#554 = CARTESIAN_POINT ( 'NONE',  ( 10.25000000000000178, 3.500000000000001332, 0.000000000000000000 ) ) ;
#555 = ORIENTED_EDGE ( 'NONE', *, *, #1444, .T. ) ;
#556 = CARTESIAN_POINT ( 'NONE',  ( 21.74999999999999645, -1.000000000000001554, 15.00000000000000000 ) ) ;
#557 = ADVANCED_FACE ( 'NONE', ( #1009 ), #322, .F. ) ;
#558 = DIRECTION ( 'NONE',  ( -1.000000000000000000, -4.336808689942019708E-16, -0.000000000000000000 ) ) ;
#559 = LINE ( 'NONE', #660, #1399 ) ;
#560 = EDGE_LOOP ( 'NONE', ( #608, #406, #1106, #174 ) ) ;
#561 = CARTESIAN_POINT ( 'NONE',  ( 19.75000000000000000, 7.000000000000006217, -2.000000000000000000 ) ) ;
#562 = VERTEX_POINT ( 'NONE', #637 ) ;
#563 = VECTOR ( 'NONE', #1207, 1000.000000000000000 ) ;
#564 = DIRECTION ( 'NONE',  ( -1.000000000000000000, 0.000000000000000000, -0.000000000000000000 ) ) ;
#565 = FACE_OUTER_BOUND ( 'NONE', #1226, .T. ) ;
#566 = CIRCLE ( 'NONE', #1081, 5.999999999999998224 ) ;
#567 = CARTESIAN_POINT ( 'NONE',  ( 0.000000000000000000, 2.100000000000000089, 55.00000000000000000 ) ) ;
#568 = VECTOR ( 'NONE', #296, 1000.000000000000000 ) ;
#569 = CARTESIAN_POINT ( 'NONE',  ( -1.999999999999999556, -2.168404344971008868E-16, 57.00000000000000000 ) ) ;
#570 = EDGE_CURVE ( 'NONE', #539, #1407, #284, .T. ) ;
#571 = VERTEX_POINT ( 'NONE', #764 ) ;
#572 = DIRECTION ( 'NONE',  ( -1.000000000000000000, 5.782411586589351722E-16, 0.000000000000000000 ) ) ;
#573 = VERTEX_POINT ( 'NONE', #401 ) ;
#574 = CARTESIAN_POINT ( 'NONE',  ( 0.000000000000000000, 2.000000000000000000, 0.000000000000000000 ) ) ;
#575 = CARTESIAN_POINT ( 'NONE',  ( 19.74999999999999645, 0.5000000000000056621, 0.000000000000000000 ) ) ;
#576 = PLANE ( 'NONE',  #418 ) ;
#577 = LINE ( 'NONE', #107, #65 ) ;
#578 = ADVANCED_FACE ( 'NONE', ( #32, #890 ), #440, .T. ) ;
#579 = VERTEX_POINT ( 'NONE', #1533 ) ;
#580 = DIRECTION ( 'NONE',  ( 1.000000000000000000, -8.673617379884038430E-16, 0.000000000000000000 ) ) ;
#581 = CARTESIAN_POINT ( 'NONE',  ( 13.29999999999999893, 5.949999999999999289, 0.000000000000000000 ) ) ;
#582 = FACE_BOUND ( 'NONE', #121, .T. ) ;
#583 = CARTESIAN_POINT ( 'NONE',  ( 15.75000000000000000, 1.000000000000002220, 40.00000000000000000 ) ) ;
#584 = DIRECTION ( 'NONE',  ( 1.000000000000000000, 1.239088197126291063E-16, 0.000000000000000000 ) ) ;
#585 = ORIENTED_EDGE ( 'NONE', *, *, #908, .F. ) ;
#586 = CARTESIAN_POINT ( 'NONE',  ( 15.75000000000000000, 1.000000000000002220, 40.00000000000000000 ) ) ;
#587 = EDGE_CURVE ( 'NONE', #562, #780, #1253, .T. ) ;
#588 = LINE ( 'NONE', #88, #1258 ) ;
#589 = DIRECTION ( 'NONE',  ( 1.239088197126291063E-16, -1.000000000000000000, 0.000000000000000000 ) ) ;
#590 = AXIS2_PLACEMENT_3D ( 'NONE', #865, #491, #255 ) ;
#591 = CARTESIAN_POINT ( 'NONE',  ( 10.25000000000000178, 2.000000000000001332, 0.000000000000000000 ) ) ;
#592 = DIRECTION ( 'NONE',  ( 0.000000000000000000, 0.000000000000000000, 1.000000000000000000 ) ) ;
#593 = VECTOR ( 'NONE', #1227, 1000.000000000000000 ) ;
#594 = VECTOR ( 'NONE', #711, 1000.000000000000000 ) ;
#595 = ORIENTED_EDGE ( 'NONE', *, *, #486, .F. ) ;
#596 = CARTESIAN_POINT ( 'NONE',  ( 33.50000000000000000, 4.102566777143633774E-15, 0.000000000000000000 ) ) ;
#597 = CARTESIAN_POINT ( 'NONE',  ( 9.749999999999998224, -1.000000000000002887, 15.00000000000000000 ) ) ;
#598 = CARTESIAN_POINT ( 'NONE',  ( 20.75000000000000000, 24.36067977499790871, -4.999999999999998224 ) ) ;
#599 = VECTOR ( 'NONE', #786, 1000.000000000000000 ) ;
#600 = EDGE_CURVE ( 'NONE', #828, #657, #164, .T. ) ;
#601 = CARTESIAN_POINT ( 'NONE',  ( 18.24999999999999645, -9.741139518946685749E-15, -0.5000000000000000000 ) ) ;
#602 = DIRECTION ( 'NONE',  ( -1.000000000000000000, 0.000000000000000000, 0.000000000000000000 ) ) ;
#603 = ORIENTED_EDGE ( 'NONE', *, *, #1112, .F. ) ;
#604 = DIRECTION ( 'NONE',  ( 1.000000000000000000, 1.445602896647339656E-16, 0.000000000000000000 ) ) ;
#605 = EDGE_LOOP ( 'NONE', ( #515, #638, #1123, #285 ) ) ;
#606 =( NAMED_UNIT ( * ) SI_UNIT ( $, .STERADIAN. ) SOLID_ANGLE_UNIT ( ) );
#607 = CARTESIAN_POINT ( 'NONE',  ( 13.25000000000000355, 5.500000000000004441, -0.5000000000000000000 ) ) ;
#608 = ORIENTED_EDGE ( 'NONE', *, *, #1100, .F. ) ;
#609 = EDGE_CURVE ( 'NONE', #10, #739, #1279, .T. ) ;
#610 = CARTESIAN_POINT ( 'NONE',  ( 19.74999999999999645, 0.5000000000000056621, -0.5000000000000000000 ) ) ;
#611 = DIRECTION ( 'NONE',  ( 0.000000000000000000, -0.000000000000000000, 1.000000000000000000 ) ) ;
#612 = VERTEX_POINT ( 'NONE', #567 ) ;
#613 = DIRECTION ( 'NONE',  ( -0.000000000000000000, -0.000000000000000000, -1.000000000000000000 ) ) ;
#614 = SHAPE_DEFINITION_REPRESENTATION ( #689, #1027 ) ;
#615 = DIRECTION ( 'NONE',  ( 1.239088197126291063E-16, -1.000000000000000000, 0.000000000000000000 ) ) ;
#616 = ORIENTED_EDGE ( 'NONE', *, *, #337, .T. ) ;
#617 = LINE ( 'NONE', #381, #40 ) ;
#618 = VERTEX_POINT ( 'NONE', #290 ) ;
#619 = EDGE_CURVE ( 'NONE', #618, #489, #1126, .T. ) ;
#620 = VECTOR ( 'NONE', #1133, 1000.000000000000000 ) ;
#621 = FACE_OUTER_BOUND ( 'NONE', #796, .T. ) ;
#622 = VERTEX_POINT ( 'NONE', #67 ) ;
#623 = CARTESIAN_POINT ( 'NONE',  ( 21.24999999999999645, 3.500000000000002665, 0.000000000000000000 ) ) ;
#624 = LINE ( 'NONE', #152, #1568 ) ;
#625 = VERTEX_POINT ( 'NONE', #199 ) ;
#626 = PLANE ( 'NONE',  #1008 ) ;
#627 = VECTOR ( 'NONE', #223, 1000.000000000000000 ) ;
#628 = EDGE_LOOP ( 'NONE', ( #1216, #980, #944, #258 ) ) ;
#629 = ADVANCED_FACE ( 'NONE', ( #919 ), #897, .F. ) ;
#630 = DIRECTION ( 'NONE',  ( 1.000000000000000000, 0.000000000000000000, 0.000000000000000000 ) ) ;
#631 = ORIENTED_EDGE ( 'NONE', *, *, #1442, .T. ) ;
#632 = CARTESIAN_POINT ( 'NONE',  ( 0.000000000000000000, 0.000000000000000000, 0.000000000000000000 ) ) ;
#633 = LINE ( 'NONE', #371, #1280 ) ;
#634 = ORIENTED_EDGE ( 'NONE', *, *, #698, .F. ) ;
#635 = DIRECTION ( 'NONE',  ( 0.000000000000000000, 0.000000000000000000, -1.000000000000000000 ) ) ;
#636 = ORIENTED_EDGE ( 'NONE', *, *, #964, .T. ) ;
#637 = CARTESIAN_POINT ( 'NONE',  ( 33.50000000000000000, -1.000000000000000222, 57.00000000000000000 ) ) ;
#638 = ORIENTED_EDGE ( 'NONE', *, *, #1526, .T. ) ;
#639 = EDGE_CURVE ( 'NONE', #518, #1372, #927, .T. ) ;
#640 = CARTESIAN_POINT ( 'NONE',  ( 21.75000000000000000, 1.000000000000003109, 40.00000000000000000 ) ) ;
#641 = EDGE_LOOP ( 'NONE', ( #603, #761, #234, #523 ) ) ;
#642 = EDGE_CURVE ( 'NONE', #532, #45, #1156, .T. ) ;
#643 = CARTESIAN_POINT ( 'NONE',  ( 18.19999999999999929, 5.949999999999999289, 0.000000000000000000 ) ) ;
#644 = AXIS2_PLACEMENT_3D ( 'NONE', #710, #961, #993 ) ;
#645 = ORIENTED_EDGE ( 'NONE', *, *, #804, .T. ) ;
#646 = CARTESIAN_POINT ( 'NONE',  ( 18.24999999999999645, -9.741139518946685749E-15, -2.000000000000000000 ) ) ;
#647 = ORIENTED_EDGE ( 'NONE', *, *, #1412, .F. ) ;
#648 = AXIS2_PLACEMENT_3D ( 'NONE', #1477, #752, #272 ) ;
#649 = VECTOR ( 'NONE', #1313, 1000.000000000000000 ) ;
#650 = CIRCLE ( 'NONE', #1032, 1.499999999999999556 ) ;
#651 = ORIENTED_EDGE ( 'NONE', *, *, #551, .F. ) ;
#652 = EDGE_CURVE ( 'NONE', #1244, #382, #687, .T. ) ;
#653 = CARTESIAN_POINT ( 'NONE',  ( -2.000000000000000000, -2.449293598294706907E-16, 0.000000000000000000 ) ) ;
#654 = VERTEX_POINT ( 'NONE', #1551 ) ;
#655 = ORIENTED_EDGE ( 'NONE', *, *, #1015, .T. ) ;
#656 = PLANE ( 'NONE',  #1077 ) ;
#657 = VERTEX_POINT ( 'NONE', #449 ) ;
#658 = CARTESIAN_POINT ( 'NONE',  ( 0.000000000000000000, 2.100000000000000089, 57.00000000000000000 ) ) ;
#659 = ADVANCED_FACE ( 'NONE', ( #1387 ), #1509, .F. ) ;
#660 = CARTESIAN_POINT ( 'NONE',  ( 31.50000000000000000, 4.102566777143633774E-15, 55.00000000000000000 ) ) ;
#661 = ORIENTED_EDGE ( 'NONE', *, *, #1169, .F. ) ;
#662 = ORIENTED_EDGE ( 'NONE', *, *, #38, .T. ) ;
#663 = DIRECTION ( 'NONE',  ( -1.239088197126291063E-16, 1.000000000000000000, 0.000000000000000000 ) ) ;
#664 = DIRECTION ( 'NONE',  ( 1.000000000000000000, 0.000000000000000000, 0.000000000000000000 ) ) ;
#665 = EDGE_CURVE ( 'NONE', #562, #542, #935, .T. ) ;
#666 = ORIENTED_EDGE ( 'NONE', *, *, #1543, .F. ) ;
#667 = VECTOR ( 'NONE', #386, 1000.000000000000000 ) ;
#668 = VERTEX_POINT ( 'NONE', #1426 ) ;
#669 = CIRCLE ( 'NONE', #11, 1.500000000000001332 ) ;
#670 = VECTOR ( 'NONE', #500, 1000.000000000000000 ) ;
#671 = DIRECTION ( 'NONE',  ( 0.000000000000000000, -1.000000000000000000, 0.000000000000000000 ) ) ;
#672 = CARTESIAN_POINT ( 'NONE',  ( 5.750000000000001776, 24.36067977499790871, -5.000000000000001776 ) ) ;
#673 = CARTESIAN_POINT ( 'NONE',  ( 13.25000000000000178, 5.500000000000004441, -2.000000000000000000 ) ) ;
#674 = ORIENTED_EDGE ( 'NONE', *, *, #609, .F. ) ;
#675 = VECTOR ( 'NONE', #493, 1000.000000000000000 ) ;
#676 = ADVANCED_FACE ( 'NONE', ( #330 ), #156, .F. ) ;
#677 = EDGE_LOOP ( 'NONE', ( #666, #585, #1452, #1110 ) ) ;
#678 = CARTESIAN_POINT ( 'NONE',  ( 0.000000000000000000, 0.000000000000000000, 55.00000000000000000 ) ) ;
#679 = DIRECTION ( 'NONE',  ( 0.000000000000000000, -0.000000000000000000, 1.000000000000000000 ) ) ;
#680 = LINE ( 'NONE', #192, #299 ) ;
#681 = ORIENTED_EDGE ( 'NONE', *, *, #1389, .F. ) ;
#682 = CARTESIAN_POINT ( 'NONE',  ( 0.000000000000000000, 2.000000000000000000, 55.00000000000000000 ) ) ;
#683 = ORIENTED_EDGE ( 'NONE', *, *, #1532, .F. ) ;
#684 = DIRECTION ( 'NONE',  ( -1.239088197126291310E-16, 1.000000000000000000, -0.000000000000000000 ) ) ;
#685 = CARTESIAN_POINT ( 'NONE',  ( 21.75000000000000000, -1.000000000000001110, 40.00000000000000000 ) ) ;
#686 = EDGE_CURVE ( 'NONE', #625, #136, #1304, .T. ) ;
#687 = LINE ( 'NONE', #1178, #1231 ) ;
#688 = FACE_OUTER_BOUND ( 'NONE', #508, .T. ) ;
#689 = PRODUCT_DEFINITION_SHAPE ( 'NONE', 'NONE',  #462 ) ;
#690 = ORIENTED_EDGE ( 'NONE', *, *, #366, .T. ) ;
#691 = CYLINDRICAL_SURFACE ( 'NONE', #852, 2.000000000000000000 ) ;
#692 = ORIENTED_EDGE ( 'NONE', *, *, #1245, .T. ) ;
#693 = CIRCLE ( 'NONE', #8, 1.500000000000001332 ) ;
#694 = LINE ( 'NONE', #463, #391 ) ;
#695 = AXIS2_PLACEMENT_3D ( 'NONE', #219, #1416, #716 ) ;
#696 = CARTESIAN_POINT ( 'NONE',  ( -1.858632295689436595E-16, 3.500000000000000000, -3.500000000000003109 ) ) ;
#697 = VECTOR ( 'NONE', #1251, 1000.000000000000000 ) ;
#698 = EDGE_CURVE ( 'NONE', #446, #780, #1211, .T. ) ;
#699 = FACE_OUTER_BOUND ( 'NONE', #512, .T. ) ;
#700 = FACE_OUTER_BOUND ( 'NONE', #729, .T. ) ;
#701 = ORIENTED_EDGE ( 'NONE', *, *, #195, .T. ) ;
#702 = CARTESIAN_POINT ( 'NONE',  ( 0.000000000000000000, 0.000000000000000000, 0.000000000000000000 ) ) ;
#703 = PLANE ( 'NONE',  #771 ) ;
#704 = DIRECTION ( 'NONE',  ( 1.000000000000000000, 0.000000000000000000, 0.000000000000000000 ) ) ;
#705 = LINE ( 'NONE', #1588, #1495 ) ;
#706 = CARTESIAN_POINT ( 'NONE',  ( 15.74999999999999645, -1.000000000000002220, 15.00000000000000000 ) ) ;
#707 = EDGE_CURVE ( 'NONE', #1517, #1053, #981, .T. ) ;
#708 = ORIENTED_EDGE ( 'NONE', *, *, #408, .F. ) ;
#709 = EDGE_CURVE ( 'NONE', #306, #768, #721, .T. ) ;
#710 = CARTESIAN_POINT ( 'NONE',  ( 13.25000000000000178, 3.500000000000001332, -3.500000000000000000 ) ) ;
#711 = DIRECTION ( 'NONE',  ( 1.000000000000000000, 1.323094176592479975E-16, 0.000000000000000000 ) ) ;
#712 = DIRECTION ( 'NONE',  ( 0.000000000000000000, -0.000000000000000000, -1.000000000000000000 ) ) ;
#713 = CARTESIAN_POINT ( 'NONE',  ( 0.000000000000000000, 0.000000000000000000, 0.000000000000000000 ) ) ;
#714 = EDGE_LOOP ( 'NONE', ( #783, #959, #1359 ) ) ;
#715 = EDGE_CURVE ( 'NONE', #922, #1517, #91, .T. ) ;
#716 = DIRECTION ( 'NONE',  ( 0.000000000000000000, 0.000000000000000000, 1.000000000000000000 ) ) ;
#717 = LINE ( 'NONE', #1424, #794 ) ;
#718 = DIRECTION ( 'NONE',  ( 1.000000000000000000, 0.000000000000000000, 0.000000000000000000 ) ) ;
#719 = ORIENTED_EDGE ( 'NONE', *, *, #443, .T. ) ;
#720 = AXIS2_PLACEMENT_3D ( 'NONE', #260, #892, #741 ) ;
#721 = LINE ( 'NONE', #610, #745 ) ;
#722 = LINE ( 'NONE', #215, #1316 ) ;
#723 = AXIS2_PLACEMENT_3D ( 'NONE', #1449, #958, #580 ) ;
#724 = VECTOR ( 'NONE', #46, 1000.000000000000000 ) ;
#725 = ORIENTED_EDGE ( 'NONE', *, *, #812, .T. ) ;
#726 = LINE ( 'NONE', #277, #774 ) ;
#727 = EDGE_CURVE ( 'NONE', #382, #397, #705, .T. ) ;
#728 = DIRECTION ( 'NONE',  ( -1.239088197126291063E-16, 1.000000000000000000, -0.000000000000000000 ) ) ;
#729 = EDGE_LOOP ( 'NONE', ( #1087, #555, #856, #991 ) ) ;
#730 = DIRECTION ( 'NONE',  ( 1.000000000000000000, 1.445602896647339656E-16, 0.000000000000000000 ) ) ;
#731 = LINE ( 'NONE', #127, #1527 ) ;
#732 = VERTEX_POINT ( 'NONE', #373 ) ;
#733 = PLANE ( 'NONE',  #750 ) ;
#734 = DIRECTION ( 'NONE',  ( -1.000000000000000000, -1.239088197126290817E-16, -0.000000000000000000 ) ) ;
#735 = DIRECTION ( 'NONE',  ( 0.000000000000000000, 0.000000000000000000, -1.000000000000000000 ) ) ;
#736 = EDGE_LOOP ( 'NONE', ( #289, #384, #907, #1468, #661, #1423, #410, #209, #94, #888, #368, #1525, #1379, #1220 ) ) ;
#737 = EDGE_CURVE ( 'NONE', #828, #479, #1434, .T. ) ;
#738 = LINE ( 'NONE', #894, #697 ) ;
#739 = VERTEX_POINT ( 'NONE', #1453 ) ;
#740 = FACE_OUTER_BOUND ( 'NONE', #1584, .T. ) ;
#741 = DIRECTION ( 'NONE',  ( -1.000000000000000000, 0.000000000000000000, -1.734723475976806108E-16 ) ) ;
#742 = DIRECTION ( 'NONE',  ( 0.000000000000000000, 0.000000000000000000, 1.000000000000000000 ) ) ;
#743 = CIRCLE ( 'NONE', #847, 1.500000000000001332 ) ;
#744 = ADVANCED_FACE ( 'NONE', ( #477 ), #339, .T. ) ;
#745 = VECTOR ( 'NONE', #458, 1000.000000000000000 ) ;
#746 = ORIENTED_EDGE ( 'NONE', *, *, #1042, .T. ) ;
#747 = AXIS2_PLACEMENT_3D ( 'NONE', #696, #1186, #589 ) ;
#748 = DIRECTION ( 'NONE',  ( -1.000000000000000000, 0.000000000000000000, 0.000000000000000000 ) ) ;
#749 = VERTEX_POINT ( 'NONE', #591 ) ;
#750 = AXIS2_PLACEMENT_3D ( 'NONE', #244, #252, #509 ) ;
#751 = DIRECTION ( 'NONE',  ( -1.000000000000000000, 0.000000000000000000, -1.156482317317871331E-15 ) ) ;
#752 = DIRECTION ( 'NONE',  ( -0.000000000000000000, 0.000000000000000000, 1.000000000000000000 ) ) ;
#753 = DIRECTION ( 'NONE',  ( 1.000000000000000000, 0.000000000000000000, -0.000000000000000000 ) ) ;
#754 = EDGE_CURVE ( 'NONE', #998, #571, #826, .T. ) ;
#755 = FACE_OUTER_BOUND ( 'NONE', #628, .T. ) ;
#756 = DIRECTION ( 'NONE',  ( 1.000000000000000000, 1.239088197126291063E-16, -0.000000000000000000 ) ) ;
#757 = EDGE_CURVE ( 'NONE', #1331, #1576, #1339, .T. ) ;
#758 = ORIENTED_EDGE ( 'NONE', *, *, #301, .F. ) ;
#759 = DIRECTION ( 'NONE',  ( -1.156482317317871331E-15, 0.000000000000000000, 1.000000000000000000 ) ) ;
#760 = DIRECTION ( 'NONE',  ( 1.000000000000000000, 1.239088197126291063E-16, 0.000000000000000000 ) ) ;
#761 = ORIENTED_EDGE ( 'NONE', *, *, #727, .F. ) ;
#762 = DIRECTION ( 'NONE',  ( -1.000000000000000000, -1.323094176592479975E-16, -0.000000000000000000 ) ) ;
#763 = ORIENTED_EDGE ( 'NONE', *, *, #875, .F. ) ;
#764 = CARTESIAN_POINT ( 'NONE',  ( 31.50000000000000000, 2.100000000000000089, 55.00000000000000000 ) ) ;
#765 = ORIENTED_EDGE ( 'NONE', *, *, #415, .F. ) ;
#766 = ADVANCED_FACE ( 'NONE', ( #699 ), #1218, .T. ) ;
#767 = DIRECTION ( 'NONE',  ( 0.000000000000000000, 0.000000000000000000, -1.000000000000000000 ) ) ;
#768 = VERTEX_POINT ( 'NONE', #972 ) ;
#769 = DIRECTION ( 'NONE',  ( 0.000000000000000000, 0.000000000000000000, 1.000000000000000000 ) ) ;
#770 = UNCERTAINTY_MEASURE_WITH_UNIT (LENGTH_MEASURE( 1.000000000000000082E-05 ), #1265, 'distance_accuracy_value', 'NONE');
#771 = AXIS2_PLACEMENT_3D ( 'NONE', #482, #1192, #564 ) ;
#772 = EDGE_LOOP ( 'NONE', ( #1523, #146 ) ) ;
#773 = ORIENTED_EDGE ( 'NONE', *, *, #1325, .T. ) ;
#774 = VECTOR ( 'NONE', #756, 1000.000000000000000 ) ;
#775 = CIRCLE ( 'NONE', #295, 1.499999999999999556 ) ;
#776 =( NAMED_UNIT ( * ) SI_UNIT ( $, .STERADIAN. ) SOLID_ANGLE_UNIT ( ) );
#777 = ORIENTED_EDGE ( 'NONE', *, *, #1398, .F. ) ;
#778 = EDGE_CURVE ( 'NONE', #518, #168, #353, .T. ) ;
#779 = CARTESIAN_POINT ( 'NONE',  ( 18.19999999999999929, 4.049999999999999822, 0.000000000000000000 ) ) ;
#780 = VERTEX_POINT ( 'NONE', #238 ) ;
#781 = CLOSED_SHELL ( 'NONE', ( #996, #1197, #193, #538, #785, #857, #578, #377, #425, #1381, #246, #676, #1150, #453, #1496, #399, #29, #145, #1003, #177, #1475, #355, #557, #629, #659, #792, #1040, #1345, #1189, #1312, #766, #7, #1378, #1367, #26, #1235, #1206, #318, #952, #17, #183, #744, #1023, #72, #1291, #1224, #1143, #264, #203, #1217, #70, #63 ) ) ;
#782 = VERTEX_POINT ( 'NONE', #116 ) ;
#783 = ORIENTED_EDGE ( 'NONE', *, *, #1257, .F. ) ;
#784 = DIRECTION ( 'NONE',  ( -0.000000000000000000, -1.000000000000000000, -0.000000000000000000 ) ) ;
#785 = ADVANCED_FACE ( 'NONE', ( #1460 ), #492, .F. ) ;
#786 = DIRECTION ( 'NONE',  ( -1.000000000000000000, -0.000000000000000000, -0.000000000000000000 ) ) ;
#787 = ORIENTED_EDGE ( 'NONE', *, *, #1177, .T. ) ;
#788 = FILL_AREA_STYLE_COLOUR ( '', #266 ) ;
#789 = DIRECTION ( 'NONE',  ( 1.000000000000000000, 0.000000000000000000, 0.000000000000000000 ) ) ;
#790 = DIRECTION ( 'NONE',  ( -1.000000000000000000, 0.000000000000000000, 0.000000000000000000 ) ) ;
#791 = DIRECTION ( 'NONE',  ( 0.000000000000000000, -1.000000000000000000, 0.000000000000000000 ) ) ;
#792 = ADVANCED_FACE ( 'NONE', ( #1340 ), #576, .F. ) ;
#793 = ORIENTED_EDGE ( 'NONE', *, *, #1486, .F. ) ;
#794 = VECTOR ( 'NONE', #1185, 1000.000000000000000 ) ;
#795 = PRESENTATION_STYLE_ASSIGNMENT (( #1293 ) ) ;
#796 = EDGE_LOOP ( 'NONE', ( #28, #1472, #874, #268, #977, #1168, #50, #1306, #1277 ) ) ;
#797 = VECTOR ( 'NONE', #1067, 1000.000000000000000 ) ;
#798 = CIRCLE ( 'NONE', #1184, 1.499999999999999556 ) ;
#799 = PLANE ( 'NONE',  #191 ) ;
#800 = DIRECTION ( 'NONE',  ( 0.000000000000000000, -0.000000000000000000, 1.000000000000000000 ) ) ;
#801 = CARTESIAN_POINT ( 'NONE',  ( 30.50000000000000000, 1.000000000000003997, 51.00000000000000000 ) ) ;
#802 = AXIS2_PLACEMENT_3D ( 'NONE', #537, #303, #317 ) ;
#803 = VERTEX_POINT ( 'NONE', #249 ) ;
#804 = EDGE_CURVE ( 'NONE', #1474, #1252, #1445, .T. ) ;
#805 = LINE ( 'NONE', #461, #472 ) ;
#806 = ORIENTED_EDGE ( 'NONE', *, *, #1267, .T. ) ;
#807 = FACE_OUTER_BOUND ( 'NONE', #470, .T. ) ;
#808 = DIRECTION ( 'NONE',  ( 5.337610695313254343E-16, 1.000000000000000000, 0.000000000000000000 ) ) ;
#809 = CARTESIAN_POINT ( 'NONE',  ( -1.999999999999999556, -2.168404344971008868E-16, 57.00000000000000000 ) ) ;
#810 = ORIENTED_EDGE ( 'NONE', *, *, #1078, .T. ) ;
#811 = DIRECTION ( 'NONE',  ( 1.239088197126291063E-16, -1.000000000000000000, 0.000000000000000000 ) ) ;
#812 = EDGE_CURVE ( 'NONE', #1414, #1083, #1321, .T. ) ;
#813 = CARTESIAN_POINT ( 'NONE',  ( 10.75000000000000178, 2.000000000000001776, -10.00000000000000000 ) ) ;
#814 = FACE_OUTER_BOUND ( 'NONE', #96, .T. ) ;
#815 = CARTESIAN_POINT ( 'NONE',  ( 33.50000000000000000, -1.000000000000000222, 55.00000000000000000 ) ) ;
#816 = DIRECTION ( 'NONE',  ( 0.000000000000000000, -1.000000000000000000, 0.000000000000000000 ) ) ;
#817 = ORIENTED_EDGE ( 'NONE', *, *, #1543, .T. ) ;
#818 = FACE_OUTER_BOUND ( 'NONE', #971, .T. ) ;
#819 = AXIS2_PLACEMENT_3D ( 'NONE', #506, #1001, #1229 ) ;
#820 = CARTESIAN_POINT ( 'NONE',  ( 36.01774279923060362, 2.100000000000000089, 55.00000000000000000 ) ) ;
#821 = VECTOR ( 'NONE', #1501, 1000.000000000000000 ) ;
#822 = CARTESIAN_POINT ( 'NONE',  ( 15.75000000000000000, -1.000000000000001776, 40.00000000000000000 ) ) ;
#823 = EDGE_CURVE ( 'NONE', #502, #218, #617, .T. ) ;
#824 = VECTOR ( 'NONE', #901, 1000.000000000000000 ) ;
#825 = EDGE_CURVE ( 'NONE', #654, #1101, #39, .T. ) ;
#826 = LINE ( 'NONE', #99, #1544 ) ;
#827 = CARTESIAN_POINT ( 'NONE',  ( 21.24999999999999645, 3.500000000000002665, 55.00000000000000000 ) ) ;
#828 = VERTEX_POINT ( 'NONE', #398 ) ;
#829 = VECTOR ( 'NONE', #60, 1000.000000000000000 ) ;
#830 = CARTESIAN_POINT ( 'NONE',  ( 0.000000000000000000, 0.000000000000000000, 55.00000000000000000 ) ) ;
#831 = CIRCLE ( 'NONE', #147, 5.999999999999998224 ) ;
#832 = DIRECTION ( 'NONE',  ( 0.000000000000000000, -1.000000000000000000, 0.000000000000000000 ) ) ;
#833 = FACE_BOUND ( 'NONE', #772, .T. ) ;
#834 = DIRECTION ( 'NONE',  ( -0.000000000000000000, -1.000000000000000000, -0.000000000000000000 ) ) ;
#835 = CYLINDRICAL_SURFACE ( 'NONE', #417, 1.499999999999999556 ) ;
#836 = EDGE_CURVE ( 'NONE', #573, #1474, #288, .T. ) ;
#837 = VERTEX_POINT ( 'NONE', #643 ) ;
#838 = EDGE_LOOP ( 'NONE', ( #1230, #1590, #387, #631 ) ) ;
#839 = LINE ( 'NONE', #813, #465 ) ;
#840 = DIRECTION ( 'NONE',  ( 0.000000000000000000, 0.000000000000000000, 1.000000000000000000 ) ) ;
#841 = ORIENTED_EDGE ( 'NONE', *, *, #1062, .T. ) ;
#842 = CARTESIAN_POINT ( 'NONE',  ( 10.75000000000000000, 24.36067977499790871, -5.000000000000000000 ) ) ;
#843 = DIRECTION ( 'NONE',  ( -1.000000000000000000, 0.000000000000000000, -0.000000000000000000 ) ) ;
#844 = EDGE_CURVE ( 'NONE', #57, #668, #1513, .T. ) ;
#845 = ORIENTED_EDGE ( 'NONE', *, *, #1160, .T. ) ;
#846 = CARTESIAN_POINT ( 'NONE',  ( 11.75000000000000355, 5.500000000000005329, -2.000000000000000000 ) ) ;
#847 = AXIS2_PLACEMENT_3D ( 'NONE', #623, #872, #1476 ) ;
#848 = DIRECTION ( 'NONE',  ( -1.239088197126291063E-16, 1.000000000000000000, -0.000000000000000000 ) ) ;
#849 = VERTEX_POINT ( 'NONE', #861 ) ;
#850 = DIRECTION ( 'NONE',  ( -5.337610695313253357E-16, -1.000000000000000000, 0.000000000000000000 ) ) ;
#851 = DIRECTION ( 'NONE',  ( 0.000000000000000000, -0.000000000000000000, 1.000000000000000000 ) ) ;
#852 = AXIS2_PLACEMENT_3D ( 'NONE', #350, #1326, #75 ) ;
#853 = AXIS2_PLACEMENT_3D ( 'NONE', #144, #997, #1487 ) ;
#854 = ORIENTED_EDGE ( 'NONE', *, *, #1078, .F. ) ;
#855 = PLANE ( 'NONE',  #341 ) ;
#856 = ORIENTED_EDGE ( 'NONE', *, *, #275, .F. ) ;
#857 = ADVANCED_FACE ( 'NONE', ( #389 ), #626, .F. ) ;
#858 = LINE ( 'NONE', #151, #1540 ) ;
#859 = CARTESIAN_POINT ( 'NONE',  ( 18.25000000000000000, 7.000000000000005329, 0.000000000000000000 ) ) ;
#860 = ORIENTED_EDGE ( 'NONE', *, *, #609, .T. ) ;
#861 = CARTESIAN_POINT ( 'NONE',  ( 18.19999999999999929, 5.949999999999999289, 2.000000000000000000 ) ) ;
#862 = ORIENTED_EDGE ( 'NONE', *, *, #551, .T. ) ;
#863 = LINE ( 'NONE', #672, #1307 ) ;
#864 = ORIENTED_EDGE ( 'NONE', *, *, #1333, .T. ) ;
#865 = CARTESIAN_POINT ( 'NONE',  ( 0.000000000000000000, 4.000000000000000000, 51.00000000000000000 ) ) ;
#866 = ORIENTED_EDGE ( 'NONE', *, *, #1430, .F. ) ;
#867 = EDGE_CURVE ( 'NONE', #657, #194, #738, .T. ) ;
#868 = CARTESIAN_POINT ( 'NONE',  ( 0.000000000000000000, 2.000000000000000000, 0.000000000000000000 ) ) ;
#869 = ORIENTED_EDGE ( 'NONE', *, *, #112, .F. ) ;
#870 = CARTESIAN_POINT ( 'NONE',  ( 25.75000000000000711, -1.000000000000000222, 0.000000000000000000 ) ) ;
#871 = ORIENTED_EDGE ( 'NONE', *, *, #823, .F. ) ;
#872 = DIRECTION ( 'NONE',  ( -0.000000000000000000, 0.000000000000000000, -1.000000000000000000 ) ) ;
#873 = CARTESIAN_POINT ( 'NONE',  ( 25.75000000000000355, 24.36067977499790871, -4.999999999999995559 ) ) ;
#874 = ORIENTED_EDGE ( 'NONE', *, *, #112, .T. ) ;
#875 = EDGE_CURVE ( 'NONE', #1252, #57, #15, .T. ) ;
#876 = LINE ( 'NONE', #868, #441 ) ;
#877 = VECTOR ( 'NONE', #1114, 1000.000000000000000 ) ;
#878 = EDGE_CURVE ( 'NONE', #343, #1252, #162, .T. ) ;
#879 = AXIS2_PLACEMENT_3D ( 'NONE', #1358, #129, #748 ) ;
#880 = ORIENTED_EDGE ( 'NONE', *, *, #212, .F. ) ;
#881 = VECTOR ( 'NONE', #176, 1000.000000000000000 ) ;
#882 = CARTESIAN_POINT ( 'NONE',  ( 33.50000000000000000, -1.000000000000000222, 0.000000000000000000 ) ) ;
#883 = ORIENTED_EDGE ( 'NONE', *, *, #1283, .F. ) ;
#884 = DIRECTION ( 'NONE',  ( 0.000000000000000000, 0.000000000000000000, -1.000000000000000000 ) ) ;
#885 = ORIENTED_EDGE ( 'NONE', *, *, #825, .F. ) ;
#886 = DIRECTION ( 'NONE',  ( -1.387778780781445676E-15, -1.719580307488603941E-31, 1.000000000000000000 ) ) ;
#887 = AXIS2_PLACEMENT_3D ( 'NONE', #362, #1068, #851 ) ;
#888 = ORIENTED_EDGE ( 'NONE', *, *, #1157, .T. ) ;
#889 = EDGE_CURVE ( 'NONE', #43, #10, #650, .T. ) ;
#890 = FACE_BOUND ( 'NONE', #119, .T. ) ;
#891 = VERTEX_POINT ( 'NONE', #524 ) ;
#892 = DIRECTION ( 'NONE',  ( 1.734723475976806108E-16, 0.000000000000000000, -1.000000000000000000 ) ) ;
#893 = ORIENTED_EDGE ( 'NONE', *, *, #1109, .F. ) ;
#894 = CARTESIAN_POINT ( 'NONE',  ( 13.29999999999999893, 5.949999999999999289, 0.000000000000000000 ) ) ;
#895 = ORIENTED_EDGE ( 'NONE', *, *, #686, .F. ) ;
#896 = EDGE_CURVE ( 'NONE', #622, #518, #990, .T. ) ;
#897 = PLANE ( 'NONE',  #956 ) ;
#898 = ORIENTED_EDGE ( 'NONE', *, *, #1577, .F. ) ;
#899 = APPLICATION_CONTEXT ( 'automotive_design' ) ;
#900 = ORIENTED_EDGE ( 'NONE', *, *, #55, .T. ) ;
#901 = DIRECTION ( 'NONE',  ( -0.000000000000000000, -0.000000000000000000, -1.000000000000000000 ) ) ;
#902 = TOROIDAL_SURFACE ( 'NONE', #213, 3.000000000000000000, 1.500000000000000000 ) ;
#903 = CARTESIAN_POINT ( 'NONE',  ( 5.749999999999994671, 24.36067977499790871, -1.974742963625110575E-15 ) ) ;
#904 = CIRCLE ( 'NONE', #365, 5.999999999999998224 ) ;
#905 = ORIENTED_EDGE ( 'NONE', *, *, #1587, .T. ) ;
#906 = AXIS2_PLACEMENT_3D ( 'NONE', #1296, #663, #1154 ) ;
#907 = ORIENTED_EDGE ( 'NONE', *, *, #513, .F. ) ;
#908 = EDGE_CURVE ( 'NONE', #327, #1117, #154, .T. ) ;
#909 = CARTESIAN_POINT ( 'NONE',  ( 1.000000000000000000, 1.000000000000000000, 51.00000000000000000 ) ) ;
#910 = DIRECTION ( 'NONE',  ( -1.000000000000000000, -1.084202172485504804E-16, 0.000000000000000000 ) ) ;
#911 = ORIENTED_EDGE ( 'NONE', *, *, #135, .T. ) ;
#912 = ORIENTED_EDGE ( 'NONE', *, *, #1333, .F. ) ;
#913 = CARTESIAN_POINT ( 'NONE',  ( 31.50000000000000000, 2.100000000000000089, 57.00000000000000000 ) ) ;
#914 = EDGE_CURVE ( 'NONE', #1402, #502, #342, .T. ) ;
#915 = DIRECTION ( 'NONE',  ( -0.000000000000000000, -0.000000000000000000, -1.000000000000000000 ) ) ;
#916 = EDGE_LOOP ( 'NONE', ( #1363, #261, #1010, #124 ) ) ;
#917 = CARTESIAN_POINT ( 'NONE',  ( 33.50000000000000000, 4.102566777143633774E-15, 0.000000000000000000 ) ) ;
#918 = EDGE_CURVE ( 'NONE', #306, #327, #83, .T. ) ;
#919 = FACE_OUTER_BOUND ( 'NONE', #390, .T. ) ;
#920 = CARTESIAN_POINT ( 'NONE',  ( 20.75000000000000355, 2.000000000000003109, -9.999999999999998224 ) ) ;
#921 = EDGE_CURVE ( 'NONE', #1117, #749, #876, .T. ) ;
#922 = VERTEX_POINT ( 'NONE', #1385 ) ;
#923 = AXIS2_PLACEMENT_3D ( 'NONE', #873, #1362, #1122 ) ;
#924 = DIRECTION ( 'NONE',  ( -1.000000000000000000, -1.239088197126291063E-16, 0.000000000000000000 ) ) ;
#925 = VECTOR ( 'NONE', #999, 1000.000000000000000 ) ;
#926 = LINE ( 'NONE', #1417, #544 ) ;
#927 = LINE ( 'NONE', #1297, #274 ) ;
#928 = LINE ( 'NONE', #569, #599 ) ;
#929 = EDGE_CURVE ( 'NONE', #922, #1414, #405, .T. ) ;
#930 = ORIENTED_EDGE ( 'NONE', *, *, #1412, .T. ) ;
#931 = CARTESIAN_POINT ( 'NONE',  ( -1.999999999999999556, -2.168404344971008868E-16, 57.00000000000000000 ) ) ;
#932 = ORIENTED_EDGE ( 'NONE', *, *, #301, .T. ) ;
#933 = LINE ( 'NONE', #345, #1052 ) ;
#934 = DIRECTION ( 'NONE',  ( 0.000000000000000000, 0.000000000000000000, 1.000000000000000000 ) ) ;
#935 = LINE ( 'NONE', #553, #543 ) ;
#936 = DIRECTION ( 'NONE',  ( -0.000000000000000000, 0.000000000000000000, -1.000000000000000000 ) ) ;
#937 = ORIENTED_EDGE ( 'NONE', *, *, #652, .T. ) ;
#938 = EDGE_CURVE ( 'NONE', #548, #208, #1546, .T. ) ;
#939 = CARTESIAN_POINT ( 'NONE',  ( 13.25000000000000178, 2.000000000000001776, -3.500000000000003109 ) ) ;
#940 = DIRECTION ( 'NONE',  ( 0.000000000000000000, -1.000000000000000000, 0.000000000000000000 ) ) ;
#941 = FACE_OUTER_BOUND ( 'NONE', #84, .T. ) ;
#942 = DIRECTION ( 'NONE',  ( 1.000000000000000000, 0.000000000000000000, 0.000000000000000000 ) ) ;
#943 = CARTESIAN_POINT ( 'NONE',  ( 0.000000000000000000, 4.099999999999999645, 53.00000000000000000 ) ) ;
#944 = ORIENTED_EDGE ( 'NONE', *, *, #93, .F. ) ;
#945 = DIRECTION ( 'NONE',  ( 1.000000000000000000, 0.000000000000000000, 0.000000000000000000 ) ) ;
#946 = VERTEX_POINT ( 'NONE', #1225 ) ;
#947 = AXIS2_PLACEMENT_3D ( 'NONE', #210, #1564, #335 ) ;
#948 = AXIS2_PLACEMENT_3D ( 'NONE', #1451, #840, #718 ) ;
#949 = PLANE ( 'NONE',  #108 ) ;
#950 = AXIS2_PLACEMENT_3D ( 'NONE', #702, #1190, #95 ) ;
#951 = LINE ( 'NONE', #89, #1498 ) ;
#952 = ADVANCED_FACE ( 'NONE', ( #273 ), #134, .T. ) ;
#953 = CIRCLE ( 'NONE', #395, 5.000000000000000888 ) ;
#954 = DIRECTION ( 'NONE',  ( 0.000000000000000000, -1.000000000000000000, 0.000000000000000000 ) ) ;
#955 = CARTESIAN_POINT ( 'NONE',  ( 31.50000000000000000, -2.168404344971008868E-16, 55.00000000000000000 ) ) ;
#956 = AXIS2_PLACEMENT_3D ( 'NONE', #81, #1060, #42 ) ;
#957 = ORIENTED_EDGE ( 'NONE', *, *, #896, .F. ) ;
#958 = DIRECTION ( 'NONE',  ( -0.000000000000000000, -0.000000000000000000, -1.000000000000000000 ) ) ;
#959 = ORIENTED_EDGE ( 'NONE', *, *, #1275, .T. ) ;
#960 = CIRCLE ( 'NONE', #723, 1.499999999999999556 ) ;
#961 = DIRECTION ( 'NONE',  ( 1.000000000000000000, 0.000000000000000000, -0.000000000000000000 ) ) ;
#962 = DIRECTION ( 'NONE',  ( 1.000000000000000000, 1.323094176592479975E-16, 0.000000000000000000 ) ) ;
#963 = ORIENTED_EDGE ( 'NONE', *, *, #619, .F. ) ;
#964 = EDGE_CURVE ( 'NONE', #45, #1576, #1124, .T. ) ;
#965 = CARTESIAN_POINT ( 'NONE',  ( 1.000000000000000000, 1.000000000000000000, 51.00000000000000000 ) ) ;
#966 = LINE ( 'NONE', #1086, #675 ) ;
#967 = ORIENTED_EDGE ( 'NONE', *, *, #525, .F. ) ;
#968 = CARTESIAN_POINT ( 'NONE',  ( 11.75000000000000000, 0.5000000000000033307, -2.000000000000000000 ) ) ;
#969 = CARTESIAN_POINT ( 'NONE',  ( 10.75000000000000000, 2.000000000000001776, -9.999999999999998224 ) ) ;
#970 = FACE_OUTER_BOUND ( 'NONE', #838, .T. ) ;
#971 = EDGE_LOOP ( 'NONE', ( #1554, #1223, #1103, #763, #1254, #416 ) ) ;
#972 = CARTESIAN_POINT ( 'NONE',  ( 19.75000000000000000, 5.500000000000005329, -0.5000000000000000000 ) ) ;
#973 = CARTESIAN_POINT ( 'NONE',  ( 5.749999999999994671, 2.000000000000000888, 0.000000000000000000 ) ) ;
#974 = ORIENTED_EDGE ( 'NONE', *, *, #652, .F. ) ;
#975 = EDGE_CURVE ( 'NONE', #168, #56, #1531, .T. ) ;
#976 = CARTESIAN_POINT ( 'NONE',  ( 0.9999999999999997780, 2.000000000000000000, 51.00000000000000000 ) ) ;
#977 = ORIENTED_EDGE ( 'NONE', *, *, #639, .T. ) ;
#978 = CIRCLE ( 'NONE', #819, 5.999999999999998224 ) ;
#979 = CARTESIAN_POINT ( 'NONE',  ( 11.75000000000000000, 0.5000000000000033307, -0.5000000000000000000 ) ) ;
#980 = ORIENTED_EDGE ( 'NONE', *, *, #929, .F. ) ;
#981 = LINE ( 'NONE', #965, #1437 ) ;
#982 = CARTESIAN_POINT ( 'NONE',  ( 36.01774279923060362, 2.100000000000000089, 57.00000000000000000 ) ) ;
#983 = VECTOR ( 'NONE', #426, 1000.000000000000000 ) ;
#984 = VECTOR ( 'NONE', #514, 1000.000000000000000 ) ;
#985 = ORIENTED_EDGE ( 'NONE', *, *, #587, .F. ) ;
#986 = EDGE_CURVE ( 'NONE', #1403, #1514, #172, .T. ) ;
#987 = DIRECTION ( 'NONE',  ( -1.000000000000000000, -1.239088197126291063E-16, -0.000000000000000000 ) ) ;
#988 = ORIENTED_EDGE ( 'NONE', *, *, #908, .T. ) ;
#989 = ORIENTED_EDGE ( 'NONE', *, *, #737, .F. ) ;
#990 = LINE ( 'NONE', #30, #984 ) ;
#991 = ORIENTED_EDGE ( 'NONE', *, *, #889, .T. ) ;
#992 = DIRECTION ( 'NONE',  ( -0.000000000000000000, -0.000000000000000000, -1.000000000000000000 ) ) ;
#993 = DIRECTION ( 'NONE',  ( 0.000000000000000000, 0.000000000000000000, -1.000000000000000000 ) ) ;
#994 = CARTESIAN_POINT ( 'NONE',  ( 10.75000000000000000, -1.000000000000000222, -9.999999999999998224 ) ) ;
#995 = VERTEX_POINT ( 'NONE', #1170 ) ;
#996 = ADVANCED_FACE ( 'NONE', ( #1528 ), #419, .F. ) ;
#997 = DIRECTION ( 'NONE',  ( 0.000000000000000000, 0.000000000000000000, 1.000000000000000000 ) ) ;
#998 = VERTEX_POINT ( 'NONE', #913 ) ;
#999 = DIRECTION ( 'NONE',  ( -1.000000000000000000, 0.000000000000000000, 0.000000000000000000 ) ) ;
#1000 = ORIENTED_EDGE ( 'NONE', *, *, #366, .F. ) ;
#1001 = DIRECTION ( 'NONE',  ( -1.239088197126291063E-16, 1.000000000000000000, 0.000000000000000000 ) ) ;
#1002 = ORIENTED_EDGE ( 'NONE', *, *, #1203, .F. ) ;
#1003 = ADVANCED_FACE ( 'NONE', ( #411 ), #799, .T. ) ;
#1004 = CARTESIAN_POINT ( 'NONE',  ( 10.75000000000000000, 2.000000000000001776, -5.000000000000000000 ) ) ;
#1005 = VECTOR ( 'NONE', #499, 1000.000000000000000 ) ;
#1006 = VECTOR ( 'NONE', #1050, 1000.000000000000000 ) ;
#1007 = EDGE_LOOP ( 'NONE', ( #1388, #1146, #201, #1025 ) ) ;
#1008 = AXIS2_PLACEMENT_3D ( 'NONE', #1348, #1108, #753 ) ;
#1009 = FACE_OUTER_BOUND ( 'NONE', #115, .T. ) ;
#1010 = ORIENTED_EDGE ( 'NONE', *, *, #325, .F. ) ;
#1011 = FACE_OUTER_BOUND ( 'NONE', #1264, .T. ) ;
#1012 = ORIENTED_EDGE ( 'NONE', *, *, #1033, .T. ) ;
#1013 = AXIS2_PLACEMENT_3D ( 'NONE', #1411, #82, #546 ) ;
#1014 = CARTESIAN_POINT ( 'NONE',  ( 21.24999999999999645, 2.000000000000002665, 0.000000000000000000 ) ) ;
#1015 = EDGE_CURVE ( 'NONE', #749, #1022, #66, .T. ) ;
#1016 = ORIENTED_EDGE ( 'NONE', *, *, #1499, .T. ) ;
#1017 = DIRECTION ( 'NONE',  ( -0.000000000000000000, -0.000000000000000000, -1.000000000000000000 ) ) ;
#1018 = ORIENTED_EDGE ( 'NONE', *, *, #1389, .T. ) ;
#1019 = DIRECTION ( 'NONE',  ( 1.239088197126291310E-16, -1.000000000000000000, 0.000000000000000000 ) ) ;
#1020 = EDGE_LOOP ( 'NONE', ( #690, #1139, #436, #496 ) ) ;
#1021 = DIRECTION ( 'NONE',  ( 0.000000000000000000, -1.000000000000000000, 0.000000000000000000 ) ) ;
#1022 = VERTEX_POINT ( 'NONE', #1148 ) ;
#1023 = ADVANCED_FACE ( 'NONE', ( #807 ), #53, .T. ) ;
#1024 = ORIENTED_EDGE ( 'NONE', *, *, #135, .F. ) ;
#1025 = ORIENTED_EDGE ( 'NONE', *, *, #432, .T. ) ;
#1026 = LINE ( 'NONE', #658, #1309 ) ;
#1027 = ADVANCED_BREP_SHAPE_REPRESENTATION ( 'trappe de maintenance', ( #1368, #1260 ), #1335 ) ;
#1028 = VECTOR ( 'NONE', #385, 1000.000000000000000 ) ;
#1029 = DIRECTION ( 'NONE',  ( 0.000000000000000000, 1.000000000000000000, 0.000000000000000000 ) ) ;
#1030 = VECTOR ( 'NONE', #367, 1000.000000000000000 ) ;
#1031 = ORIENTED_EDGE ( 'NONE', *, *, #570, .F. ) ;
#1032 = AXIS2_PLACEMENT_3D ( 'NONE', #1232, #1116, #22 ) ;
#1033 = EDGE_CURVE ( 'NONE', #1285, #579, #1026, .T. ) ;
#1034 = CARTESIAN_POINT ( 'NONE',  ( 31.50000000000000000, 4.099999999999999645, 57.00000000000000000 ) ) ;
#1035 = ORIENTED_EDGE ( 'NONE', *, *, #310, .F. ) ;
#1036 = LINE ( 'NONE', #78, #824 ) ;
#1037 = DIRECTION ( 'NONE',  ( 0.000000000000000000, 0.000000000000000000, 1.000000000000000000 ) ) ;
#1038 = CIRCLE ( 'NONE', #423, 4.999999999999999112 ) ;
#1039 = ORIENTED_EDGE ( 'NONE', *, *, #294, .F. ) ;
#1040 = ADVANCED_FACE ( 'NONE', ( #565 ), #438, .T. ) ;
#1041 = DIRECTION ( 'NONE',  ( -1.239088197126291063E-16, 1.000000000000000000, -0.000000000000000000 ) ) ;
#1042 = EDGE_CURVE ( 'NONE', #1517, #1083, #926, .T. ) ;
#1043 = DIRECTION ( 'NONE',  ( -1.000000000000000000, -0.000000000000000000, -0.000000000000000000 ) ) ;
#1044 = CARTESIAN_POINT ( 'NONE',  ( 31.50000000000000000, 2.000000000000003997, 0.000000000000000000 ) ) ;
#1045 = ORIENTED_EDGE ( 'NONE', *, *, #1430, .T. ) ;
#1046 = DIRECTION ( 'NONE',  ( 5.337610695313254343E-16, 1.000000000000000000, 0.000000000000000000 ) ) ;
#1047 = ORIENTED_EDGE ( 'NONE', *, *, #427, .T. ) ;
#1048 = DIRECTION ( 'NONE',  ( 0.000000000000000000, -0.000000000000000000, 1.000000000000000000 ) ) ;
#1049 = EDGE_CURVE ( 'NONE', #1127, #732, #198, .T. ) ;
#1050 = DIRECTION ( 'NONE',  ( -5.337610695313253357E-16, -1.000000000000000000, 0.000000000000000000 ) ) ;
#1051 = CARTESIAN_POINT ( 'NONE',  ( 9.750000000000001776, -1.000000000000002442, 40.00000000000000000 ) ) ;
#1052 = VECTOR ( 'NONE', #1301, 1000.000000000000000 ) ;
#1053 = VERTEX_POINT ( 'NONE', #909 ) ;
#1054 = DIRECTION ( 'NONE',  ( 1.000000000000000000, 0.000000000000000000, 0.000000000000000000 ) ) ;
#1055 = ORIENTED_EDGE ( 'NONE', *, *, #1015, .F. ) ;
#1056 = CIRCLE ( 'NONE', #1466, 1.500000000000001332 ) ;
#1057 = AXIS2_PLACEMENT_3D ( 'NONE', #536, #1268, #71 ) ;
#1058 = DIRECTION ( 'NONE',  ( -1.000000000000000000, -0.000000000000000000, -0.000000000000000000 ) ) ;
#1059 = DIRECTION ( 'NONE',  ( -1.000000000000000000, -1.084202172485504804E-16, 0.000000000000000000 ) ) ;
#1060 = DIRECTION ( 'NONE',  ( 0.000000000000000000, 1.000000000000000000, 0.000000000000000000 ) ) ;
#1061 = DIRECTION ( 'NONE',  ( -0.000000000000000000, 0.000000000000000000, 1.000000000000000000 ) ) ;
#1062 = EDGE_CURVE ( 'NONE', #532, #1331, #321, .T. ) ;
#1063 = VERTEX_POINT ( 'NONE', #1400 ) ;
#1064 = CARTESIAN_POINT ( 'NONE',  ( 18.25000000000000000, 5.500000000000005329, 0.000000000000000000 ) ) ;
#1065 = CARTESIAN_POINT ( 'NONE',  ( 13.25000000000000178, 2.000000000000001776, -0.5000000000000000000 ) ) ;
#1066 = DIRECTION ( 'NONE',  ( 0.000000000000000000, 0.000000000000000000, -1.000000000000000000 ) ) ;
#1067 = DIRECTION ( 'NONE',  ( 0.000000000000000000, -1.000000000000000000, 0.000000000000000000 ) ) ;
#1068 = DIRECTION ( 'NONE',  ( 0.000000000000000000, 1.000000000000000000, 0.000000000000000000 ) ) ;
#1069 = ORIENTED_EDGE ( 'NONE', *, *, #1486, .T. ) ;
#1070 = LINE ( 'NONE', #445, #1370 ) ;
#1071 = CARTESIAN_POINT ( 'NONE',  ( 0.000000000000000000, 2.100000000000000089, 55.00000000000000000 ) ) ;
#1072 = FACE_OUTER_BOUND ( 'NONE', #298, .T. ) ;
#1073 = DIRECTION ( 'NONE',  ( 1.323094176592479975E-16, -1.000000000000000000, 0.000000000000000000 ) ) ;
#1074 = FACE_OUTER_BOUND ( 'NONE', #109, .T. ) ;
#1075 = ORIENTED_EDGE ( 'NONE', *, *, #918, .T. ) ;
#1076 = DIRECTION ( 'NONE',  ( 0.000000000000000000, -1.000000000000000000, 0.000000000000000000 ) ) ;
#1077 = AXIS2_PLACEMENT_3D ( 'NONE', #51, #534, #1152 ) ;
#1078 = EDGE_CURVE ( 'NONE', #612, #343, #302, .T. ) ;
#1079 = PRODUCT_DEFINITION_FORMATION_WITH_SPECIFIED_SOURCE ( 'ANY', '', #1433, .NOT_KNOWN. ) ;
#1080 = LINE ( 'NONE', #447, #1205 ) ;
#1081 = AXIS2_PLACEMENT_3D ( 'NONE', #1204, #1429, #344 ) ;
#1082 = DIRECTION ( 'NONE',  ( 0.000000000000000000, 0.000000000000000000, -1.000000000000000000 ) ) ;
#1083 = VERTEX_POINT ( 'NONE', #307 ) ;
#1084 = VECTOR ( 'NONE', #464, 1000.000000000000000 ) ;
#1085 = DIRECTION ( 'NONE',  ( -1.000000000000000000, 0.000000000000000000, 0.000000000000000000 ) ) ;
#1086 = CARTESIAN_POINT ( 'NONE',  ( 18.19999999999999929, 5.949999999999999289, 2.000000000000000000 ) ) ;
#1087 = ORIENTED_EDGE ( 'NONE', *, *, #1515, .T. ) ;
#1088 = CARTESIAN_POINT ( 'NONE',  ( 21.75000000000000000, -1.000000000000001110, 40.00000000000000000 ) ) ;
#1089 = CIRCLE ( 'NONE', #1115, 1.499999999999999556 ) ;
#1090 = FACE_OUTER_BOUND ( 'NONE', #186, .T. ) ;
#1091 = EDGE_CURVE ( 'NONE', #1569, #1094, #1036, .T. ) ;
#1092 = DIRECTION ( 'NONE',  ( 0.000000000000000000, 0.000000000000000000, 1.000000000000000000 ) ) ;
#1093 = CYLINDRICAL_SURFACE ( 'NONE', #347, 1.500000000000001332 ) ;
#1094 = VERTEX_POINT ( 'NONE', #917 ) ;
#1095 = CARTESIAN_POINT ( 'NONE',  ( 15.74999999999999645, 1.000000000000002220, 15.00000000000000000 ) ) ;
#1096 = CARTESIAN_POINT ( 'NONE',  ( 31.50000000000000000, 2.000000000000003997, 51.00000000000000000 ) ) ;
#1097 = ORIENTED_EDGE ( 'NONE', *, *, #754, .F. ) ;
#1098 = DIRECTION ( 'NONE',  ( 0.000000000000000000, 0.000000000000000000, -1.000000000000000000 ) ) ;
#1099 = FACE_OUTER_BOUND ( 'NONE', #304, .T. ) ;
#1100 = EDGE_CURVE ( 'NONE', #1514, #1512, #1393, .T. ) ;
#1101 = VERTEX_POINT ( 'NONE', #779 ) ;
#1102 = LINE ( 'NONE', #9, #37 ) ;
#1103 = ORIENTED_EDGE ( 'NONE', *, *, #844, .F. ) ;
#1104 = VECTOR ( 'NONE', #1353, 1000.000000000000000 ) ;
#1105 = CARTESIAN_POINT ( 'NONE',  ( 30.50000000000000000, 1.000000000000003997, 51.00000000000000000 ) ) ;
#1106 = ORIENTED_EDGE ( 'NONE', *, *, #1532, .T. ) ;
#1107 = AXIS2_PLACEMENT_3D ( 'NONE', #968, #1457, #120 ) ;
#1108 = DIRECTION ( 'NONE',  ( 0.000000000000000000, -0.000000000000000000, 1.000000000000000000 ) ) ;
#1109 = EDGE_CURVE ( 'NONE', #1569, #562, #1278, .T. ) ;
#1110 = ORIENTED_EDGE ( 'NONE', *, *, #1485, .F. ) ;
#1111 = CARTESIAN_POINT ( 'NONE',  ( -2.000000000000000000, -2.449293598294706907E-16, 55.00000000000000000 ) ) ;
#1112 = EDGE_CURVE ( 'NONE', #397, #1530, #775, .T. ) ;
#1113 = CARTESIAN_POINT ( 'NONE',  ( 0.000000000000000000, 2.000000000000000000, 0.000000000000000000 ) ) ;
#1114 = DIRECTION ( 'NONE',  ( 0.000000000000000000, 0.000000000000000000, -1.000000000000000000 ) ) ;
#1115 = AXIS2_PLACEMENT_3D ( 'NONE', #554, #1298, #309 ) ;
#1116 = DIRECTION ( 'NONE',  ( 1.239088197126291063E-16, -1.000000000000000000, 0.000000000000000000 ) ) ;
#1117 = VERTEX_POINT ( 'NONE', #1557 ) ;
#1118 = LINE ( 'NONE', #24, #593 ) ;
#1119 = VERTEX_POINT ( 'NONE', #211 ) ;
#1120 = EDGE_CURVE ( 'NONE', #782, #739, #798, .T. ) ;
#1121 = CARTESIAN_POINT ( 'NONE',  ( 9.750000000000001776, 1.000000000000001332, 40.00000000000000000 ) ) ;
#1122 = DIRECTION ( 'NONE',  ( -6.938893903907232322E-16, 0.000000000000000000, -1.000000000000000000 ) ) ;
#1123 = ORIENTED_EDGE ( 'NONE', *, *, #1273, .F. ) ;
#1124 = LINE ( 'NONE', #1377, #1573 ) ;
#1125 = EDGE_LOOP ( 'NONE', ( #1538, #153, #636, #300 ) ) ;
#1126 = LINE ( 'NONE', #646, #1006 ) ;
#1127 = VERTEX_POINT ( 'NONE', #1575 ) ;
#1128 =( NAMED_UNIT ( * ) PLANE_ANGLE_UNIT ( ) SI_UNIT ( $, .RADIAN. ) );
#1129 = PLANE ( 'NONE',  #648 ) ;
#1130 = ORIENTED_EDGE ( 'NONE', *, *, #231, .F. ) ;
#1131 = EDGE_CURVE ( 'NONE', #343, #196, #114, .T. ) ;
#1132 = AXIS2_PLACEMENT_3D ( 'NONE', #328, #1440, #1319 ) ;
#1133 = DIRECTION ( 'NONE',  ( 4.336808689942017736E-16, -1.000000000000000000, 0.000000000000000000 ) ) ;
#1134 = MECHANICAL_DESIGN_GEOMETRIC_PRESENTATION_REPRESENTATION (  '', ( #241 ), #312 ) ;
#1135 = VECTOR ( 'NONE', #613, 1000.000000000000000 ) ;
#1136 = ORIENTED_EDGE ( 'NONE', *, *, #48, .F. ) ;
#1137 = VECTOR ( 'NONE', #1142, 1000.000000000000000 ) ;
#1138 = CARTESIAN_POINT ( 'NONE',  ( 13.29999999999999893, 5.949999999999999289, 2.000000000000000000 ) ) ;
#1139 = ORIENTED_EDGE ( 'NONE', *, *, #149, .F. ) ;
#1140 = PLANE ( 'NONE',  #187 ) ;
#1141 = EDGE_LOOP ( 'NONE', ( #1031, #429, #334, #1039, #869, #1299 ) ) ;
#1142 = DIRECTION ( 'NONE',  ( -1.239088197126291310E-16, 1.000000000000000000, -0.000000000000000000 ) ) ;
#1143 = ADVANCED_FACE ( 'NONE', ( #1209 ), #1586, .F. ) ;
#1144 = ORIENTED_EDGE ( 'NONE', *, *, #587, .T. ) ;
#1145 = AXIS2_PLACEMENT_3D ( 'NONE', #822, #728, #1441 ) ;
#1146 = ORIENTED_EDGE ( 'NONE', *, *, #1203, .T. ) ;
#1147 = ORIENTED_EDGE ( 'NONE', *, *, #737, .T. ) ;
#1148 = CARTESIAN_POINT ( 'NONE',  ( 10.25000000000000178, 2.000000000000001332, -0.5000000000000000000 ) ) ;
#1149 = DIRECTION ( 'NONE',  ( -0.000000000000000000, 1.000000000000000000, -0.000000000000000000 ) ) ;
#1150 = ADVANCED_FACE ( 'NONE', ( #457 ), #1432, .F. ) ;
#1151 = ORIENTED_EDGE ( 'NONE', *, *, #1587, .F. ) ;
#1152 = DIRECTION ( 'NONE',  ( -4.336808689942018229E-16, 1.000000000000000000, 0.000000000000000000 ) ) ;
#1153 = ORIENTED_EDGE ( 'NONE', *, *, #698, .T. ) ;
#1154 = DIRECTION ( 'NONE',  ( -1.000000000000000000, -1.084202172485504804E-16, 0.000000000000000000 ) ) ;
#1155 = DIRECTION ( 'NONE',  ( 1.000000000000000000, 0.000000000000000000, 0.000000000000000000 ) ) ;
#1156 = CIRCLE ( 'NONE', #140, 5.999999999999998224 ) ;
#1157 = EDGE_CURVE ( 'NONE', #732, #69, #953, .T. ) ;
#1158 = EDGE_LOOP ( 'NONE', ( #937, #49, #930, #1384 ) ) ;
#1159 = AXIS2_PLACEMENT_3D ( 'NONE', #1566, #361, #850 ) ;
#1160 = EDGE_CURVE ( 'NONE', #1053, #1247, #474, .T. ) ;
#1161 = ORIENTED_EDGE ( 'NONE', *, *, #1273, .T. ) ;
#1162 = AXIS2_PLACEMENT_3D ( 'NONE', #407, #790, #190 ) ;
#1163 = CARTESIAN_POINT ( 'NONE',  ( 0.000000000000000000, 4.099999999999999645, 53.00000000000000000 ) ) ;
#1164 = DIRECTION ( 'NONE',  ( 1.000000000000000000, 0.000000000000000000, -0.000000000000000000 ) ) ;
#1165 = CYLINDRICAL_SURFACE ( 'NONE', #547, 1.499999999999999556 ) ;
#1166 = AXIS2_PLACEMENT_3D ( 'NONE', #982, #611, #100 ) ;
#1167 = ORIENTED_EDGE ( 'NONE', *, *, #169, .T. ) ;
#1168 = ORIENTED_EDGE ( 'NONE', *, *, #48, .T. ) ;
#1169 = EDGE_CURVE ( 'NONE', #1407, #1414, #951, .T. ) ;
#1170 = CARTESIAN_POINT ( 'NONE',  ( 5.749999999999994671, -1.000000000000000222, 0.000000000000000000 ) ) ;
#1171 = DIRECTION ( 'NONE',  ( -1.239088197126291063E-16, 1.000000000000000000, 0.000000000000000000 ) ) ;
#1172 = CARTESIAN_POINT ( 'NONE',  ( 0.000000000000000000, 4.000000000000000000, 53.00000000000000000 ) ) ;
#1173 = DIRECTION ( 'NONE',  ( 1.000000000000000000, 1.239088197126291063E-16, 0.000000000000000000 ) ) ;
#1174 = ORIENTED_EDGE ( 'NONE', *, *, #1455, .T. ) ;
#1175 = DIRECTION ( 'NONE',  ( -0.000000000000000000, 0.000000000000000000, -1.000000000000000000 ) ) ;
#1176 = CARTESIAN_POINT ( 'NONE',  ( 25.75000000000000355, 2.000000000000005329, -4.999999999999995559 ) ) ;
#1177 = EDGE_CURVE ( 'NONE', #14, #1063, #1337, .T. ) ;
#1178 = CARTESIAN_POINT ( 'NONE',  ( 19.75000000000000000, 7.000000000000006217, -0.5000000000000000000 ) ) ;
#1179 = LINE ( 'NONE', #68, #829 ) ;
#1180 = AXIS2_PLACEMENT_3D ( 'NONE', #1352, #751, #759 ) ;
#1181 = ORIENTED_EDGE ( 'NONE', *, *, #80, .F. ) ;
#1182 = CARTESIAN_POINT ( 'NONE',  ( 18.25000000000000000, 5.500000000000005329, -0.5000000000000000000 ) ) ;
#1183 = ORIENTED_EDGE ( 'NONE', *, *, #715, .F. ) ;
#1184 = AXIS2_PLACEMENT_3D ( 'NONE', #607, #1311, #1200 ) ;
#1185 = DIRECTION ( 'NONE',  ( -0.000000000000000000, -0.000000000000000000, -1.000000000000000000 ) ) ;
#1186 = DIRECTION ( 'NONE',  ( -1.000000000000000000, -1.239088197126291063E-16, 0.000000000000000000 ) ) ;
#1187 = DIRECTION ( 'NONE',  ( 0.000000000000000000, -1.000000000000000000, 0.000000000000000000 ) ) ;
#1188 = FACE_BOUND ( 'NONE', #175, .T. ) ;
#1189 = ADVANCED_FACE ( 'NONE', ( #221 ), #1459, .T. ) ;
#1190 = DIRECTION ( 'NONE',  ( 0.000000000000000000, 0.000000000000000000, -1.000000000000000000 ) ) ;
#1191 = ORIENTED_EDGE ( 'NONE', *, *, #1245, .F. ) ;
#1192 = DIRECTION ( 'NONE',  ( 0.000000000000000000, 0.000000000000000000, -1.000000000000000000 ) ) ;
#1193 = DIRECTION ( 'NONE',  ( 0.000000000000000000, -1.000000000000000000, 0.000000000000000000 ) ) ;
#1194 = DIRECTION ( 'NONE',  ( -5.337610695313253357E-16, -1.000000000000000000, 0.000000000000000000 ) ) ;
#1195 = DIRECTION ( 'NONE',  ( -1.239088197126291063E-16, 1.000000000000000000, 0.000000000000000000 ) ) ;
#1196 = PRODUCT_RELATED_PRODUCT_CATEGORY ( 'part', '', ( #1433 ) ) ;
#1197 = ADVANCED_FACE ( 'NONE', ( #941 ), #248, .F. ) ;
#1198 = ORIENTED_EDGE ( 'NONE', *, *, #513, .T. ) ;
#1199 = DIRECTION ( 'NONE',  ( 1.000000000000000000, 4.336808689942019708E-16, 0.000000000000000000 ) ) ;
#1200 = DIRECTION ( 'NONE',  ( -1.000000000000000000, 5.782411586589358625E-16, 0.000000000000000000 ) ) ;
#1201 = CARTESIAN_POINT ( 'NONE',  ( 0.9999999999999997780, 2.000000000000000000, 2.000000000000000000 ) ) ;
#1202 = ORIENTED_EDGE ( 'NONE', *, *, #1033, .F. ) ;
#1203 = EDGE_CURVE ( 'NONE', #43, #946, #1215, .T. ) ;
#1204 = CARTESIAN_POINT ( 'NONE',  ( 15.74999999999999645, 1.000000000000002220, 15.00000000000000000 ) ) ;
#1205 = VECTOR ( 'NONE', #473, 1000.000000000000000 ) ;
#1206 = ADVANCED_FACE ( 'NONE', ( #833, #582, #1072 ), #228, .F. ) ;
#1207 = DIRECTION ( 'NONE',  ( 0.000000000000000000, 0.000000000000000000, 1.000000000000000000 ) ) ;
#1208 = VECTOR ( 'NONE', #233, 1000.000000000000000 ) ;
#1209 = FACE_OUTER_BOUND ( 'NONE', #1020, .T. ) ;
#1210 = VECTOR ( 'NONE', #431, 1000.000000000000000 ) ;
#1211 = LINE ( 'NONE', #222, #468 ) ;
#1212 = DIRECTION ( 'NONE',  ( 0.000000000000000000, 0.000000000000000000, -1.000000000000000000 ) ) ;
#1213 = EDGE_LOOP ( 'NONE', ( #1198, #1482, #455, #746 ) ) ;
#1214 = DIRECTION ( 'NONE',  ( 0.000000000000000000, -1.000000000000000000, 0.000000000000000000 ) ) ;
#1215 = LINE ( 'NONE', #346, #450 ) ;
#1216 = ORIENTED_EDGE ( 'NONE', *, *, #1169, .T. ) ;
#1217 = ADVANCED_FACE ( 'NONE', ( #814 ), #1320, .F. ) ;
#1218 = CYLINDRICAL_SURFACE ( 'NONE', #316, 4.999999999999998224 ) ;
#1219 = DIRECTION ( 'NONE',  ( -1.000000000000000000, 0.000000000000000000, 0.000000000000000000 ) ) ;
#1220 = ORIENTED_EDGE ( 'NONE', *, *, #1561, .T. ) ;
#1221 = LINE ( 'NONE', #488, #1261 ) ;
#1222 = LINE ( 'NONE', #1240, #667 ) ;
#1223 = ORIENTED_EDGE ( 'NONE', *, *, #1405, .F. ) ;
#1224 = ADVANCED_FACE ( 'NONE', ( #1090 ), #123, .T. ) ;
#1225 = CARTESIAN_POINT ( 'NONE',  ( 11.75000000000000178, 3.499999999999999556, 0.000000000000000000 ) ) ;
#1226 = EDGE_LOOP ( 'NONE', ( #1147, #616, #905, #864 ) ) ;
#1227 = DIRECTION ( 'NONE',  ( -0.000000000000000000, -0.000000000000000000, 1.000000000000000000 ) ) ;
#1228 = VECTOR ( 'NONE', #1239, 1000.000000000000000 ) ;
#1229 = DIRECTION ( 'NONE',  ( -1.000000000000000000, -1.084202172485504804E-16, 0.000000000000000000 ) ) ;
#1230 = ORIENTED_EDGE ( 'NONE', *, *, #570, .T. ) ;
#1231 = VECTOR ( 'NONE', #558, 1000.000000000000000 ) ;
#1232 = CARTESIAN_POINT ( 'NONE',  ( 13.25000000000000178, 3.500000000000000000, -0.5000000000000000000 ) ) ;
#1233 = AXIS2_PLACEMENT_3D ( 'NONE', #1004, #1497, #1259 ) ;
#1234 = ORIENTED_EDGE ( 'NONE', *, *, #1131, .F. ) ;
#1235 = ADVANCED_FACE ( 'NONE', ( #970 ), #1129, .F. ) ;
#1236 = CARTESIAN_POINT ( 'NONE',  ( 30.50000000000000000, 1.000000000000003997, 51.00000000000000000 ) ) ;
#1237 = VERTEX_POINT ( 'NONE', #859 ) ;
#1238 = AXIS2_PLACEMENT_3D ( 'NONE', #801, #420, #178 ) ;
#1239 = DIRECTION ( 'NONE',  ( -1.000000000000000000, -1.239088197126290817E-16, -0.000000000000000000 ) ) ;
#1240 = CARTESIAN_POINT ( 'NONE',  ( -2.385244779468110149E-15, 5.499999999999998224, -2.000000000000000000 ) ) ;
#1241 = VERTEX_POINT ( 'NONE', #1096 ) ;
#1242 = AXIS2_PLACEMENT_3D ( 'NONE', #713, #1212, #843 ) ;
#1243 = CARTESIAN_POINT ( 'NONE',  ( 0.000000000000000000, 0.000000000000000000, 0.000000000000000000 ) ) ;
#1244 = VERTEX_POINT ( 'NONE', #2 ) ;
#1245 = EDGE_CURVE ( 'NONE', #739, #618, #1222, .T. ) ;
#1246 = CARTESIAN_POINT ( 'NONE',  ( 31.50000000000000000, 4.099999999999999645, 53.00000000000000000 ) ) ;
#1247 = VERTEX_POINT ( 'NONE', #1105 ) ;
#1248 = CARTESIAN_POINT ( 'NONE',  ( 11.75000000000000355, 5.500000000000003553, 0.000000000000000000 ) ) ;
#1249 = DIRECTION ( 'NONE',  ( 1.387778780781445676E-15, 0.000000000000000000, -1.000000000000000000 ) ) ;
#1250 = EDGE_LOOP ( 'NONE', ( #1324, #662, #787, #483 ) ) ;
#1251 = DIRECTION ( 'NONE',  ( 0.000000000000000000, -1.000000000000000000, 0.000000000000000000 ) ) ;
#1252 = VERTEX_POINT ( 'NONE', #1347 ) ;
#1253 = LINE ( 'NONE', #206, #821 ) ;
#1254 = ORIENTED_EDGE ( 'NONE', *, *, #804, .F. ) ;
#1255 = FACE_OUTER_BOUND ( 'NONE', #1342, .T. ) ;
#1256 = ORIENTED_EDGE ( 'NONE', *, *, #665, .T. ) ;
#1257 = EDGE_CURVE ( 'NONE', #1244, #618, #363, .T. ) ;
#1258 = VECTOR ( 'NONE', #832, 1000.000000000000000 ) ;
#1259 = DIRECTION ( 'NONE',  ( 1.000000000000000000, 8.673617379884036705E-17, 8.673617379884037444E-16 ) ) ;
#1260 = AXIS2_PLACEMENT_3D ( 'NONE', #632, #1, #490 ) ;
#1261 = VECTOR ( 'NONE', #1214, 1000.000000000000000 ) ;
#1262 = ORIENTED_EDGE ( 'NONE', *, *, #38, .F. ) ;
#1263 = VECTOR ( 'NONE', #834, 1000.000000000000000 ) ;
#1264 = EDGE_LOOP ( 'NONE', ( #777, #409, #1130, #758 ) ) ;
#1265 =( LENGTH_UNIT ( ) NAMED_UNIT ( * ) SI_UNIT ( .MILLI., .METRE. ) );
#1266 = ORIENTED_EDGE ( 'NONE', *, *, #102, .T. ) ;
#1267 = EDGE_CURVE ( 'NONE', #56, #573, #1410, .T. ) ;
#1268 = DIRECTION ( 'NONE',  ( 1.000000000000000000, 4.336808689942019708E-16, 0.000000000000000000 ) ) ;
#1269 = FACE_OUTER_BOUND ( 'NONE', #1125, .T. ) ;
#1270 = EDGE_LOOP ( 'NONE', ( #293, #173, #1035, #1262 ) ) ;
#1271 = ORIENTED_EDGE ( 'NONE', *, *, #1421, .T. ) ;
#1272 = CARTESIAN_POINT ( 'NONE',  ( 33.50000000000000000, -2.168404344971008868E-16, 57.00000000000000000 ) ) ;
#1273 = EDGE_CURVE ( 'NONE', #208, #446, #1374, .T. ) ;
#1274 = PLANE ( 'NONE',  #1238 ) ;
#1275 = EDGE_CURVE ( 'NONE', #1244, #768, #693, .T. ) ;
#1276 = ORIENTED_EDGE ( 'NONE', *, *, #707, .T. ) ;
#1277 = ORIENTED_EDGE ( 'NONE', *, *, #80, .T. ) ;
#1278 = LINE ( 'NONE', #1272, #1469 ) ;
#1279 = LINE ( 'NONE', #1287, #1336 ) ;
#1280 = VECTOR ( 'NONE', #1504, 1000.000000000000000 ) ;
#1281 = PLANE ( 'NONE',  #549 ) ;
#1282 = VECTOR ( 'NONE', #1329, 1000.000000000000000 ) ;
#1283 = EDGE_CURVE ( 'NONE', #995, #803, #624, .T. ) ;
#1284 = ORIENTED_EDGE ( 'NONE', *, *, #639, .F. ) ;
#1285 = VERTEX_POINT ( 'NONE', #280 ) ;
#1286 = CARTESIAN_POINT ( 'NONE',  ( 36.01774279923060362, 4.099999999999999645, 57.00000000000000000 ) ) ;
#1287 = CARTESIAN_POINT ( 'NONE',  ( 13.25000000000000000, -7.072334171290062423E-15, -2.000000000000000000 ) ) ;
#1288 = PLANE ( 'NONE',  #90 ) ;
#1289 = ORIENTED_EDGE ( 'NONE', *, *, #357, .T. ) ;
#1290 = AXIS2_PLACEMENT_3D ( 'NONE', #1328, #1565, #962 ) ;
#1291 = ADVANCED_FACE ( 'NONE', ( #1255 ), #902, .F. ) ;
#1292 = PLANE ( 'NONE',  #1364 ) ;
#1293 = SURFACE_STYLE_USAGE ( .BOTH. , #550 ) ;
#1294 = ORIENTED_EDGE ( 'NONE', *, *, #778, .T. ) ;
#1295 = LINE ( 'NONE', #581, #137 ) ;
#1296 = CARTESIAN_POINT ( 'NONE',  ( 15.74999999999999645, -1.000000000000002220, 15.00000000000000000 ) ) ;
#1297 = CARTESIAN_POINT ( 'NONE',  ( 31.50000000000000000, 4.099999999999999645, 57.00000000000000000 ) ) ;
#1298 = DIRECTION ( 'NONE',  ( -0.000000000000000000, 0.000000000000000000, -1.000000000000000000 ) ) ;
#1299 = ORIENTED_EDGE ( 'NONE', *, *, #256, .F. ) ;
#1300 = CARTESIAN_POINT ( 'NONE',  ( 13.25000000000000178, 7.000000000000003553, -0.5000000000000000000 ) ) ;
#1301 = DIRECTION ( 'NONE',  ( 1.000000000000000000, 4.336808689942019708E-16, -0.000000000000000000 ) ) ;
#1302 = CARTESIAN_POINT ( 'NONE',  ( 20.75000000000000000, 2.000000000000005329, -4.999999999999998224 ) ) ;
#1303 = EDGE_CURVE ( 'NONE', #782, #43, #403, .T. ) ;
#1304 = LINE ( 'NONE', #1558, #649 ) ;
#1305 = FACE_OUTER_BOUND ( 'NONE', #180, .T. ) ;
#1306 = ORIENTED_EDGE ( 'NONE', *, *, #55, .F. ) ;
#1307 = VECTOR ( 'NONE', #517, 1000.000000000000000 ) ;
#1308 = PLANE ( 'NONE',  #950 ) ;
#1309 = VECTOR ( 'NONE', #1404, 1000.000000000000000 ) ;
#1310 = LINE ( 'NONE', #1458, #1492 ) ;
#1311 = DIRECTION ( 'NONE',  ( -5.782411586589357639E-16, -1.000000000000000000, -0.000000000000000000 ) ) ;
#1312 = ADVANCED_FACE ( 'NONE', ( #1011 ), #13, .T. ) ;
#1313 = DIRECTION ( 'NONE',  ( 0.000000000000000000, 1.000000000000000000, 0.000000000000000000 ) ) ;
#1314 = DIRECTION ( 'NONE',  ( 1.000000000000000000, 0.000000000000000000, 1.734723475976806108E-16 ) ) ;
#1315 = VECTOR ( 'NONE', #791, 1000.000000000000000 ) ;
#1316 = VECTOR ( 'NONE', #340, 1000.000000000000000 ) ;
#1317 = EDGE_LOOP ( 'NONE', ( #444, #184, #16, #963 ) ) ;
#1318 = FACE_OUTER_BOUND ( 'NONE', #1158, .T. ) ;
#1319 = DIRECTION ( 'NONE',  ( 1.000000000000000000, 0.000000000000000000, 0.000000000000000000 ) ) ;
#1320 = CYLINDRICAL_SURFACE ( 'NONE', #948, 1.499999999999999556 ) ;
#1321 = LINE ( 'NONE', #1201, #1415 ) ;
#1322 = CARTESIAN_POINT ( 'NONE',  ( 13.25000000000000000, -7.072334171290062423E-15, -0.5000000000000000000 ) ) ;
#1323 = EDGE_CURVE ( 'NONE', #45, #532, #978, .T. ) ;
#1324 = ORIENTED_EDGE ( 'NONE', *, *, #709, .T. ) ;
#1325 = EDGE_CURVE ( 'NONE', #579, #168, #143, .T. ) ;
#1326 = DIRECTION ( 'NONE',  ( -1.000000000000000000, -1.239088197126291063E-16, 0.000000000000000000 ) ) ;
#1327 = DIRECTION ( 'NONE',  ( 1.000000000000000000, 0.000000000000000000, 0.000000000000000000 ) ) ;
#1328 = CARTESIAN_POINT ( 'NONE',  ( -1.407100156058668886E-16, 1.000000000000000000, 0.000000000000000000 ) ) ;
#1329 = DIRECTION ( 'NONE',  ( -1.000000000000000000, -1.323094176592479975E-16, -0.000000000000000000 ) ) ;
#1330 = CARTESIAN_POINT ( 'NONE',  ( 13.25000000000000178, 3.500000000000001776, -0.5000000000000000000 ) ) ;
#1331 = VERTEX_POINT ( 'NONE', #640 ) ;
#1332 = AXIS2_PLACEMENT_3D ( 'NONE', #1065, #1556, #235 ) ;
#1333 = EDGE_CURVE ( 'NONE', #849, #828, #633, .T. ) ;
#1334 = DIRECTION ( 'NONE',  ( 0.000000000000000000, 0.000000000000000000, -1.000000000000000000 ) ) ;
#1335 =( GEOMETRIC_REPRESENTATION_CONTEXT ( 3 ) GLOBAL_UNCERTAINTY_ASSIGNED_CONTEXT ( ( #374 ) ) GLOBAL_UNIT_ASSIGNED_CONTEXT ( ( #1360, #1128, #606 ) ) REPRESENTATION_CONTEXT ( 'NONE', 'WORKASPACE' ) );
#1336 = VECTOR ( 'NONE', #808, 1000.000000000000000 ) ;
#1337 = LINE ( 'NONE', #575, #111 ) ;
#1338 = ORIENTED_EDGE ( 'NONE', *, *, #149, .T. ) ;
#1339 = CIRCLE ( 'NONE', #271, 5.999999999999998224 ) ;
#1340 = FACE_OUTER_BOUND ( 'NONE', #430, .T. ) ;
#1341 = CARTESIAN_POINT ( 'NONE',  ( 25.75000000000000355, -1.000000000000000222, -4.999999999999995559 ) ) ;
#1342 = EDGE_LOOP ( 'NONE', ( #1075, #1271, #1000, #165 ) ) ;
#1343 = CARTESIAN_POINT ( 'NONE',  ( 0.000000000000000000, 0.000000000000000000, 55.00000000000000000 ) ) ;
#1344 = VERTEX_POINT ( 'NONE', #994 ) ;
#1345 = ADVANCED_FACE ( 'NONE', ( #1383 ), #1483, .T. ) ;
#1346 = PRODUCT_CONTEXT ( 'NONE', #1524, 'mechanical' ) ;
#1347 = CARTESIAN_POINT ( 'NONE',  ( 0.000000000000000000, 0.000000000000000000, 0.000000000000000000 ) ) ;
#1348 = CARTESIAN_POINT ( 'NONE',  ( 0.000000000000000000, 0.000000000000000000, -2.000000000000000000 ) ) ;
#1349 = ORIENTED_EDGE ( 'NONE', *, *, #1283, .T. ) ;
#1350 = CARTESIAN_POINT ( 'NONE',  ( -1.999999999999999556, -1.000000000000000222, 55.00000000000000000 ) ) ;
#1351 = ORIENTED_EDGE ( 'NONE', *, *, #665, .F. ) ;
#1352 = CARTESIAN_POINT ( 'NONE',  ( 13.25000000000000178, 5.500000000000003553, -0.5000000000000000000 ) ) ;
#1353 = DIRECTION ( 'NONE',  ( -5.337610695313254343E-16, -1.000000000000000000, -0.000000000000000000 ) ) ;
#1354 = ORIENTED_EDGE ( 'NONE', *, *, #757, .T. ) ;
#1355 = EDGE_CURVE ( 'NONE', #946, #1530, #27, .T. ) ;
#1356 = CARTESIAN_POINT ( 'NONE',  ( 18.19999999999999929, 4.049999999999999822, 2.000000000000000000 ) ) ;
#1357 = ORIENTED_EDGE ( 'NONE', *, *, #825, .T. ) ;
#1358 = CARTESIAN_POINT ( 'NONE',  ( 13.25000000000000355, 5.500000000000004441, -0.5000000000000000000 ) ) ;
#1359 = ORIENTED_EDGE ( 'NONE', *, *, #388, .F. ) ;
#1360 =( LENGTH_UNIT ( ) NAMED_UNIT ( * ) SI_UNIT ( .MILLI., .METRE. ) );
#1361 = CIRCLE ( 'NONE', #947, 2.999999999999999112 ) ;
#1362 = DIRECTION ( 'NONE',  ( 1.000000000000000000, 0.000000000000000000, -6.938893903907232322E-16 ) ) ;
#1363 = ORIENTED_EDGE ( 'NONE', *, *, #844, .T. ) ;
#1364 = AXIS2_PLACEMENT_3D ( 'NONE', #682, #811, #1173 ) ;
#1365 = DIRECTION ( 'NONE',  ( 1.000000000000000000, 0.000000000000000000, 0.000000000000000000 ) ) ;
#1366 = VECTOR ( 'NONE', #1478, 1000.000000000000000 ) ;
#1367 = ADVANCED_FACE ( 'NONE', ( #511 ), #522, .F. ) ;
#1368 = MANIFOLD_SOLID_BREP ( 'Enlèv. mat.-Extru.1', #781 ) ;
#1369 = FACE_OUTER_BOUND ( 'NONE', #714, .T. ) ;
#1370 = VECTOR ( 'NONE', #1076, 1000.000000000000000 ) ;
#1371 = CARTESIAN_POINT ( 'NONE',  ( 13.29999999999999893, 4.049999999999999822, 2.000000000000000000 ) ) ;
#1372 = VERTEX_POINT ( 'NONE', #1034 ) ;
#1373 = CARTESIAN_POINT ( 'NONE',  ( 25.75000000000000711, 24.36067977499790871, 1.699197433816951167E-15 ) ) ;
#1374 = LINE ( 'NONE', #396, #1005 ) ;
#1375 = EDGE_LOOP ( 'NONE', ( #1284, #1294, #1456, #1382 ) ) ;
#1376 = VECTOR ( 'NONE', #602, 1000.000000000000000 ) ;
#1377 = CARTESIAN_POINT ( 'NONE',  ( 9.750000000000001776, -1.000000000000002442, 40.00000000000000000 ) ) ;
#1378 = ADVANCED_FACE ( 'NONE', ( #1396 ), #1140, .F. ) ;
#1379 = ORIENTED_EDGE ( 'NONE', *, *, #823, .T. ) ;
#1380 = CARTESIAN_POINT ( 'NONE',  ( 0.000000000000000000, 0.000000000000000000, 0.000000000000000000 ) ) ;
#1381 = ADVANCED_FACE ( 'NONE', ( #1511 ), #656, .F. ) ;
#1382 = ORIENTED_EDGE ( 'NONE', *, *, #1563, .F. ) ;
#1383 = FACE_OUTER_BOUND ( 'NONE', #605, .T. ) ;
#1384 = ORIENTED_EDGE ( 'NONE', *, *, #1462, .T. ) ;
#1385 = CARTESIAN_POINT ( 'NONE',  ( 30.50000000000000000, 1.000000000000003997, 2.000000000000000000 ) ) ;
#1386 = EDGE_LOOP ( 'NONE', ( #725, #33, #1183, #435 ) ) ;
#1387 = FACE_OUTER_BOUND ( 'NONE', #133, .T. ) ;
#1388 = ORIENTED_EDGE ( 'NONE', *, *, #1303, .T. ) ;
#1389 = EDGE_CURVE ( 'NONE', #837, #657, #1295, .T. ) ;
#1390 = FILL_AREA_STYLE ('',( #788 ) ) ;
#1391 = ORIENTED_EDGE ( 'NONE', *, *, #1120, .T. ) ;
#1392 = AXIS2_PLACEMENT_3D ( 'NONE', #160, #20, #884 ) ;
#1393 = LINE ( 'NONE', #556, #568 ) ;
#1394 = CARTESIAN_POINT ( 'NONE',  ( 13.25000000000000178, 3.500000000000001332, -2.000000000000000000 ) ) ;
#1395 = ORIENTED_EDGE ( 'NONE', *, *, #262, .T. ) ;
#1396 = FACE_OUTER_BOUND ( 'NONE', #1213, .T. ) ;
#1397 = ORIENTED_EDGE ( 'NONE', *, *, #619, .T. ) ;
#1398 = EDGE_CURVE ( 'NONE', #69, #1402, #839, .T. ) ;
#1399 = VECTOR ( 'NONE', #915, 1000.000000000000000 ) ;
#1400 = CARTESIAN_POINT ( 'NONE',  ( 19.74999999999999645, 3.500000000000003553, 0.000000000000000000 ) ) ;
#1401 = CYLINDRICAL_SURFACE ( 'NONE', #501, 5.999999999999998224 ) ;
#1402 = VERTEX_POINT ( 'NONE', #969 ) ;
#1403 = VERTEX_POINT ( 'NONE', #597 ) ;
#1404 = DIRECTION ( 'NONE',  ( 0.000000000000000000, 1.000000000000000000, 0.000000000000000000 ) ) ;
#1405 = EDGE_CURVE ( 'NONE', #668, #995, #1549, .T. ) ;
#1406 = DIRECTION ( 'NONE',  ( 0.000000000000000000, 0.000000000000000000, 1.000000000000000000 ) ) ;
#1407 = VERTEX_POINT ( 'NONE', #77 ) ;
#1408 = CARTESIAN_POINT ( 'NONE',  ( 13.25000000000000178, 5.500000000000004441, 0.000000000000000000 ) ) ;
#1409 = CARTESIAN_POINT ( 'NONE',  ( 13.29999999999999893, 5.949999999999999289, 2.000000000000000000 ) ) ;
#1410 = CIRCLE ( 'NONE', #590, 2.000000000000001776 ) ;
#1411 = CARTESIAN_POINT ( 'NONE',  ( 31.50000000000000000, 4.000000000000003553, 51.00000000000000000 ) ) ;
#1412 = EDGE_CURVE ( 'NONE', #397, #1237, #933, .T. ) ;
#1413 = CIRCLE ( 'NONE', #879, 1.499999999999999556 ) ;
#1414 = VERTEX_POINT ( 'NONE', #104 ) ;
#1415 = VECTOR ( 'NONE', #762, 1000.000000000000000 ) ;
#1416 = DIRECTION ( 'NONE',  ( 1.000000000000000000, -0.000000000000000000, -0.000000000000000000 ) ) ;
#1417 = CARTESIAN_POINT ( 'NONE',  ( 1.000000000000000000, 1.000000000000000000, 2.000000000000000000 ) ) ;
#1418 = DIRECTION ( 'NONE',  ( -1.000000000000000000, -1.084202172485504804E-16, 0.000000000000000000 ) ) ;
#1419 = LINE ( 'NONE', #200, #421 ) ;
#1420 = ORIENTED_EDGE ( 'NONE', *, *, #1421, .F. ) ;
#1421 = EDGE_CURVE ( 'NONE', #327, #1119, #1361, .T. ) ;
#1422 = LINE ( 'NONE', #110, #1520 ) ;
#1423 = ORIENTED_EDGE ( 'NONE', *, *, #256, .T. ) ;
#1424 = CARTESIAN_POINT ( 'NONE',  ( 18.25000000000000000, 7.000000000000005329, -2.000000000000000000 ) ) ;
#1425 = DIRECTION ( 'NONE',  ( -1.000000000000000000, -1.156482317317871725E-15, 0.000000000000000000 ) ) ;
#1426 = CARTESIAN_POINT ( 'NONE',  ( -1.999999999999999556, -1.000000000000000222, 0.000000000000000000 ) ) ;
#1427 = CARTESIAN_POINT ( 'NONE',  ( 11.75000000000000178, 3.500000000000000444, -0.5000000000000000000 ) ) ;
#1428 = ORIENTED_EDGE ( 'NONE', *, *, #294, .T. ) ;
#1429 = DIRECTION ( 'NONE',  ( 1.323094176592479975E-16, -1.000000000000000000, 0.000000000000000000 ) ) ;
#1430 = EDGE_CURVE ( 'NONE', #194, #1101, #1310, .T. ) ;
#1431 = CARTESIAN_POINT ( 'NONE',  ( 19.74999999999999645, 3.500000000000003553, -2.000000000000001776 ) ) ;
#1432 = PLANE ( 'NONE',  #1439 ) ;
#1433 = PRODUCT ( 'trappe de maintenance', 'trappe de maintenance', '', ( #1346 ) ) ;
#1434 = LINE ( 'NONE', #214, #797 ) ;
#1435 = CARTESIAN_POINT ( 'NONE',  ( 13.29999999999999893, 4.049999999999999822, 0.000000000000000000 ) ) ;
#1436 = EDGE_LOOP ( 'NONE', ( #810, #452, #900, #179 ) ) ;
#1437 = VECTOR ( 'NONE', #106, 1000.000000000000000 ) ;
#1438 = CARTESIAN_POINT ( 'NONE',  ( 21.24999999999999645, 2.000000000000002665, -0.5000000000000000000 ) ) ;
#1439 = AXIS2_PLACEMENT_3D ( 'NONE', #236, #336, #105 ) ;
#1440 = DIRECTION ( 'NONE',  ( 1.239088197126291063E-16, -1.000000000000000000, 0.000000000000000000 ) ) ;
#1441 = DIRECTION ( 'NONE',  ( -1.000000000000000000, -1.084202172485504804E-16, 0.000000000000000000 ) ) ;
#1442 = EDGE_CURVE ( 'NONE', #1053, #539, #694, .T. ) ;
#1443 = CIRCLE ( 'NONE', #314, 5.999999999999998224 ) ;
#1444 = EDGE_CURVE ( 'NONE', #393, #1022, #516, .T. ) ;
#1445 = LINE ( 'NONE', #348, #1263 ) ;
#1446 = FACE_OUTER_BOUND ( 'NONE', #130, .T. ) ;
#1447 = VECTOR ( 'NONE', #1149, 1000.000000000000000 ) ;
#1448 = ORIENTED_EDGE ( 'NONE', *, *, #889, .F. ) ;
#1449 = CARTESIAN_POINT ( 'NONE',  ( 10.25000000000000178, 3.500000000000001332, -0.5000000000000000000 ) ) ;
#1450 = LINE ( 'NONE', #1431, #240 ) ;
#1451 = CARTESIAN_POINT ( 'NONE',  ( 10.25000000000000178, 3.500000000000001332, 55.00000000000000000 ) ) ;
#1452 = ORIENTED_EDGE ( 'NONE', *, *, #918, .F. ) ;
#1453 = CARTESIAN_POINT ( 'NONE',  ( 13.25000000000000355, 5.500000000000004441, -2.000000000000000000 ) ) ;
#1454 = LINE ( 'NONE', #239, #276 ) ;
#1455 = EDGE_CURVE ( 'NONE', #732, #208, #588, .T. ) ;
#1456 = ORIENTED_EDGE ( 'NONE', *, *, #1325, .F. ) ;
#1457 = DIRECTION ( 'NONE',  ( 1.000000000000000000, -5.337610695313254343E-16, 0.000000000000000000 ) ) ;
#1458 = CARTESIAN_POINT ( 'NONE',  ( 13.29999999999999893, 4.049999999999999822, 0.000000000000000000 ) ) ;
#1459 = CYLINDRICAL_SURFACE ( 'NONE', #47, 5.000000000000000000 ) ;
#1460 = FACE_OUTER_BOUND ( 'NONE', #1250, .T. ) ;
#1461 = PLANE ( 'NONE',  #887 ) ;
#1462 = EDGE_CURVE ( 'NONE', #1237, #1244, #717, .T. ) ;
#1463 = ORIENTED_EDGE ( 'NONE', *, *, #125, .T. ) ;
#1464 = PRESENTATION_LAYER_ASSIGNMENT (  '', '', ( #241 ) ) ;
#1465 = CARTESIAN_POINT ( 'NONE',  ( 5.750000000000001776, 2.000000000000001776, -5.000000000000001776 ) ) ;
#1466 = AXIS2_PLACEMENT_3D ( 'NONE', #1064, #1547, #945 ) ;
#1467 = CARTESIAN_POINT ( 'NONE',  ( 18.25000000000000000, 5.500000000000005329, -0.5000000000000000000 ) ) ;
#1468 = ORIENTED_EDGE ( 'NONE', *, *, #812, .F. ) ;
#1469 = VECTOR ( 'NONE', #671, 1000.000000000000000 ) ;
#1470 = DIRECTION ( 'NONE',  ( 0.000000000000000000, 0.000000000000000000, 1.000000000000000000 ) ) ;
#1471 = DIRECTION ( 'NONE',  ( 1.239088197126291063E-16, -1.000000000000000000, 0.000000000000000000 ) ) ;
#1472 = ORIENTED_EDGE ( 'NONE', *, *, #224, .F. ) ;
#1473 = CARTESIAN_POINT ( 'NONE',  ( -1.999999999999999556, -1.000000000000000222, 57.00000000000000000 ) ) ;
#1474 = VERTEX_POINT ( 'NONE', #574 ) ;
#1475 = ADVANCED_FACE ( 'NONE', ( #1585 ), #949, .T. ) ;
#1476 = DIRECTION ( 'NONE',  ( 1.000000000000000000, 0.000000000000000000, 0.000000000000000000 ) ) ;
#1477 = CARTESIAN_POINT ( 'NONE',  ( 1.000000000000000000, 1.000000000000000000, 51.00000000000000000 ) ) ;
#1478 = DIRECTION ( 'NONE',  ( -1.000000000000000000, -1.224646799147353454E-16, 0.000000000000000000 ) ) ;
#1479 = PRODUCT_DEFINITION_CONTEXT ( 'detailed design', #899, 'design' ) ;
#1480 = CARTESIAN_POINT ( 'NONE',  ( 19.75000000000000000, 5.500000000000005329, 0.000000000000000000 ) ) ;
#1481 = CARTESIAN_POINT ( 'NONE',  ( 13.29999999999999893, 4.049999999999999822, 2.000000000000000000 ) ) ;
#1482 = ORIENTED_EDGE ( 'NONE', *, *, #1442, .F. ) ;
#1483 = PLANE ( 'NONE',  #923 ) ;
#1484 = ORIENTED_EDGE ( 'NONE', *, *, #600, .F. ) ;
#1485 = EDGE_CURVE ( 'NONE', #1063, #306, #1450, .T. ) ;
#1486 = EDGE_CURVE ( 'NONE', #998, #1285, #1080, .T. ) ;
#1487 = DIRECTION ( 'NONE',  ( 1.000000000000000000, 0.000000000000000000, 0.000000000000000000 ) ) ;
#1488 = EDGE_LOOP ( 'NONE', ( #533, #1174, #372, #880 ) ) ;
#1489 = LINE ( 'NONE', #846, #189 ) ;
#1490 = ORIENTED_EDGE ( 'NONE', *, *, #975, .T. ) ;
#1491 = LINE ( 'NONE', #378, #338 ) ;
#1492 = VECTOR ( 'NONE', #1327, 1000.000000000000000 ) ;
#1493 = CARTESIAN_POINT ( 'NONE',  ( 1.000000000000000000, 1.000000000000000000, 2.000000000000000000 ) ) ;
#1494 = ORIENTED_EDGE ( 'NONE', *, *, #1553, .F. ) ;
#1495 = VECTOR ( 'NONE', #1470, 1000.000000000000000 ) ;
#1496 = ADVANCED_FACE ( 'NONE', ( #220 ), #703, .F. ) ;
#1497 = DIRECTION ( 'NONE',  ( -1.239088197126291063E-16, 1.000000000000000000, -0.000000000000000000 ) ) ;
#1498 = VECTOR ( 'NONE', #1082, 1000.000000000000000 ) ;
#1499 = EDGE_CURVE ( 'NONE', #612, #1285, #97, .T. ) ;
#1500 = EDGE_LOOP ( 'NONE', ( #1097, #1069, #87, #413 ) ) ;
#1501 = DIRECTION ( 'NONE',  ( -0.000000000000000000, -0.000000000000000000, -1.000000000000000000 ) ) ;
#1502 = EDGE_LOOP ( 'NONE', ( #311, #52, #1507, #1144 ) ) ;
#1503 = AXIS2_PLACEMENT_3D ( 'NONE', #903, #31, #41 ) ;
#1504 = DIRECTION ( 'NONE',  ( -1.000000000000000000, -0.000000000000000000, -0.000000000000000000 ) ) ;
#1505 = ORIENTED_EDGE ( 'NONE', *, *, #275, .T. ) ;
#1506 = CARTESIAN_POINT ( 'NONE',  ( 21.24999999999999645, 3.500000000000002665, -0.5000000000000000000 ) ) ;
#1507 = ORIENTED_EDGE ( 'NONE', *, *, #1109, .T. ) ;
#1508 = EDGE_CURVE ( 'NONE', #489, #306, #79, .T. ) ;
#1509 = PLANE ( 'NONE',  #1162 ) ;
#1510 = ORIENTED_EDGE ( 'NONE', *, *, #938, .T. ) ;
#1511 = FACE_OUTER_BOUND ( 'NONE', #916, .T. ) ;
#1512 = VERTEX_POINT ( 'NONE', #227 ) ;
#1513 = LINE ( 'NONE', #653, #620 ) ;
#1514 = VERTEX_POINT ( 'NONE', #351 ) ;
#1515 = EDGE_CURVE ( 'NONE', #10, #393, #437, .T. ) ;
#1516 = ORIENTED_EDGE ( 'NONE', *, *, #337, .F. ) ;
#1517 = VERTEX_POINT ( 'NONE', #122 ) ;
#1518 = VECTOR ( 'NONE', #204, 1000.000000000000000 ) ;
#1519 = CARTESIAN_POINT ( 'NONE',  ( 0.000000000000000000, 0.000000000000000000, 2.000000000000000000 ) ) ;
#1520 = VECTOR ( 'NONE', #1054, 1000.000000000000000 ) ;
#1521 = VECTOR ( 'NONE', #545, 1000.000000000000000 ) ;
#1522 = DIRECTION ( 'NONE',  ( -0.000000000000000000, 0.000000000000000000, 1.000000000000000000 ) ) ;
#1523 = ORIENTED_EDGE ( 'NONE', *, *, #308, .T. ) ;
#1524 = APPLICATION_CONTEXT ( 'automotive_design' ) ;
#1525 = ORIENTED_EDGE ( 'NONE', *, *, #914, .T. ) ;
#1526 = EDGE_CURVE ( 'NONE', #1127, #446, #505, .T. ) ;
#1527 = VECTOR ( 'NONE', #1567, 1000.000000000000000 ) ;
#1528 = FACE_OUTER_BOUND ( 'NONE', #232, .T. ) ;
#1529 = CARTESIAN_POINT ( 'NONE',  ( 31.50000000000000000, 2.100000000000000089, 57.00000000000000000 ) ) ;
#1530 = VERTEX_POINT ( 'NONE', #1248 ) ;
#1531 = LINE ( 'NONE', #1163, #881 ) ;
#1532 = EDGE_CURVE ( 'NONE', #1403, #332, #858, .T. ) ;
#1533 = CARTESIAN_POINT ( 'NONE',  ( 0.000000000000000000, 4.099999999999999645, 57.00000000000000000 ) ) ;
#1534 = CARTESIAN_POINT ( 'NONE',  ( 15.74999999999999645, -1.000000000000002220, 15.00000000000000000 ) ) ;
#1535 = ORIENTED_EDGE ( 'NONE', *, *, #1100, .T. ) ;
#1536 = DIRECTION ( 'NONE',  ( -1.000000000000000000, 5.337610695313255329E-16, 0.000000000000000000 ) ) ;
#1537 =( NAMED_UNIT ( * ) PLANE_ANGLE_UNIT ( ) SI_UNIT ( $, .RADIAN. ) );
#1538 = ORIENTED_EDGE ( 'NONE', *, *, #1062, .F. ) ;
#1539 = DIRECTION ( 'NONE',  ( 0.000000000000000000, -0.000000000000000000, 1.000000000000000000 ) ) ;
#1540 = VECTOR ( 'NONE', #279, 1000.000000000000000 ) ;
#1541 = DIRECTION ( 'NONE',  ( 1.000000000000000000, 1.323094176592479975E-16, 0.000000000000000000 ) ) ;
#1542 = CARTESIAN_POINT ( 'NONE',  ( -2.000000000000000000, -2.449293598294706907E-16, 0.000000000000000000 ) ) ;
#1543 = EDGE_CURVE ( 'NONE', #1117, #1063, #743, .T. ) ;
#1544 = VECTOR ( 'NONE', #1098, 1000.000000000000000 ) ;
#1545 = ORIENTED_EDGE ( 'NONE', *, *, #357, .F. ) ;
#1546 = CIRCLE ( 'NONE', #142, 5.000000000000000000 ) ;
#1547 = DIRECTION ( 'NONE',  ( 0.000000000000000000, -0.000000000000000000, 1.000000000000000000 ) ) ;
#1548 = ORIENTED_EDGE ( 'NONE', *, *, #867, .F. ) ;
#1549 = LINE ( 'NONE', #1574, #1518 ) ;
#1550 = CARTESIAN_POINT ( 'NONE',  ( 13.25000000000000355, 5.500000000000004441, -0.5000000000000000000 ) ) ;
#1551 = CARTESIAN_POINT ( 'NONE',  ( 18.19999999999999929, 4.049999999999999822, 2.000000000000000000 ) ) ;
#1552 = CARTESIAN_POINT ( 'NONE',  ( 18.19999999999999929, 5.949999999999999289, 0.000000000000000000 ) ) ;
#1553 = EDGE_CURVE ( 'NONE', #382, #739, #292, .T. ) ;
#1554 = ORIENTED_EDGE ( 'NONE', *, *, #525, .T. ) ;
#1555 = FACE_OUTER_BOUND ( 'NONE', #1141, .T. ) ;
#1556 = DIRECTION ( 'NONE',  ( -1.239088197126291063E-16, 1.000000000000000000, -0.000000000000000000 ) ) ;
#1557 = CARTESIAN_POINT ( 'NONE',  ( 21.24999999999999645, 2.000000000000002665, 0.000000000000000000 ) ) ;
#1558 = CARTESIAN_POINT ( 'NONE',  ( 31.50000000000000000, 4.102566777143633774E-15, 0.000000000000000000 ) ) ;
#1559 = FACE_OUTER_BOUND ( 'NONE', #677, .T. ) ;
#1560 = ORIENTED_EDGE ( 'NONE', *, *, #964, .F. ) ;
#1561 = EDGE_CURVE ( 'NONE', #218, #1474, #254, .T. ) ;
#1562 = CARTESIAN_POINT ( 'NONE',  ( 19.74999999999999645, 3.500000000000003553, -0.5000000000000000000 ) ) ;
#1563 = EDGE_CURVE ( 'NONE', #1372, #579, #1491, .T. ) ;
#1564 = DIRECTION ( 'NONE',  ( -1.239088197126291063E-16, 1.000000000000000000, -0.000000000000000000 ) ) ;
#1565 = DIRECTION ( 'NONE',  ( 1.323094176592479975E-16, -1.000000000000000000, 0.000000000000000000 ) ) ;
#1566 = CARTESIAN_POINT ( 'NONE',  ( 19.74999999999999645, 0.5000000000000056621, -2.000000000000000000 ) ) ;
#1567 = DIRECTION ( 'NONE',  ( 1.000000000000000000, 1.239088197126291063E-16, -0.000000000000000000 ) ) ;
#1568 = VECTOR ( 'NONE', #1249, 1000.000000000000000 ) ;
#1569 = VERTEX_POINT ( 'NONE', #270 ) ;
#1570 = CIRCLE ( 'NONE', #695, 1.500000000000000000 ) ;
#1571 = FACE_OUTER_BOUND ( 'NONE', #736, .T. ) ;
#1572 = ORIENTED_EDGE ( 'NONE', *, *, #986, .T. ) ;
#1573 = VECTOR ( 'NONE', #313, 1000.000000000000000 ) ;
#1574 = CARTESIAN_POINT ( 'NONE',  ( -1.999999999999999556, -1.000000000000000222, 0.000000000000000000 ) ) ;
#1575 = CARTESIAN_POINT ( 'NONE',  ( 25.75000000000000711, 2.000000000000003109, 0.000000000000000000 ) ) ;
#1576 = VERTEX_POINT ( 'NONE', #1121 ) ;
#1577 = EDGE_CURVE ( 'NONE', #136, #1127, #520, .T. ) ;
#1578 = CARTESIAN_POINT ( 'NONE',  ( 1.000000000000000000, 1.000000000000000000, 2.000000000000000000 ) ) ;
#1579 = PLANE ( 'NONE',  #1166 ) ;
#1580 = AXIS2_PLACEMENT_3D ( 'NONE', #182, #1061, #1029 ) ;
#1581 = AXIS2_PLACEMENT_3D ( 'NONE', #1330, #1471, #584 ) ;
#1582 = ORIENTED_EDGE ( 'NONE', *, *, #1091, .T. ) ;
#1583 = FACE_OUTER_BOUND ( 'NONE', #1007, .T. ) ;
#1584 = EDGE_LOOP ( 'NONE', ( #645, #281, #854, #1016, #1012, #773, #1490, #806, #225 ) ) ;
#1585 = FACE_OUTER_BOUND ( 'NONE', #1500, .T. ) ;
#1586 = CYLINDRICAL_SURFACE ( 'NONE', #747, 1.500000000000000000 ) ;
#1587 = EDGE_CURVE ( 'NONE', #654, #849, #19, .T. ) ;
#1588 = CARTESIAN_POINT ( 'NONE',  ( 13.25000000000000178, 7.000000000000003553, -2.000000000000000000 ) ) ;
#1589 = CARTESIAN_POINT ( 'NONE',  ( 36.01774279923060362, 2.100000000000000089, 55.00000000000000000 ) ) ;
#1590 = ORIENTED_EDGE ( 'NONE', *, *, #495, .F. ) ;
#1591 = LINE ( 'NONE', #1111, #1135 ) ;
ENDSEC;
END-ISO-10303-21;
